rainfall,soil_moisture,slope_angle,vibration,pore_water_pressure,temperature,risk_score,risk_level
2.35,29.03,22.65,0.478,1.78,21.4,8.9,Safe
15.05,11.1,16.54,0.223,13.44,22.1,2.4,Safe
6.58,30.88,46.19,0.355,4.79,25.1,18.7,Safe
4.56,44.13,25.35,0.04,3.03,30.3,9.5,Safe
0.85,40.38,29.61,0.033,13.88,30.2,15.2,Safe
0.85,39.28,18.78,0.01,9.34,19.4,7.7,Safe
0.3,32.2,42.62,0.184,2.87,23.2,20.9,Safe
10.06,22.21,15.91,0.416,9.44,23.1,1.3,Safe
4.6,40.15,42.52,0.031,2.07,15.9,20.3,Safe
6.16,26.66,19.63,0.152,1.05,28.3,0.0,Safe
0.1,56.84,44.26,0.206,1.06,25.0,24.2,Safe
17.52,40.71,39.08,0.394,4.34,25.5,22.0,Safe
8.93,29.19,20.43,0.156,2.78,31.4,4.2,Safe
1.19,28.89,33.67,0.527,4.3,26.4,9.0,Safe
1.0,34.07,25.32,0.063,4.63,24.3,6.4,Safe
1.01,32.6,20.88,0.065,0.09,28.3,9.2,Safe
1.81,46.17,43.35,0.117,0.22,30.2,21.8,Safe
3.72,36.86,28.32,0.073,3.04,27.2,8.9,Safe
2.83,27.68,28.15,0.01,0.85,28.8,7.8,Safe
1.72,53.9,20.61,0.197,4.0,25.4,8.2,Safe
4.73,35.49,27.64,0.209,3.21,25.7,6.2,Safe
0.75,42.69,43.76,0.206,3.53,26.5,17.7,Safe
1.73,28.92,26.98,0.063,1.44,23.0,6.0,Safe
2.28,38.63,46.4,0.111,4.08,23.7,21.2,Safe
3.04,38.11,46.23,0.067,7.08,31.5,27.7,Safe
7.69,16.1,19.78,0.01,25.0,34.0,6.3,Safe
1.11,55.15,20.85,0.124,7.29,32.4,6.4,Safe
3.61,47.91,43.47,0.02,3.26,20.7,22.3,Safe
4.49,31.03,27.96,0.013,0.86,20.3,3.6,Safe
0.24,23.98,15.14,0.211,4.58,21.2,0.0,Safe
4.68,38.48,24.04,0.01,11.1,26.5,6.8,Safe
0.93,35.87,34.72,0.479,0.95,14.8,9.8,Safe
0.34,38.56,41.38,0.109,1.18,23.6,21.0,Safe
14.87,36.92,19.4,0.611,0.65,31.6,8.4,Safe
16.85,40.06,18.65,0.01,5.34,29.9,2.4,Safe
8.26,49.47,45.43,0.131,2.09,24.0,21.6,Safe
1.82,40.68,39.79,0.064,0.26,24.3,14.1,Safe
0.51,24.5,34.46,0.278,8.32,28.3,12.9,Safe
5.76,48.63,40.38,0.067,3.26,29.7,21.0,Safe
2.9,51.41,29.15,0.045,1.61,23.9,13.2,Safe
0.65,66.52,40.03,0.292,1.69,25.1,20.7,Safe
3.42,23.77,27.27,0.07,1.37,23.7,7.1,Safe
0.17,37.43,23.06,0.01,2.43,20.7,6.2,Safe
12.0,14.18,39.06,0.074,1.64,25.1,17.8,Safe
1.5,40.53,28.85,0.159,3.18,24.8,12.9,Safe
5.43,29.52,47.39,0.044,5.94,21.0,18.4,Safe
1.87,54.23,26.53,0.085,4.49,28.6,6.4,Safe
3.67,27.25,45.42,0.01,1.4,27.9,18.1,Safe
3.96,18.11,45.79,0.133,3.01,28.8,16.3,Safe
1.02,30.29,22.98,0.212,7.33,22.9,4.5,Safe
17.46,15.25,41.34,0.08,0.28,18.1,14.7,Safe
7.46,42.51,29.29,0.082,0.33,27.9,12.9,Safe
14.03,14.35,45.28,0.014,3.25,23.3,15.4,Safe
11.26,35.28,29.85,0.034,4.08,22.4,16.4,Safe
4.56,14.22,39.56,0.025,0.95,21.0,11.8,Safe
12.75,31.8,30.41,0.099,5.47,24.9,13.9,Safe
0.46,51.43,22.52,0.113,4.16,32.3,6.3,Safe
1.09,38.61,21.58,0.446,10.27,24.0,4.2,Safe
0.23,26.37,29.04,0.011,0.74,21.6,7.9,Safe
1.97,34.69,39.93,0.137,5.57,28.6,14.6,Safe
2.46,35.18,34.97,0.112,0.35,26.7,13.8,Safe
1.58,39.73,37.72,0.109,3.33,17.5,16.5,Safe
8.82,21.33,24.32,0.31,3.21,28.6,5.3,Safe
2.21,40.93,30.89,0.035,1.97,34.5,12.2,Safe
1.65,10.0,16.47,0.01,7.45,15.6,4.3,Safe
3.91,28.7,41.98,0.167,0.02,21.1,16.5,Safe
0.76,30.12,47.67,0.064,2.94,14.6,16.7,Safe
8.1,41.33,28.43,0.01,0.98,25.7,11.6,Safe
0.39,35.23,15.36,0.043,5.44,30.0,3.2,Safe
21.67,20.94,20.6,0.056,0.18,26.4,4.0,Safe
7.4,25.15,36.53,0.144,7.12,31.6,18.5,Safe
1.11,36.99,35.2,0.028,7.28,29.3,14.3,Safe
0.03,34.21,41.0,0.08,7.16,32.8,22.1,Safe
8.45,29.21,23.38,0.099,0.66,30.6,4.7,Safe
6.14,30.19,40.2,0.092,3.98,24.4,19.3,Safe
6.53,41.96,37.7,0.547,0.06,26.3,17.6,Safe
7.38,29.82,25.65,0.01,7.53,22.5,9.1,Safe
0.38,34.12,33.0,0.452,5.13,25.1,8.8,Safe
2.22,56.7,19.86,0.131,3.03,26.2,12.2,Safe
0.62,20.76,29.93,0.238,5.25,25.7,10.3,Safe
9.94,16.48,44.08,0.084,0.4,31.4,19.6,Safe
4.88,42.84,28.9,0.091,3.01,24.7,8.0,Safe
2.01,28.21,42.71,0.317,1.38,22.3,18.0,Safe
0.33,31.82,34.48,0.339,14.39,22.5,15.7,Safe
1.86,27.19,21.33,0.041,7.78,28.6,2.6,Safe
1.97,32.4,34.18,0.033,5.29,20.4,16.5,Safe
6.54,50.99,31.7,0.103,10.86,25.2,16.6,Safe
5.07,43.02,28.16,0.346,1.7,31.3,11.4,Safe
10.91,43.62,18.95,0.058,9.25,27.2,7.7,Safe
3.2,20.84,28.75,0.158,1.57,25.7,6.1,Safe
0.64,23.49,17.4,0.185,5.28,25.9,3.1,Safe
6.25,10.0,18.26,0.226,5.33,21.9,3.6,Safe
7.15,26.91,28.73,0.124,0.07,22.6,9.4,Safe
4.12,44.57,25.08,0.077,1.79,25.2,11.4,Safe
7.37,40.17,45.54,0.512,0.08,27.1,22.1,Safe
3.4,32.78,27.4,0.142,23.36,29.8,11.3,Safe
3.7,34.78,40.01,0.196,0.52,26.4,15.4,Safe
2.79,28.11,32.5,0.063,3.13,31.4,9.7,Safe
0.13,37.05,38.23,0.166,6.25,32.4,19.8,Safe
0.57,42.66,23.58,0.045,0.9,29.2,6.9,Safe
0.16,18.84,46.08,0.042,2.65,30.9,19.5,Safe
5.06,38.0,32.49,0.188,3.74,22.0,14.3,Safe
1.89,44.32,42.43,0.111,0.7,21.4,17.8,Safe
3.55,30.85,27.05,0.172,6.03,28.1,5.6,Safe
11.91,42.01,18.31,0.047,1.42,20.6,1.0,Safe
1.43,63.15,37.23,0.137,0.95,24.8,17.6,Safe
2.64,33.96,15.26,0.088,3.27,29.1,4.5,Safe
7.04,38.93,30.68,0.136,2.11,31.7,15.5,Safe
1.3,27.62,21.36,0.052,10.12,25.0,5.8,Safe
0.4,36.81,35.7,0.189,8.48,23.4,18.3,Safe
1.71,39.6,47.32,0.246,2.64,27.3,21.8,Safe
0.88,36.95,30.33,0.045,1.78,21.7,9.2,Safe
13.27,24.8,41.98,0.054,1.58,25.3,19.5,Safe
8.25,37.06,31.76,0.162,1.25,26.0,13.2,Safe
5.02,49.62,31.36,0.178,3.15,25.9,16.2,Safe
10.26,39.49,45.7,0.183,6.54,26.4,24.8,Safe
8.14,44.62,44.37,0.172,1.49,22.7,21.9,Safe
1.03,32.63,40.93,0.075,0.84,23.1,15.9,Safe
11.15,42.5,24.78,0.075,2.58,23.0,9.9,Safe
3.88,37.79,32.99,0.044,0.29,19.5,13.2,Safe
8.24,25.49,22.39,0.026,4.83,27.4,3.4,Safe
11.32,38.19,29.65,0.177,2.92,29.6,11.9,Safe
1.91,25.08,30.98,0.015,2.74,29.2,5.9,Safe
0.58,28.67,42.44,0.417,1.43,25.0,16.7,Safe
1.29,36.89,44.57,0.263,9.4,22.8,20.4,Safe
2.79,37.97,28.68,0.292,0.38,29.0,2.9,Safe
8.52,23.11,15.58,0.356,8.16,28.6,8.5,Safe
9.86,45.54,43.44,0.079,1.89,26.9,20.6,Safe
0.03,40.72,20.75,0.281,8.5,33.0,4.5,Safe
3.57,27.95,35.52,0.026,5.22,25.9,17.6,Safe
2.7,19.62,15.82,0.01,0.44,25.0,0.0,Safe
1.26,33.55,28.18,0.23,7.12,24.4,6.9,Safe
0.64,30.54,47.54,0.012,4.59,19.8,20.4,Safe
2.06,36.13,18.32,0.67,0.13,28.6,3.9,Safe
14.32,31.37,28.98,0.168,0.57,25.6,9.2,Safe
1.95,14.93,25.14,0.21,4.04,28.0,4.3,Safe
3.66,31.12,44.87,0.042,4.35,33.4,19.4,Safe
6.07,31.94,43.69,0.168,5.49,24.4,24.5,Safe
2.26,41.34,22.84,0.01,5.1,16.6,3.1,Safe
17.84,28.02,17.68,0.273,4.31,27.9,6.6,Safe
16.41,51.79,35.7,0.028,5.81,26.7,23.3,Safe
1.45,15.88,26.1,0.179,3.42,23.1,5.3,Safe
3.44,48.11,37.18,0.038,1.21,27.6,18.1,Safe
1.79,32.76,16.06,0.011,9.74,29.1,2.4,Safe
1.68,43.6,19.4,0.099,0.07,22.2,0.5,Safe
0.19,35.8,37.65,0.028,1.83,24.8,18.0,Safe
4.7,46.4,22.01,0.196,5.22,31.9,8.0,Safe
3.49,31.13,43.3,0.041,2.23,23.1,16.9,Safe
0.26,24.01,16.93,0.063,0.1,26.3,0.0,Safe
1.63,49.21,22.11,0.126,0.27,15.5,8.4,Safe
11.94,33.87,47.95,0.05,4.18,20.1,24.5,Safe
1.37,37.22,29.29,0.071,13.39,26.6,13.9,Safe
0.78,47.35,38.2,0.254,3.21,30.9,19.9,Safe
3.36,24.68,21.03,0.03,2.83,20.6,2.2,Safe
21.22,40.95,35.13,0.013,1.53,26.3,8.4,Safe
1.39,29.1,38.96,0.06,1.19,24.5,14.4,Safe
5.58,33.68,25.38,0.083,0.08,29.8,7.2,Safe
7.17,35.72,42.35,0.117,1.28,21.1,19.6,Safe
1.36,20.0,34.91,0.07,2.38,27.7,14.9,Safe
6.51,27.21,27.84,0.234,0.88,23.4,8.8,Safe
2.29,48.51,33.4,0.01,0.37,26.9,15.9,Safe
5.0,43.86,34.03,0.085,5.06,26.3,16.4,Safe
5.02,34.37,20.46,0.072,9.0,25.0,2.4,Safe
3.84,37.43,28.29,0.156,11.04,27.9,8.6,Safe
0.47,32.06,26.33,0.508,3.85,26.2,12.2,Safe
9.02,48.57,28.23,0.107,0.22,25.5,9.5,Safe
1.93,33.0,40.12,0.65,5.4,24.6,19.9,Safe
1.03,37.32,30.92,0.054,0.47,26.3,8.4,Safe
0.21,46.46,46.03,0.01,4.43,26.9,25.3,Safe
4.47,27.23,24.69,0.027,6.04,22.0,7.8,Safe
5.66,50.59,28.72,0.075,5.18,24.6,12.0,Safe
0.08,19.7,40.97,0.057,12.14,21.8,18.5,Safe
3.59,51.3,33.02,0.015,5.36,25.8,16.2,Safe
1.28,31.27,33.05,0.085,4.73,23.6,10.6,Safe
5.18,32.57,16.76,0.062,1.21,29.1,2.6,Safe
0.96,16.1,28.15,0.02,10.35,28.7,10.4,Safe
5.87,30.45,23.93,0.053,0.79,22.3,9.2,Safe
2.44,24.6,47.98,0.326,9.41,26.0,22.3,Safe
13.8,28.92,25.18,0.054,1.5,28.6,12.3,Safe
0.74,33.63,44.19,0.188,0.56,25.3,16.9,Safe
2.09,44.58,37.32,0.142,7.01,23.1,14.3,Safe
0.6,37.08,26.25,0.084,0.01,21.6,4.5,Safe
12.93,38.08,32.94,0.041,7.14,29.4,15.1,Safe
10.49,24.04,42.74,0.069,1.22,29.6,17.4,Safe
1.49,26.19,44.15,0.135,8.64,25.2,19.9,Safe
5.39,52.99,20.29,0.065,4.7,29.1,5.3,Safe
8.5,27.65,26.21,0.036,4.39,14.1,11.8,Safe
4.05,51.56,26.06,0.019,1.82,31.3,13.8,Safe
3.77,32.57,16.39,0.318,0.24,25.4,0.0,Safe
1.38,35.02,34.74,0.087,7.09,26.6,14.3,Safe
0.49,45.7,43.21,0.147,0.75,24.7,20.8,Safe
11.38,47.72,27.59,0.101,1.86,31.6,13.4,Safe
11.53,33.89,39.42,0.309,3.67,21.8,14.9,Safe
5.01,31.12,35.71,0.119,2.63,31.9,9.8,Safe
2.07,34.44,27.4,0.098,0.89,27.6,5.7,Safe
2.15,38.38,19.65,0.388,0.61,28.5,9.1,Safe
6.47,43.91,38.41,0.191,0.53,24.7,16.4,Safe
11.37,35.04,43.2,0.018,7.95,20.8,23.9,Safe
10.91,41.19,37.63,0.029,0.13,29.7,18.5,Safe
7.57,51.38,15.59,0.232,15.09,27.2,5.1,Safe
5.14,38.81,22.14,0.271,0.89,31.4,8.9,Safe
0.44,38.12,17.29,0.118,0.47,25.2,0.0,Safe
0.88,19.81,33.82,0.121,3.44,24.3,9.7,Safe
11.44,10.0,39.96,0.15,0.33,31.6,9.5,Safe
4.66,38.88,18.65,0.087,3.69,33.6,4.7,Safe
0.05,34.05,42.67,0.171,7.61,26.0,17.8,Safe
0.53,29.85,33.33,0.017,0.2,23.0,16.6,Safe
5.45,37.44,37.77,0.488,6.44,29.2,18.8,Safe
0.03,34.4,47.06,0.208,2.01,25.0,23.2,Safe
0.88,46.28,17.76,0.15,0.69,28.4,5.8,Safe
3.98,35.86,44.74,0.057,0.77,25.0,19.7,Safe
5.89,27.53,19.16,0.026,10.04,32.3,7.0,Safe
5.28,44.9,27.97,0.079,0.47,23.2,10.7,Safe
1.27,32.83,43.1,0.163,8.06,27.9,21.3,Safe
6.23,40.27,44.91,0.151,3.14,24.0,28.3,Safe
1.35,30.23,31.71,0.072,0.16,24.9,10.9,Safe
1.97,28.5,34.61,0.143,2.5,24.4,11.3,Safe
6.86,35.84,38.37,0.252,6.8,29.0,16.6,Safe
5.24,35.13,42.48,0.01,5.18,29.7,19.4,Safe
9.46,39.8,19.01,0.09,2.68,28.2,5.3,Safe
5.36,32.31,41.73,0.213,7.87,25.6,20.0,Safe
4.2,16.64,30.88,0.118,0.51,26.6,5.1,Safe
0.49,30.67,29.87,0.158,9.63,29.6,5.7,Safe
2.29,42.94,28.99,0.109,7.49,29.7,9.7,Safe
1.54,32.03,31.8,0.722,4.93,15.2,13.8,Safe
1.4,32.54,46.19,0.01,6.81,24.9,21.5,Safe
18.06,44.86,33.09,0.101,3.14,25.1,17.4,Safe
2.5,27.88,46.45,0.014,4.5,28.7,20.8,Safe
11.13,19.57,20.95,0.026,3.29,25.7,3.1,Safe
4.99,33.39,38.9,0.072,1.76,28.9,13.6,Safe
7.92,30.16,41.8,0.025,3.37,21.7,19.4,Safe
3.49,25.34,37.41,0.497,1.19,27.0,15.2,Safe
4.3,33.25,35.03,0.44,2.32,29.6,12.1,Safe
3.39,39.92,33.64,0.061,1.32,20.1,15.1,Safe
1.09,34.91,43.41,0.153,0.52,36.1,20.9,Safe
6.41,38.07,42.11,0.114,1.55,30.8,21.4,Safe
1.65,53.13,19.04,0.254,7.64,26.0,9.2,Safe
0.12,31.57,43.0,0.148,1.92,22.7,15.9,Safe
5.18,37.78,28.66,0.01,5.51,25.3,13.0,Safe
0.97,29.91,23.37,0.216,0.77,26.3,5.7,Safe
14.11,26.54,43.7,0.206,2.21,27.8,24.9,Safe
15.39,29.15,29.26,0.107,0.49,32.0,12.8,Safe
12.32,30.21,41.68,0.35,0.6,24.1,20.0,Safe
2.31,38.59,23.69,0.359,3.84,28.3,12.5,Safe
0.08,58.49,15.13,0.111,3.74,20.8,2.5,Safe
13.18,27.84,31.35,0.14,0.96,24.3,13.0,Safe
2.79,30.83,18.31,0.849,2.57,27.5,11.1,Safe
17.0,34.37,39.89,0.053,7.96,28.8,22.4,Safe
16.57,38.96,24.11,0.059,0.77,23.0,8.8,Safe
9.59,37.64,29.64,0.03,0.08,24.2,10.3,Safe
1.74,47.84,17.87,0.339,4.22,31.8,3.0,Safe
2.43,10.74,24.46,0.205,0.22,30.6,4.9,Safe
9.52,11.13,40.79,0.017,15.64,26.8,16.9,Safe
1.91,30.04,20.0,0.601,3.76,17.1,5.2,Safe
0.93,45.97,36.36,0.197,2.54,36.0,16.4,Safe
4.07,19.34,45.28,0.285,2.25,25.9,20.2,Safe
13.76,10.0,37.43,0.01,3.4,24.7,13.3,Safe
5.95,40.71,41.76,0.105,0.38,23.9,17.8,Safe
4.22,37.44,18.6,0.18,10.64,27.5,7.6,Safe
0.51,24.1,23.27,0.117,3.93,27.5,7.3,Safe
4.77,25.14,44.52,0.165,0.81,29.8,17.2,Safe
23.05,25.3,38.6,0.255,3.31,22.3,19.6,Safe
0.75,36.11,36.11,0.07,0.57,24.8,13.3,Safe
3.65,28.74,36.9,0.283,0.07,34.1,13.6,Safe
10.49,39.94,28.67,0.027,3.98,26.9,15.3,Safe
6.75,10.0,16.47,0.047,4.18,25.3,1.4,Safe
5.97,26.43,40.89,0.01,3.51,22.2,15.5,Safe
6.06,23.74,37.4,0.068,0.81,28.0,13.5,Safe
2.23,32.44,30.6,0.072,3.7,30.1,6.0,Safe
1.74,29.62,44.69,0.245,0.23,29.5,18.0,Safe
8.29,42.98,26.09,0.159,3.76,25.0,10.9,Safe
8.31,16.41,24.71,0.086,3.23,27.4,11.4,Safe
10.09,35.45,43.8,0.158,4.26,32.7,21.8,Safe
12.22,40.58,41.3,0.01,9.03,30.3,23.1,Safe
3.58,53.57,31.99,0.03,7.6,22.9,16.5,Safe
3.48,30.18,19.31,0.148,15.78,15.8,11.4,Safe
8.0,38.24,22.1,0.154,14.96,27.2,11.1,Safe
5.25,16.96,36.66,0.223,5.92,29.2,10.2,Safe
6.05,11.08,27.71,0.077,12.53,21.6,12.6,Safe
7.94,43.45,42.6,0.192,8.08,26.0,20.9,Safe
11.04,34.94,46.35,0.173,5.2,24.9,22.1,Safe
2.06,46.79,41.59,0.496,0.31,26.4,17.7,Safe
2.35,21.27,27.46,0.036,0.2,23.8,11.5,Safe
0.49,40.2,41.03,0.12,7.27,31.2,22.7,Safe
4.32,53.69,26.6,0.138,2.69,26.6,14.3,Safe
0.18,39.2,20.51,0.991,6.74,22.5,11.0,Safe
3.13,37.77,16.1,0.034,1.5,29.7,4.1,Safe
3.91,35.09,27.73,0.111,2.03,20.9,8.7,Safe
1.69,19.29,44.82,0.064,4.82,31.1,17.8,Safe
4.47,48.56,22.89,0.112,9.88,30.0,7.8,Safe
0.15,28.89,21.81,0.04,0.37,31.6,2.4,Safe
0.19,40.04,47.0,0.01,7.91,25.4,22.2,Safe
8.65,19.37,15.83,0.127,6.3,24.0,7.9,Safe
2.23,23.21,40.93,0.061,1.52,26.3,13.9,Safe
0.68,49.35,25.61,0.03,1.76,25.7,11.7,Safe
3.69,31.53,16.24,0.059,0.19,23.4,7.2,Safe
7.35,49.53,45.29,0.01,0.06,23.8,25.5,Safe
1.22,34.22,19.61,0.451,2.59,24.5,3.4,Safe
4.88,16.58,33.21,0.131,0.4,21.3,8.6,Safe
0.45,43.92,24.04,0.253,0.86,28.7,8.4,Safe
0.27,29.1,17.15,0.083,7.5,25.8,8.6,Safe
3.79,41.99,16.65,0.35,3.39,24.8,7.8,Safe
3.89,35.25,18.81,0.099,4.02,21.6,5.6,Safe
5.07,19.57,17.36,0.128,0.83,21.4,1.5,Safe
6.47,36.64,40.1,0.102,7.06,33.7,20.2,Safe
18.62,56.96,31.02,0.198,8.1,23.5,18.2,Safe
3.63,39.93,26.32,0.125,2.96,28.4,9.8,Safe
1.95,34.42,28.81,0.048,9.75,26.7,8.8,Safe
7.93,45.75,45.66,0.024,7.45,14.9,21.2,Safe
1.58,37.11,45.05,0.14,5.26,33.2,22.4,Safe
2.89,37.1,38.62,0.101,5.3,28.7,14.4,Safe
0.41,24.08,44.19,0.015,0.45,22.9,14.6,Safe
0.13,37.34,25.55,0.076,1.26,25.9,7.9,Safe
16.44,45.35,27.58,0.108,0.28,21.4,12.4,Safe
9.04,26.64,35.25,0.263,0.03,33.3,16.2,Safe
5.95,49.24,35.58,0.012,0.69,22.4,13.3,Safe
2.63,34.08,30.9,0.064,8.5,23.9,9.1,Safe
0.95,26.12,28.22,0.259,1.1,23.1,11.8,Safe
0.85,44.98,47.54,0.157,14.05,26.3,32.1,Safe
1.44,32.13,42.1,0.051,3.64,31.5,15.2,Safe
3.98,42.6,29.35,0.28,1.08,33.2,9.7,Safe
6.27,32.08,39.0,0.102,2.75,24.4,17.9,Safe
5.4,34.4,23.9,0.103,0.99,27.5,7.1,Safe
1.64,39.94,18.31,0.563,16.53,26.3,7.3,Safe
15.49,37.91,26.63,0.441,7.52,22.1,10.2,Safe
6.7,15.04,28.3,0.067,0.11,35.7,9.5,Safe
4.04,23.79,15.55,0.023,11.81,31.5,1.5,Safe
4.73,44.29,41.89,0.059,5.11,26.8,20.4,Safe
2.72,33.68,26.85,0.01,0.34,32.3,5.2,Safe
1.42,29.76,34.15,0.01,4.44,30.8,14.5,Safe
2.2,21.41,17.44,0.076,4.16,26.3,1.3,Safe
7.09,24.2,20.77,0.425,0.99,27.3,5.1,Safe
0.07,14.78,44.36,0.308,5.68,32.0,20.6,Safe
0.62,33.99,35.09,0.107,0.36,22.2,10.5,Safe
0.24,29.02,46.36,0.125,2.69,32.7,19.2,Safe
0.21,25.33,47.96,0.01,0.04,25.1,14.4,Safe
9.67,34.32,27.27,0.036,13.86,32.1,10.1,Safe
6.08,38.64,24.86,0.01,5.57,26.0,11.8,Safe
3.21,55.93,43.33,0.211,0.69,27.4,19.7,Safe
0.51,19.88,47.95,0.024,1.67,25.9,18.3,Safe
3.38,46.59,35.78,0.305,0.7,23.9,20.6,Safe
3.21,44.73,41.24,0.155,5.82,24.9,22.3,Safe
0.95,27.21,40.8,0.039,0.24,31.5,13.5,Safe
2.84,37.03,26.73,0.026,7.34,16.7,6.8,Safe
2.54,30.42,33.95,0.148,11.4,21.0,9.8,Safe
4.78,36.86,42.49,0.347,4.52,23.1,24.6,Safe
5.04,50.09,37.71,0.19,0.96,21.7,17.5,Safe
0.23,41.06,15.7,0.064,1.79,32.0,0.0,Safe
2.35,40.09,26.11,0.133,2.59,31.0,6.5,Safe
4.92,30.7,19.77,0.056,3.71,28.4,1.7,Safe
3.5,20.16,22.69,1.06,4.42,23.4,6.6,Safe
9.71,32.92,44.88,0.207,3.23,31.3,27.5,Safe
5.37,47.07,16.22,0.143,1.73,19.6,6.0,Safe
0.89,19.73,22.25,0.083,8.86,34.6,6.4,Safe
0.37,24.45,25.22,0.144,0.34,23.3,9.2,Safe
5.14,36.26,35.36,0.063,2.51,25.0,19.1,Safe
0.13,25.15,32.63,0.01,5.98,24.3,12.4,Safe
4.41,27.07,22.2,0.075,0.25,21.7,8.6,Safe
14.09,30.76,20.42,0.4,4.89,33.7,5.0,Safe
4.28,21.34,22.81,0.148,6.85,29.2,3.7,Safe
2.46,25.26,31.58,0.013,4.33,30.9,7.9,Safe
5.15,42.03,23.95,0.324,0.05,21.1,9.1,Safe
3.06,21.93,46.27,0.047,0.79,26.7,10.9,Safe
3.94,19.02,30.31,0.042,1.67,28.1,12.0,Safe
14.19,28.7,16.94,0.053,1.06,27.1,1.6,Safe
2.44,42.32,39.07,0.129,13.15,21.4,22.7,Safe
16.25,33.03,25.85,0.118,4.22,30.3,6.1,Safe
11.79,30.35,36.57,0.101,1.41,26.5,17.9,Safe
1.09,35.44,24.23,0.19,10.62,22.2,12.1,Safe
0.36,17.54,33.83,0.057,5.4,18.6,11.3,Safe
0.53,39.95,40.48,0.229,1.34,28.4,19.4,Safe
0.09,38.83,45.62,0.029,1.9,35.8,18.1,Safe
0.5,30.91,23.62,0.229,0.89,21.9,6.5,Safe
5.74,45.06,26.05,0.164,14.17,26.7,14.3,Safe
0.37,23.73,30.32,0.172,2.91,30.4,8.7,Safe
1.92,46.28,45.6,0.099,9.06,20.9,28.9,Safe
9.32,36.54,44.75,0.165,1.7,24.1,17.1,Safe
0.12,31.63,17.97,0.012,7.89,22.6,2.6,Safe
8.42,34.8,19.35,0.286,0.22,29.9,0.2,Safe
1.66,33.93,31.35,0.01,16.09,31.3,14.5,Safe
0.63,47.2,18.52,0.024,9.72,26.6,4.8,Safe
5.97,24.23,26.4,0.129,1.81,22.6,7.1,Safe
4.96,27.37,19.9,0.202,5.96,24.2,6.7,Safe
10.5,45.36,35.99,0.012,5.58,23.5,17.1,Safe
6.64,29.04,46.33,0.38,9.26,22.1,30.5,Safe
8.13,44.01,47.89,0.545,1.47,25.6,28.4,Safe
1.66,51.99,27.38,0.14,2.51,28.3,11.4,Safe
0.98,30.98,34.77,0.098,8.01,28.0,12.4,Safe
6.94,41.81,43.26,0.203,6.03,26.0,20.4,Safe
8.22,23.46,18.88,0.06,2.0,26.2,4.4,Safe
23.29,42.55,37.76,0.102,7.48,25.7,19.9,Safe
2.66,36.99,28.49,0.372,0.19,20.8,13.0,Safe
2.33,39.73,21.8,0.467,6.09,26.6,7.6,Safe
7.49,28.54,28.29,0.393,0.93,23.7,9.8,Safe
2.08,18.39,17.51,0.046,1.35,20.6,2.0,Safe
13.35,40.03,37.95,0.04,2.72,27.5,17.7,Safe
9.77,14.37,23.34,0.053,2.39,23.6,6.3,Safe
2.8,31.83,25.28,0.087,2.94,26.9,12.7,Safe
6.95,44.41,19.0,0.057,3.15,29.4,6.6,Safe
7.02,36.92,43.53,0.07,1.61,22.2,21.2,Safe
0.54,54.48,31.28,0.145,0.77,26.4,15.9,Safe
11.64,45.25,33.88,0.216,5.85,18.8,16.8,Safe
3.52,28.46,33.79,0.2,2.04,32.1,10.0,Safe
8.76,35.27,28.55,0.253,2.82,20.6,3.5,Safe
1.93,34.53,21.35,0.01,4.14,23.9,0.2,Safe
11.29,19.18,39.59,0.01,9.62,31.4,18.7,Safe
2.46,25.6,19.19,0.234,4.92,25.1,5.0,Safe
0.05,29.39,18.43,0.114,0.19,21.2,2.5,Safe
11.79,14.64,38.43,0.129,7.29,28.9,21.9,Safe
0.48,35.47,21.89,0.01,18.17,28.8,7.5,Safe
1.92,32.51,25.12,0.044,2.56,23.5,1.4,Safe
14.98,18.27,30.68,0.153,13.97,23.9,14.7,Safe
15.04,39.04,29.83,0.294,3.17,24.3,16.2,Safe
4.26,42.16,38.38,0.373,2.46,25.2,20.2,Safe
5.0,37.27,35.57,0.104,1.61,18.4,17.7,Safe
2.98,31.76,36.27,0.118,4.29,25.3,10.3,Safe
1.74,40.91,38.56,0.269,1.04,33.1,17.5,Safe
1.99,41.8,24.66,0.116,0.44,22.4,5.9,Safe
5.58,38.07,25.64,0.109,0.11,23.7,9.7,Safe
6.98,26.75,29.45,0.353,1.38,21.3,14.1,Safe
7.84,37.77,25.15,0.234,2.02,28.4,8.0,Safe
7.79,46.95,47.5,0.36,3.21,30.8,28.4,Safe
0.48,29.03,41.86,0.037,1.39,30.7,14.0,Safe
3.41,55.98,20.43,0.111,16.56,21.0,8.8,Safe
0.3,29.74,15.18,0.277,1.38,28.0,0.5,Safe
3.99,35.32,16.41,0.018,2.33,31.7,7.0,Safe
2.91,28.28,23.05,0.237,0.44,28.0,3.3,Safe
10.93,37.23,18.77,0.03,1.21,27.9,4.6,Safe
2.16,17.58,32.6,0.248,0.2,24.1,13.4,Safe
0.62,29.54,43.31,0.142,3.28,26.9,13.2,Safe
0.77,24.08,39.31,0.032,5.56,30.9,16.0,Safe
7.17,36.35,22.12,0.096,0.87,27.3,6.5,Safe
4.81,44.94,28.18,0.172,1.83,21.0,9.5,Safe
0.53,41.46,31.76,0.151,0.07,24.2,15.3,Safe
0.44,11.28,41.74,0.084,7.32,30.8,20.4,Safe
6.04,55.42,42.69,0.344,6.06,27.3,27.1,Safe
0.38,37.95,45.02,0.11,0.26,26.5,19.1,Safe
8.63,27.24,31.81,0.106,1.82,23.8,7.7,Safe
6.12,36.57,37.91,0.01,12.43,30.8,19.1,Safe
0.42,36.76,18.69,0.383,1.99,32.6,4.3,Safe
0.44,28.33,33.65,0.029,2.99,31.1,11.4,Safe
21.58,36.98,23.21,0.113,1.76,31.8,7.1,Safe
2.34,28.93,29.25,0.244,3.63,24.6,8.6,Safe
2.32,30.96,35.92,0.036,15.3,24.0,16.6,Safe
8.38,28.14,23.48,0.112,23.97,25.4,6.6,Safe
14.71,20.67,16.72,0.041,5.96,26.2,5.2,Safe
21.34,36.46,15.34,0.214,2.07,31.7,1.7,Safe
7.0,40.85,15.73,0.125,2.73,30.7,3.4,Safe
2.36,40.15,15.28,0.291,1.76,28.2,2.1,Safe
0.44,43.2,18.64,0.337,16.96,20.3,8.6,Safe
7.51,38.24,22.9,0.157,4.92,19.2,9.2,Safe
4.09,29.67,22.3,0.194,2.38,27.0,7.2,Safe
2.76,43.4,47.56,0.12,0.05,29.5,20.3,Safe
11.84,21.42,25.1,0.073,2.94,25.7,6.6,Safe
0.59,25.99,19.2,0.157,16.52,33.7,9.2,Safe
3.39,25.36,33.0,0.358,2.96,21.7,11.2,Safe
0.06,45.8,43.31,0.081,0.81,21.2,23.1,Safe
3.16,44.43,37.38,0.057,0.09,23.3,16.4,Safe
0.29,39.87,24.77,0.074,1.75,23.2,6.9,Safe
0.63,45.72,33.53,0.086,10.02,28.1,16.4,Safe
0.63,26.21,38.59,0.011,22.68,24.3,17.0,Safe
5.24,38.49,39.03,0.104,11.63,19.8,22.1,Safe
6.85,33.75,37.0,0.102,5.23,29.6,14.1,Safe
4.38,43.47,43.74,0.133,3.27,19.0,23.3,Safe
16.37,33.85,43.71,0.068,3.57,21.7,24.5,Safe
2.35,31.15,34.1,0.142,3.1,19.5,14.0,Safe
1.68,40.41,29.19,0.316,4.91,26.8,10.6,Safe
10.15,43.76,36.17,0.467,2.17,26.7,18.7,Safe
1.27,28.32,42.0,0.131,4.43,33.7,15.5,Safe
16.51,34.39,15.19,0.01,0.52,29.7,1.8,Safe
0.06,24.42,47.74,0.522,1.24,31.8,18.4,Safe
17.51,10.02,21.04,0.184,7.23,27.2,4.0,Safe
0.22,37.0,30.52,0.061,9.36,22.1,13.9,Safe
11.09,41.09,43.78,0.024,3.1,26.5,24.6,Safe
3.75,37.62,22.43,0.023,0.13,28.4,8.6,Safe
24.78,15.5,30.73,0.028,10.47,28.8,13.5,Safe
0.38,31.49,19.38,0.01,4.84,24.1,7.6,Safe
4.04,12.82,28.04,0.349,2.14,28.0,6.7,Safe
17.42,48.7,20.85,0.117,3.65,22.3,11.0,Safe
3.7,24.14,27.0,0.181,2.25,21.8,10.2,Safe
4.96,47.55,27.32,0.264,2.5,21.5,11.5,Safe
5.95,44.46,47.77,0.235,8.71,26.1,28.0,Safe
3.03,25.99,47.83,0.321,0.7,21.3,22.6,Safe
4.94,23.67,18.79,0.513,0.44,24.3,5.7,Safe
4.39,38.5,38.96,0.087,0.01,29.6,17.3,Safe
11.57,26.56,16.71,0.45,1.51,21.9,2.5,Safe
0.23,36.02,16.0,0.193,0.64,24.0,0.1,Safe
1.65,30.17,18.48,0.011,0.99,26.3,3.2,Safe
15.02,17.19,46.86,0.172,0.05,27.0,16.8,Safe
11.05,12.7,46.05,0.174,1.03,24.0,20.6,Safe
3.04,37.27,21.4,0.354,1.62,29.1,2.0,Safe
4.84,29.38,20.34,0.07,0.13,28.4,4.9,Safe
1.62,29.47,22.94,0.132,3.74,30.6,5.4,Safe
1.04,41.96,32.01,0.01,3.36,25.7,11.7,Safe
3.12,46.73,33.8,0.061,0.41,23.9,13.8,Safe
2.18,32.27,22.31,0.01,3.62,23.3,0.0,Safe
4.38,31.59,39.97,0.111,26.44,27.2,21.9,Safe
0.4,40.0,25.22,0.255,11.56,24.5,7.9,Safe
18.32,21.43,45.43,0.035,0.01,23.7,17.2,Safe
21.42,37.23,36.67,0.112,6.35,24.2,26.7,Safe
5.99,40.52,29.4,0.034,1.75,23.3,7.7,Safe
3.84,41.8,41.07,0.019,0.26,26.8,19.4,Safe
1.85,15.63,41.99,0.107,1.4,20.3,12.9,Safe
8.4,27.39,24.59,0.012,1.55,27.2,4.5,Safe
5.77,26.22,26.21,0.133,2.96,28.7,4.5,Safe
0.89,36.0,45.89,0.01,4.33,23.7,23.9,Safe
12.09,39.81,20.44,0.017,5.53,33.7,9.3,Safe
8.64,49.97,16.39,0.12,1.13,26.1,2.6,Safe
14.96,30.05,29.98,0.134,1.55,19.8,13.6,Safe
6.47,30.02,41.44,0.01,1.47,24.9,14.5,Safe
4.75,46.5,40.47,0.128,1.8,26.3,18.8,Safe
2.71,37.97,45.34,0.273,31.9,27.8,32.5,Safe
13.5,47.68,32.6,0.192,6.02,25.0,14.1,Safe
10.05,37.89,18.3,0.021,14.75,22.0,3.8,Safe
0.23,23.43,34.43,0.135,4.73,21.6,12.0,Safe
0.13,21.67,40.69,0.167,2.09,23.4,14.7,Safe
2.36,19.48,18.08,0.01,1.98,23.8,0.0,Safe
8.32,41.62,20.7,0.29,2.68,21.5,12.4,Safe
21.82,46.89,15.41,0.355,2.16,23.1,2.9,Safe
0.82,53.49,34.59,0.285,7.05,28.6,20.4,Safe
4.51,43.43,44.26,0.261,2.5,32.6,23.9,Safe
2.4,46.63,37.13,0.205,1.4,29.0,15.3,Safe
17.52,29.2,47.41,0.151,5.96,31.2,25.7,Safe
9.23,23.44,17.08,0.17,7.71,29.9,1.2,Safe
9.11,43.5,44.8,0.246,2.18,29.3,23.7,Safe
3.16,39.18,41.86,0.163,4.41,24.6,22.0,Safe
2.68,36.07,25.37,0.06,0.24,26.6,6.2,Safe
1.6,38.87,47.13,0.071,3.02,24.3,23.5,Safe
0.29,38.23,24.5,0.341,0.18,25.1,6.5,Safe
10.0,47.84,44.35,0.01,0.12,26.3,23.4,Safe
8.38,47.95,44.06,0.18,3.8,28.9,24.4,Safe
40.86,40.44,40.0,0.464,1.45,27.7,24.0,Safe
28.47,43.46,33.59,0.184,5.43,25.4,13.9,Safe
4.05,40.14,18.96,0.765,9.06,26.2,9.4,Safe
7.33,30.39,32.56,0.174,0.6,27.7,17.0,Safe
14.48,42.57,26.77,0.01,5.16,28.7,11.4,Safe
9.47,21.06,41.14,0.263,2.89,19.9,15.1,Safe
1.42,45.54,40.02,0.05,0.48,21.7,18.8,Safe
2.99,23.05,45.05,0.089,4.22,30.4,21.1,Safe
0.69,37.86,15.49,0.056,3.76,25.8,5.4,Safe
15.4,26.55,41.7,0.047,2.9,24.3,20.7,Safe
4.66,40.53,45.97,0.085,10.44,24.9,26.1,Safe
1.3,34.66,41.05,0.071,2.94,24.9,19.2,Safe
5.57,19.05,19.3,0.15,18.63,28.2,5.6,Safe
4.81,39.21,17.68,0.252,2.85,21.6,2.0,Safe
2.22,29.22,15.69,0.053,0.49,26.1,0.5,Safe
0.6,43.81,35.75,0.036,2.54,27.0,14.6,Safe
5.57,35.01,35.78,0.165,0.81,27.6,15.3,Safe
3.67,38.95,47.57,0.166,3.64,26.9,19.2,Safe
7.4,25.42,28.14,0.347,4.73,28.1,11.3,Safe
3.67,29.11,25.95,0.01,2.53,23.7,2.4,Safe
9.56,30.41,35.61,0.288,0.41,22.2,15.5,Safe
4.01,43.57,42.25,0.11,2.53,35.8,23.5,Safe
4.12,51.77,45.91,0.146,0.34,24.8,26.7,Safe
10.46,26.95,41.5,0.014,4.58,25.3,15.8,Safe
2.58,45.77,29.08,0.085,6.25,28.7,13.8,Safe
0.72,13.3,35.95,0.039,13.12,32.4,15.8,Safe
0.15,23.06,43.26,0.044,0.64,23.8,19.8,Safe
7.04,25.41,31.19,0.105,3.04,22.0,11.7,Safe
4.84,21.47,22.15,0.251,3.35,21.0,7.9,Safe
6.09,19.16,20.6,0.204,10.23,32.4,4.1,Safe
1.2,39.13,15.01,0.134,3.95,21.8,0.2,Safe
0.73,32.86,38.7,0.116,0.63,25.9,17.3,Safe
0.07,38.79,18.67,0.084,2.29,22.1,6.2,Safe
2.16,41.9,23.05,0.54,4.25,20.2,7.2,Safe
4.46,37.66,24.83,0.123,4.82,24.8,5.5,Safe
2.49,41.58,33.49,0.044,7.95,22.2,15.2,Safe
2.88,34.3,28.13,0.039,0.8,23.2,9.2,Safe
11.73,23.13,37.26,0.142,12.11,34.0,17.5,Safe
2.14,45.58,16.84,0.111,0.24,27.7,5.7,Safe
3.61,29.11,19.09,0.01,16.48,29.7,7.7,Safe
7.65,25.64,31.47,0.266,7.8,29.3,12.5,Safe
2.53,33.22,26.12,0.183,4.32,25.6,6.2,Safe
4.87,25.87,24.76,0.163,5.31,24.2,5.5,Safe
9.92,30.83,17.21,0.011,0.3,27.0,1.2,Safe
14.93,38.44,44.56,0.067,0.17,26.7,21.8,Safe
0.8,38.48,37.83,0.411,0.43,23.7,15.2,Safe
13.06,26.02,19.01,0.298,0.37,26.5,3.8,Safe
3.39,30.12,17.15,0.05,3.17,23.2,2.8,Safe
1.49,45.74,47.17,0.026,0.97,25.3,21.7,Safe
3.07,39.96,37.48,0.089,7.87,24.7,18.5,Safe
19.57,55.75,28.78,0.066,2.36,20.9,18.9,Safe
3.39,46.8,38.16,0.172,4.76,16.6,18.5,Safe
1.99,46.44,39.96,0.509,4.23,22.2,19.1,Safe
5.02,21.12,40.74,0.068,1.54,33.2,15.6,Safe
1.37,42.64,30.77,0.01,1.11,24.8,9.7,Safe
0.39,34.47,29.19,0.342,1.68,29.1,10.1,Safe
0.69,29.49,15.36,0.01,6.37,17.5,0.0,Safe
0.69,36.68,45.58,0.458,3.53,22.0,19.4,Safe
0.82,44.45,34.91,0.164,1.17,20.6,12.8,Safe
0.75,40.01,21.7,0.426,6.81,25.2,6.0,Safe
5.12,26.22,45.35,0.033,0.23,35.7,15.5,Safe
1.0,42.42,45.19,0.01,4.81,27.8,25.4,Safe
2.12,28.62,47.64,0.1,2.31,32.8,21.4,Safe
11.35,37.17,43.84,0.09,5.26,25.0,24.6,Safe
3.21,31.97,47.93,0.06,10.49,31.5,20.7,Safe
5.51,32.81,23.07,0.474,5.55,34.3,7.4,Safe
0.95,42.66,42.79,0.259,2.33,25.6,21.6,Safe
1.07,24.6,42.16,0.163,0.65,23.8,19.8,Safe
0.21,54.45,22.62,0.027,6.57,20.7,6.5,Safe
0.93,16.79,18.25,0.199,2.47,24.8,0.0,Safe
1.63,29.02,47.32,0.195,0.31,26.3,20.2,Safe
0.97,38.7,24.77,0.083,5.08,34.1,6.5,Safe
0.46,40.84,43.74,0.388,1.38,20.8,25.1,Safe
0.64,34.0,15.14,0.027,0.2,26.2,2.6,Safe
3.09,34.43,15.69,0.047,9.32,18.7,2.1,Safe
1.16,39.11,30.37,0.01,2.64,24.3,10.5,Safe
2.26,32.69,22.88,0.238,1.32,27.2,6.1,Safe
3.5,48.93,37.76,0.146,5.04,28.1,14.5,Safe
5.86,43.39,33.66,0.057,8.68,28.4,16.1,Safe
0.2,43.73,17.56,0.027,0.0,27.6,2.1,Safe
8.03,25.34,20.37,0.01,4.66,28.3,6.0,Safe
4.94,34.21,27.81,0.027,5.83,26.2,7.7,Safe
0.43,32.0,21.12,0.091,0.94,21.8,6.4,Safe
10.34,24.94,41.14,0.043,2.69,18.6,18.3,Safe
12.68,38.6,28.73,0.045,0.37,23.8,11.4,Safe
0.32,29.62,18.08,0.313,5.49,25.5,7.1,Safe
1.62,41.55,30.98,0.109,7.52,31.0,8.5,Safe
8.2,24.3,18.0,0.196,0.46,25.6,4.2,Safe
6.9,52.19,19.25,0.01,6.78,25.2,6.2,Safe
1.02,26.04,22.91,0.068,5.91,27.5,5.6,Safe
1.17,37.19,43.36,0.098,1.7,24.9,16.7,Safe
2.31,42.92,45.51,0.031,4.69,29.2,19.2,Safe
3.31,29.29,42.27,0.019,0.0,33.9,18.8,Safe
4.82,43.52,26.02,0.306,10.74,34.8,13.5,Safe
2.3,22.71,23.99,0.421,3.2,26.4,11.2,Safe
3.1,49.52,33.12,0.012,3.87,27.3,19.9,Safe
6.88,35.14,38.82,0.064,4.37,32.3,13.5,Safe
0.19,29.04,47.78,0.477,3.3,25.4,21.1,Safe
1.45,32.01,19.34,0.013,7.77,28.7,5.0,Safe
6.25,43.09,16.63,0.155,3.76,21.5,6.4,Safe
11.28,29.16,37.91,0.538,9.53,24.8,22.6,Safe
3.58,27.51,42.46,0.574,3.49,30.6,16.3,Safe
3.8,32.78,42.93,0.096,0.75,23.1,16.8,Safe
0.57,23.23,37.39,0.027,9.79,25.5,18.0,Safe
2.97,53.21,46.48,0.034,4.58,19.7,21.8,Safe
3.8,29.34,31.86,0.331,4.81,34.0,9.7,Safe
1.39,43.32,45.16,0.364,16.93,31.1,28.4,Safe
1.57,37.09,46.94,0.14,0.31,26.8,26.4,Safe
2.37,25.15,42.96,0.218,2.24,28.0,12.9,Safe
0.1,34.94,25.22,0.202,1.09,27.6,7.8,Safe
1.94,42.84,21.48,0.163,3.98,31.5,8.1,Safe
1.19,33.12,33.09,0.263,6.58,23.9,17.2,Safe
1.98,46.93,29.95,0.173,13.56,28.9,15.7,Safe
0.64,45.22,43.97,0.115,2.42,30.3,16.9,Safe
11.06,44.19,18.3,0.041,6.17,30.9,2.1,Safe
4.5,30.4,23.51,0.204,9.96,17.0,11.3,Safe
5.68,24.2,39.81,0.096,4.6,23.6,17.0,Safe
7.78,28.86,18.13,0.052,1.11,21.9,0.3,Safe
3.45,36.96,25.59,0.243,3.74,26.6,10.2,Safe
0.45,40.46,27.78,0.179,14.02,17.9,12.9,Safe
3.85,13.28,35.55,0.416,17.55,17.8,10.0,Safe
4.42,34.92,20.22,0.027,4.11,34.7,0.0,Safe
6.84,36.58,43.4,0.157,8.72,28.5,23.1,Safe
2.83,32.22,29.77,0.042,0.89,26.5,14.9,Safe
0.68,47.91,45.26,0.351,1.13,27.5,24.0,Safe
1.67,39.22,30.44,0.016,12.22,26.6,7.0,Safe
2.26,48.1,24.08,0.16,0.58,30.0,4.4,Safe
5.19,32.84,19.68,0.235,0.85,23.5,6.3,Safe
4.23,44.37,15.12,0.066,2.18,26.7,4.4,Safe
2.2,51.35,32.56,0.462,3.56,26.9,15.6,Safe
21.53,48.12,18.54,0.285,3.7,21.8,5.8,Safe
4.65,24.08,27.93,0.052,1.38,31.1,10.0,Safe
1.35,32.46,34.45,0.01,10.13,24.2,17.2,Safe
0.54,31.55,24.1,0.053,9.87,30.1,9.3,Safe
0.83,39.89,20.78,0.05,1.99,26.5,2.9,Safe
1.41,41.86,40.57,0.331,2.28,32.5,21.5,Safe
0.88,26.61,46.24,0.512,4.85,21.8,19.8,Safe
1.03,35.68,18.31,0.011,4.35,21.7,2.1,Safe
1.68,14.8,20.13,0.096,1.93,22.4,1.7,Safe
0.95,49.42,46.68,0.119,2.14,26.5,24.4,Safe
11.35,29.88,16.25,0.015,1.71,32.2,3.8,Safe
0.42,35.56,47.26,0.071,1.07,32.4,15.8,Safe
3.72,31.9,15.15,0.057,2.45,16.8,0.0,Safe
2.64,46.46,43.83,0.115,4.64,27.0,21.5,Safe
20.19,10.0,25.14,0.162,5.42,13.1,8.9,Safe
0.59,34.83,45.97,0.182,6.04,29.2,19.7,Safe
2.54,33.94,25.46,0.022,1.88,30.5,6.7,Safe
17.45,30.46,36.59,0.251,5.79,25.8,19.4,Safe
10.03,52.26,17.64,0.17,0.03,26.3,5.3,Safe
8.49,26.13,23.0,0.33,2.59,26.3,10.6,Safe
1.49,42.72,40.53,0.089,6.32,22.9,19.3,Safe
0.94,38.56,32.45,0.336,3.98,27.7,18.3,Safe
5.52,47.62,45.62,0.301,2.57,25.1,29.8,Safe
13.25,28.33,29.15,0.087,4.14,29.7,11.9,Safe
4.07,27.67,43.7,0.072,9.5,25.5,21.1,Safe
4.24,45.96,29.82,0.405,3.34,22.6,14.8,Safe
1.64,39.25,47.32,0.188,6.43,19.9,26.2,Safe
7.34,19.55,46.67,0.395,15.8,18.5,24.2,Safe
1.04,29.61,25.86,0.239,4.89,31.3,11.2,Safe
1.96,38.86,44.24,0.141,3.41,24.2,22.1,Safe
2.77,43.38,42.97,0.018,0.15,27.4,23.3,Safe
3.54,28.21,21.95,0.052,1.88,33.1,1.4,Safe
1.39,10.0,35.6,0.52,3.33,23.7,13.5,Safe
0.61,40.23,17.4,0.058,6.38,23.5,6.4,Safe
4.72,22.8,42.61,0.015,2.31,25.5,13.4,Safe
1.7,14.83,20.76,0.184,12.88,26.1,6.3,Safe
4.35,10.0,17.34,0.199,1.27,33.6,3.7,Safe
0.84,43.14,28.21,0.05,5.46,32.3,15.2,Safe
3.28,36.29,34.04,0.053,2.17,28.5,12.5,Safe
3.8,32.74,43.21,0.095,2.66,31.8,19.4,Safe
0.27,48.89,47.15,0.01,6.49,25.3,24.1,Safe
2.05,41.37,29.5,0.234,1.41,27.2,11.1,Safe
0.72,51.16,16.99,0.057,0.41,24.8,7.8,Safe
0.33,21.07,39.72,0.288,2.94,20.8,14.4,Safe
23.01,34.65,33.65,0.243,3.01,30.8,14.3,Safe
1.95,18.83,29.78,0.162,6.38,28.1,9.0,Safe
8.3,32.71,25.21,0.059,13.81,26.1,8.4,Safe
1.47,32.51,31.58,0.109,0.23,26.0,9.7,Safe
5.72,41.27,26.18,0.088,3.58,20.0,8.2,Safe
7.14,35.46,39.98,0.062,4.57,22.1,17.0,Safe
4.53,41.23,32.95,0.283,17.02,27.3,14.4,Safe
3.19,42.03,43.94,0.099,11.43,23.9,24.0,Safe
2.65,56.55,32.94,0.268,4.99,25.1,14.5,Safe
2.15,31.85,22.86,0.017,2.95,25.6,8.7,Safe
13.26,25.59,43.09,0.023,0.7,23.3,17.3,Safe
8.88,37.46,33.39,0.568,1.94,22.1,16.3,Safe
16.77,26.98,21.83,0.133,3.52,19.6,7.4,Safe
0.66,49.82,35.58,0.107,5.17,25.4,12.5,Safe
6.56,32.17,26.8,0.111,4.04,28.5,8.5,Safe
13.93,29.34,42.87,0.036,5.01,19.4,24.4,Safe
1.0,30.29,29.96,0.19,2.24,25.9,8.2,Safe
0.34,42.18,38.97,0.013,5.2,27.1,23.5,Safe
6.76,33.42,18.15,0.128,0.62,22.0,5.0,Safe
4.27,28.58,28.07,0.127,0.71,31.7,10.0,Safe
9.22,51.65,47.45,0.368,0.71,24.5,27.9,Safe
0.75,26.44,41.68,0.112,8.86,25.6,20.5,Safe
7.93,35.36,20.28,0.022,0.32,25.4,7.6,Safe
1.13,41.52,24.17,0.128,6.47,18.9,8.4,Safe
0.89,18.69,25.88,0.014,1.06,30.0,4.8,Safe
0.9,39.8,36.46,0.034,2.53,22.2,11.7,Safe
8.43,24.45,39.98,0.01,9.91,25.1,19.6,Safe
5.47,43.23,39.73,0.108,3.53,28.4,19.4,Safe
3.7,25.37,31.83,0.013,0.94,31.8,8.0,Safe
2.22,41.93,41.76,0.095,1.34,21.7,17.7,Safe
10.49,46.06,29.42,0.405,10.13,24.2,14.9,Safe
2.49,43.61,19.09,0.191,2.23,31.5,2.7,Safe
8.48,37.51,33.63,0.012,3.54,27.9,14.2,Safe
2.89,32.69,46.43,0.038,2.46,28.7,16.5,Safe
2.37,29.24,41.17,0.168,1.9,21.8,15.3,Safe
3.11,49.71,34.1,0.338,1.01,24.5,13.2,Safe
1.79,28.01,36.34,0.01,4.64,25.3,14.2,Safe
6.88,24.63,45.71,0.251,5.07,22.6,17.9,Safe
3.49,41.65,29.14,0.124,1.29,19.3,9.7,Safe
1.32,27.04,25.94,0.118,6.22,24.0,13.5,Safe
11.49,25.5,47.25,0.475,7.71,31.4,26.1,Safe
2.42,20.56,43.49,0.207,10.14,26.2,20.2,Safe
3.92,30.17,25.66,0.285,0.7,31.5,11.2,Safe
11.85,34.17,30.3,0.066,1.45,26.7,12.9,Safe
4.89,37.43,28.7,0.121,7.87,22.9,8.0,Safe
0.62,44.51,19.92,0.143,0.89,31.1,2.0,Safe
14.05,40.27,46.61,0.058,0.01,26.8,17.0,Safe
4.94,33.09,28.34,0.127,8.19,29.8,11.3,Safe
2.04,33.02,43.89,0.041,1.58,21.7,15.9,Safe
0.75,40.1,21.25,0.023,2.14,30.2,4.1,Safe
7.9,47.73,33.08,0.07,2.36,30.3,14.4,Safe
4.84,36.26,15.79,0.202,7.54,27.2,1.9,Safe
3.81,30.31,40.22,0.372,1.65,22.8,16.9,Safe
11.22,25.07,34.17,0.092,8.91,25.8,13.6,Safe
7.77,20.55,35.64,0.154,3.84,28.4,12.1,Safe
0.82,41.66,16.71,0.016,3.0,26.9,0.0,Safe
1.87,40.78,21.96,0.352,1.58,28.4,7.6,Safe
1.43,40.77,17.45,0.126,1.12,30.0,9.0,Safe
6.81,33.71,24.53,0.227,3.91,23.4,8.9,Safe
0.17,49.07,35.71,0.237,2.37,21.4,22.4,Safe
4.22,30.16,33.68,0.044,9.65,25.8,12.5,Safe
7.19,44.55,35.2,0.113,2.71,24.7,15.6,Safe
10.47,34.61,33.13,0.485,2.87,29.1,14.8,Safe
2.09,28.92,24.01,0.014,2.16,21.7,5.7,Safe
8.61,40.93,23.07,0.172,6.23,30.1,11.3,Safe
0.59,39.1,19.52,0.492,2.21,31.4,0.3,Safe
9.37,38.57,43.02,0.054,1.26,26.0,19.2,Safe
0.68,35.81,35.34,0.296,7.92,26.2,20.0,Safe
2.53,34.62,21.15,0.407,3.63,22.9,5.2,Safe
7.98,58.88,20.85,0.206,3.58,23.8,10.7,Safe
0.81,46.84,43.81,0.039,3.77,24.4,23.4,Safe
1.3,42.23,39.51,0.061,5.08,31.8,18.3,Safe
6.41,36.12,36.76,0.01,1.5,25.7,16.0,Safe
6.37,45.07,28.43,0.267,0.14,20.7,11.4,Safe
5.12,40.18,23.65,0.284,6.66,27.0,3.5,Safe
5.92,35.26,47.32,0.15,0.55,29.3,23.1,Safe
3.91,31.96,41.31,0.065,5.12,25.9,16.6,Safe
1.45,34.19,24.96,0.012,0.34,31.9,3.5,Safe
2.12,10.0,42.97,0.21,1.88,29.1,16.8,Safe
1.0,37.11,40.04,0.194,0.26,21.8,17.7,Safe
11.95,30.12,24.8,0.366,2.95,23.8,11.2,Safe
4.38,50.93,29.08,0.197,4.24,26.9,12.5,Safe
2.56,35.19,21.14,0.265,0.75,19.3,7.8,Safe
3.1,23.11,18.66,0.206,1.86,27.3,3.2,Safe
14.71,34.5,38.85,0.149,10.65,19.0,21.1,Safe
0.83,24.54,23.83,0.084,2.34,30.1,6.7,Safe
4.41,39.73,42.06,0.349,6.49,29.6,18.2,Safe
3.52,37.91,47.86,0.158,10.48,28.0,26.7,Safe
4.73,44.58,17.53,0.076,14.65,23.3,5.8,Safe
0.09,27.09,30.61,0.013,9.14,26.7,10.1,Safe
10.28,35.34,41.47,0.052,1.53,23.9,19.2,Safe
13.45,21.35,41.04,0.118,13.14,21.9,26.1,Safe
4.16,42.01,40.08,0.048,6.69,24.6,14.9,Safe
5.96,40.19,26.52,0.038,7.26,28.8,9.8,Safe
12.79,39.96,29.98,0.112,0.06,26.2,14.2,Safe
6.14,35.02,34.63,0.028,12.34,31.8,13.0,Safe
0.83,39.15,47.14,0.242,6.02,29.1,24.8,Safe
4.29,51.04,25.81,0.099,5.84,28.6,11.5,Safe
4.67,32.15,45.46,0.128,0.34,19.6,15.7,Safe
2.76,36.39,23.89,0.024,1.06,24.9,5.3,Safe
6.67,24.14,47.64,0.059,13.11,21.7,28.0,Safe
13.62,26.32,37.12,0.079,2.78,25.3,11.3,Safe
12.99,35.98,30.3,0.248,2.03,23.2,11.5,Safe
3.0,46.04,35.24,0.221,7.33,24.5,17.0,Safe
0.6,32.44,23.99,0.038,0.37,30.2,6.2,Safe
20.95,32.64,24.05,0.144,2.16,27.9,7.5,Safe
9.13,30.93,18.75,0.042,1.88,30.0,4.0,Safe
0.67,29.65,18.76,0.667,1.72,19.6,4.8,Safe
12.68,37.95,26.47,0.456,1.47,26.2,12.6,Safe
10.2,20.03,40.17,0.124,0.94,29.9,17.2,Safe
3.66,47.81,35.06,0.18,0.76,32.0,17.1,Safe
4.47,28.35,18.39,0.242,4.09,19.8,4.5,Safe
2.55,42.22,43.12,0.191,10.07,24.6,19.1,Safe
0.28,22.3,34.85,0.181,2.84,30.1,12.0,Safe
2.04,41.69,46.71,0.478,1.42,25.2,26.4,Safe
8.12,41.72,37.12,0.136,0.69,22.4,12.8,Safe
0.02,38.84,20.78,0.152,7.09,19.8,2.8,Safe
2.03,25.06,30.63,0.284,14.23,22.2,16.2,Safe
2.54,37.5,36.4,0.166,1.72,19.2,11.5,Safe
3.85,23.17,15.93,0.198,1.38,26.2,1.4,Safe
12.62,32.47,15.49,0.04,3.68,29.6,1.1,Safe
2.13,45.29,19.27,0.07,5.97,21.0,9.1,Safe
2.13,42.97,23.3,0.024,2.43,27.0,8.0,Safe
6.69,35.15,29.18,0.106,3.98,29.4,13.0,Safe
3.01,25.25,31.09,0.091,5.04,26.0,10.7,Safe
1.27,41.46,19.55,0.88,12.94,19.6,13.7,Safe
3.01,35.19,37.22,0.142,0.72,27.5,13.2,Safe
0.76,11.8,34.67,0.232,23.78,25.8,17.0,Safe
0.97,42.83,24.72,0.061,1.99,25.4,11.2,Safe
3.45,34.76,15.45,0.267,5.14,23.8,6.6,Safe
2.71,47.02,17.56,0.143,3.4,26.3,3.9,Safe
12.32,24.05,27.93,0.179,2.67,28.0,4.3,Safe
2.25,10.0,20.08,0.052,4.79,35.6,2.6,Safe
4.34,37.79,27.44,0.119,2.02,26.4,14.0,Safe
5.0,37.92,35.73,0.151,0.54,32.0,13.0,Safe
0.07,18.09,33.06,0.133,2.68,27.4,10.9,Safe
5.45,25.22,22.63,0.37,2.95,25.6,5.6,Safe
0.98,62.55,26.35,0.343,0.9,26.6,12.0,Safe
16.23,31.94,35.26,0.531,10.97,21.1,21.9,Safe
0.8,42.31,43.41,0.165,1.03,27.2,20.9,Safe
2.68,28.49,39.86,0.536,2.11,18.0,22.0,Safe
0.45,14.1,33.26,0.268,0.67,22.5,12.7,Safe
28.84,33.3,26.96,0.047,3.07,26.4,11.5,Safe
3.49,32.34,27.05,0.084,1.47,30.8,8.3,Safe
4.52,31.0,44.02,0.041,2.69,31.7,19.8,Safe
0.35,33.85,16.3,0.01,1.02,25.1,0.0,Safe
6.93,37.64,47.6,0.031,0.22,26.6,19.8,Safe
1.18,33.5,36.92,0.01,6.04,29.9,17.1,Safe
11.42,22.36,37.48,0.191,4.1,20.7,17.4,Safe
1.15,39.86,16.25,0.083,1.67,27.6,0.0,Safe
1.06,15.51,34.98,0.056,0.19,22.7,12.8,Safe
0.19,14.5,31.0,0.215,8.03,25.3,10.0,Safe
3.19,42.39,18.49,0.268,0.74,24.2,2.7,Safe
4.16,40.07,24.17,0.555,10.68,27.7,9.7,Safe
0.34,34.43,44.38,0.154,2.6,28.2,21.8,Safe
7.47,21.05,33.15,0.093,1.66,29.6,12.5,Safe
3.02,27.92,28.64,0.055,5.42,27.4,10.2,Safe
3.72,32.37,17.4,0.038,8.38,26.7,4.5,Safe
2.91,19.04,38.57,0.036,1.85,33.4,10.3,Safe
2.56,27.61,38.19,0.079,2.09,19.9,15.8,Safe
4.1,41.52,35.26,0.72,2.27,32.8,16.0,Safe
0.84,49.27,31.84,0.01,10.22,24.8,20.1,Safe
1.0,30.81,29.31,0.033,4.72,28.3,8.9,Safe
9.89,42.56,34.58,0.031,1.14,24.7,20.8,Safe
14.6,15.86,22.7,0.189,0.82,23.2,5.4,Safe
2.34,41.59,46.06,0.065,1.05,27.9,21.6,Safe
1.58,26.96,34.43,0.092,1.22,30.2,11.1,Safe
5.16,38.07,25.27,0.024,1.05,27.9,4.9,Safe
2.63,32.52,29.84,0.078,4.3,23.8,13.9,Safe
0.13,48.2,41.59,0.016,0.49,40.0,19.8,Safe
0.85,26.26,20.33,0.114,1.96,30.8,5.5,Safe
6.29,41.28,24.66,0.015,3.92,29.7,12.5,Safe
5.38,32.2,37.42,0.234,1.37,24.6,15.1,Safe
0.14,33.42,25.41,0.125,0.27,23.5,7.0,Safe
1.25,33.16,41.15,0.193,0.34,24.9,17.3,Safe
1.31,26.54,19.3,0.081,0.54,30.3,0.0,Safe
5.57,34.86,40.17,0.072,7.23,22.0,14.2,Safe
0.1,34.37,17.26,0.016,4.29,21.7,0.0,Safe
0.55,37.41,15.42,0.111,0.27,28.2,5.0,Safe
8.05,35.85,44.64,0.108,1.98,27.3,20.2,Safe
0.98,42.98,34.18,0.095,1.31,22.9,16.1,Safe
5.29,44.24,26.61,0.202,3.45,21.6,9.9,Safe
1.36,24.49,22.68,0.268,2.96,31.8,1.7,Safe
0.52,43.69,35.36,0.208,2.62,27.4,17.8,Safe
1.39,23.14,31.8,0.023,1.51,20.5,7.4,Safe
6.41,40.88,47.72,0.146,0.59,20.8,25.1,Safe
9.68,41.2,47.45,0.013,5.43,24.6,27.7,Safe
8.87,15.89,35.96,0.178,8.48,28.9,14.3,Safe
2.53,35.93,29.61,0.072,11.54,28.4,13.4,Safe
5.51,30.32,31.21,0.021,0.24,30.5,7.0,Safe
1.15,27.41,37.52,0.297,5.39,20.0,22.5,Safe
1.73,48.51,18.35,0.143,5.19,26.9,6.4,Safe
11.33,28.46,25.84,0.066,11.76,31.7,11.6,Safe
0.07,26.94,17.48,0.01,1.17,31.3,4.3,Safe
0.45,35.76,17.42,0.116,5.42,27.4,3.2,Safe
1.17,41.86,21.46,0.385,0.22,35.4,6.9,Safe
0.13,33.58,31.01,0.136,3.99,28.4,14.0,Safe
1.0,46.66,40.9,0.534,1.73,30.2,19.9,Safe
4.37,40.31,31.02,0.022,5.86,26.2,13.8,Safe
2.74,13.22,26.07,0.126,7.96,22.9,8.7,Safe
11.16,29.71,17.72,0.24,1.82,22.5,2.0,Safe
8.5,29.38,33.16,0.112,2.98,26.7,13.9,Safe
2.09,39.79,23.95,0.014,0.5,25.2,2.8,Safe
1.5,10.0,35.29,0.131,2.16,18.9,13.8,Safe
2.39,60.49,47.25,0.142,1.79,21.9,31.5,Safe
4.46,40.31,18.67,0.196,0.81,24.7,6.9,Safe
1.56,36.49,22.0,0.215,9.0,28.9,10.9,Safe
4.89,46.82,30.61,0.221,0.64,25.9,11.2,Safe
2.63,58.44,46.96,0.163,4.04,25.7,27.2,Safe
4.02,43.71,40.47,0.036,8.83,22.1,21.1,Safe
2.86,44.49,44.64,0.078,9.72,26.1,24.6,Safe
1.74,36.31,26.01,0.225,6.3,31.3,8.3,Safe
14.83,33.58,47.74,0.46,0.78,26.6,22.3,Safe
7.21,30.24,18.39,0.012,6.8,20.0,8.2,Safe
0.75,26.74,16.75,0.115,1.29,21.0,0.0,Safe
10.14,28.13,43.23,0.056,10.22,28.4,25.2,Safe
3.34,21.49,45.6,0.038,4.94,25.1,19.5,Safe
11.25,34.24,17.99,0.106,6.15,25.7,5.0,Safe
8.04,18.15,18.74,0.14,0.36,23.5,4.3,Safe
2.77,36.91,16.09,0.01,3.5,28.0,6.3,Safe
0.11,34.64,18.45,0.227,6.88,24.8,0.0,Safe
1.56,36.47,21.91,0.257,7.91,25.3,8.0,Safe
3.9,29.78,47.01,0.505,0.12,22.6,21.3,Safe
5.02,65.77,37.04,0.03,11.2,29.7,23.2,Safe
1.49,48.6,40.69,0.135,0.18,25.1,21.8,Safe
0.75,22.55,40.61,0.083,3.81,28.4,13.5,Safe
9.01,37.33,32.66,0.061,4.73,21.2,11.0,Safe
20.8,28.92,41.32,0.125,0.45,32.9,15.6,Safe
3.73,24.86,34.66,0.229,0.2,31.1,9.8,Safe
0.94,21.6,25.38,0.01,6.15,18.4,8.3,Safe
1.59,39.32,33.52,0.523,1.94,22.8,15.9,Safe
0.09,28.19,32.61,0.249,0.45,27.9,13.3,Safe
12.28,44.68,42.17,0.209,5.75,20.7,22.1,Safe
0.63,44.94,47.4,0.214,7.57,25.5,24.8,Safe
4.3,48.74,28.56,0.074,3.54,27.7,16.1,Safe
1.6,26.48,40.19,0.209,0.7,25.3,17.8,Safe
4.04,39.75,18.29,0.073,0.06,28.2,5.7,Safe
5.27,41.32,40.64,0.343,4.83,23.2,15.9,Safe
8.85,30.26,27.26,0.029,3.2,17.0,13.9,Safe
1.16,27.28,16.3,0.052,4.21,29.9,1.7,Safe
0.06,51.1,26.99,0.12,6.71,29.9,11.8,Safe
0.74,37.27,35.15,0.058,2.28,36.0,15.1,Safe
11.51,41.36,18.94,0.083,0.53,17.2,5.4,Safe
10.35,26.78,45.49,0.102,11.25,29.0,22.4,Safe
4.55,22.81,17.56,0.291,3.15,18.1,3.4,Safe
4.59,29.31,45.69,0.111,3.82,33.0,21.8,Safe
5.47,33.76,38.34,0.068,10.84,28.0,20.3,Safe
0.96,24.36,25.88,0.043,10.73,22.2,11.1,Safe
12.29,34.9,27.89,0.079,3.4,29.1,7.8,Safe
2.71,18.11,39.45,0.109,1.41,23.8,12.3,Safe
2.42,23.8,34.85,0.206,23.39,27.2,19.1,Safe
3.66,41.71,37.16,0.019,4.57,26.8,12.9,Safe
0.24,41.04,27.84,0.038,2.1,33.0,10.1,Safe
0.91,31.08,31.1,0.072,3.28,33.3,8.8,Safe
6.7,24.82,47.67,0.067,2.15,23.6,21.5,Safe
0.43,24.73,22.06,0.075,8.77,30.2,3.4,Safe
4.62,31.27,28.79,0.237,2.63,27.4,9.3,Safe
1.41,41.45,24.63,0.059,6.94,20.3,7.9,Safe
2.47,44.28,40.25,0.105,7.33,23.2,20.9,Safe
1.7,30.03,40.21,0.147,6.96,35.3,19.8,Safe
2.2,23.47,24.65,0.04,5.12,27.4,9.0,Safe
6.35,37.68,17.69,0.19,7.72,30.0,5.2,Safe
1.76,26.76,15.38,0.119,1.96,25.2,0.0,Safe
4.18,29.82,29.11,0.089,0.49,23.8,15.8,Safe
3.23,48.25,28.54,0.249,7.39,26.1,12.8,Safe
5.45,43.27,47.62,0.042,2.76,24.9,25.1,Safe
13.81,36.58,30.5,0.322,0.55,20.0,13.5,Safe
6.59,22.28,23.46,0.124,0.49,22.0,6.4,Safe
1.21,37.11,44.41,0.141,0.69,28.8,17.6,Safe
0.16,45.63,31.21,0.312,5.56,24.5,15.1,Safe
1.52,31.24,34.77,0.255,4.96,26.1,18.6,Safe
4.52,48.51,18.16,0.138,0.91,26.9,0.0,Safe
0.26,47.93,27.64,0.21,7.51,27.3,12.0,Safe
3.43,51.64,46.16,0.085,1.32,30.6,21.8,Safe
4.54,38.05,34.45,0.119,6.3,21.6,17.7,Safe
2.03,40.87,26.37,0.01,2.68,28.3,11.8,Safe
7.37,49.14,35.65,0.014,5.26,29.0,17.3,Safe
0.56,39.47,45.04,0.265,1.92,29.9,21.4,Safe
0.39,29.99,24.04,0.01,1.71,20.3,3.8,Safe
6.51,30.51,31.67,0.028,7.36,27.0,6.5,Safe
3.42,37.39,46.64,0.238,0.14,32.9,21.0,Safe
5.83,22.09,20.69,0.01,14.71,25.6,4.9,Safe
2.85,33.57,38.75,0.05,4.18,27.9,16.4,Safe
1.41,45.97,35.28,0.132,2.27,29.1,7.6,Safe
8.55,13.09,37.43,0.136,3.96,21.9,9.8,Safe
8.03,50.34,26.59,0.225,0.52,33.3,7.4,Safe
5.93,46.22,25.36,0.106,2.89,28.0,9.8,Safe
1.59,30.4,37.58,0.107,16.82,28.1,19.5,Safe
4.46,40.43,22.11,0.194,1.07,19.4,3.8,Safe
2.24,35.03,28.85,0.104,5.12,29.2,9.8,Safe
0.48,47.3,21.21,0.141,2.28,28.0,5.1,Safe
12.46,44.83,15.27,0.342,4.23,32.5,9.4,Safe
0.74,21.0,47.01,0.077,0.92,24.8,16.4,Safe
15.0,40.87,29.25,0.073,2.54,22.0,11.3,Safe
2.95,32.94,46.99,0.01,15.67,23.3,23.1,Safe
1.02,35.83,19.63,0.143,0.87,24.0,0.0,Safe
3.9,27.72,34.38,0.01,4.05,21.5,14.2,Safe
10.32,52.48,21.63,0.105,3.43,31.2,7.5,Safe
6.59,45.4,41.07,0.245,3.33,31.3,20.1,Safe
8.21,27.6,40.86,0.12,3.82,25.2,17.9,Safe
5.38,21.65,18.72,0.047,2.79,24.4,0.0,Safe
5.89,31.14,45.1,0.231,0.07,18.7,24.1,Safe
9.46,39.35,21.42,0.047,9.21,28.8,2.7,Safe
1.44,37.4,35.23,0.198,7.02,32.6,20.0,Safe
3.36,47.53,47.53,0.141,0.77,23.5,24.5,Safe
1.25,42.9,44.12,0.028,2.13,25.5,19.9,Safe
21.98,44.7,46.57,0.353,5.89,27.7,30.7,Safe
14.42,38.27,26.31,0.034,15.66,32.9,11.1,Safe
0.2,21.11,18.48,0.685,12.07,26.8,7.6,Safe
6.11,33.04,21.22,0.01,9.18,26.8,6.9,Safe
12.97,45.6,31.52,0.046,0.69,26.7,15.7,Safe
1.0,34.48,41.18,0.033,9.84,20.3,21.9,Safe
4.2,40.03,19.96,0.01,8.43,20.2,5.3,Safe
12.35,31.81,36.77,0.198,1.89,22.8,18.4,Safe
0.17,24.7,25.68,0.177,2.01,30.1,8.1,Safe
5.98,33.77,26.26,0.236,2.46,24.7,12.4,Safe
1.76,38.09,36.84,0.044,4.27,23.9,14.8,Safe
12.91,28.44,30.41,0.088,1.21,23.8,14.4,Safe
17.71,32.64,41.8,0.161,0.09,25.4,17.8,Safe
14.44,25.61,20.15,0.087,0.61,32.8,0.0,Safe
3.21,46.19,41.07,0.179,2.32,25.4,16.8,Safe
9.9,32.06,17.12,0.151,1.33,22.9,2.5,Safe
9.31,49.53,21.4,0.018,5.78,26.1,8.3,Safe
1.92,50.29,36.65,0.228,0.45,33.0,17.4,Safe
8.83,34.19,43.21,0.191,9.98,24.0,24.4,Safe
0.19,24.92,23.34,0.16,9.03,21.3,3.6,Safe
4.54,14.14,25.8,0.025,9.58,24.0,11.9,Safe
1.31,20.28,32.72,0.047,5.38,26.5,13.9,Safe
0.64,21.26,21.98,0.075,0.45,28.8,6.4,Safe
0.4,48.78,41.77,0.049,2.31,30.0,23.6,Safe
5.96,36.16,40.53,0.039,0.56,21.8,13.6,Safe
2.08,38.9,19.79,0.245,17.59,22.2,9.0,Safe
6.45,12.8,30.31,0.153,1.62,24.7,11.2,Safe
0.34,23.02,40.57,0.125,3.52,28.7,17.5,Safe
1.89,43.87,26.13,0.038,6.05,21.0,11.9,Safe
3.88,37.87,35.89,0.375,10.13,23.6,18.8,Safe
7.82,33.53,16.66,0.032,5.63,23.6,4.1,Safe
1.92,40.65,35.09,0.238,4.49,29.8,18.6,Safe
4.92,51.36,20.04,0.51,2.51,28.1,6.1,Safe
10.86,32.79,42.41,0.195,3.72,29.6,21.1,Safe
4.78,35.69,26.73,0.741,0.4,31.4,9.2,Safe
1.33,36.93,24.29,0.158,8.61,24.8,8.1,Safe
0.12,58.92,42.75,0.037,3.14,21.3,16.7,Safe
10.2,14.01,16.65,0.034,0.16,21.3,0.0,Safe
0.11,41.83,28.09,0.059,10.1,18.6,10.3,Safe
10.39,33.85,27.21,0.01,2.69,24.2,8.4,Safe
3.76,40.67,24.4,0.172,8.12,24.5,8.3,Safe
13.99,28.43,45.09,0.047,7.78,29.2,19.4,Safe
8.02,34.51,39.78,0.253,6.77,26.1,18.4,Safe
30.91,42.11,17.11,0.067,0.25,24.0,7.8,Safe
2.16,66.13,38.58,0.098,1.14,25.5,20.7,Safe
7.29,43.08,32.4,0.506,8.34,21.8,19.7,Safe
2.57,26.52,44.73,0.042,9.17,30.1,23.1,Safe
3.27,30.76,25.33,0.192,2.45,22.9,6.3,Safe
4.94,30.47,33.95,0.211,2.32,21.4,14.5,Safe
10.34,17.04,31.52,0.037,0.77,29.3,6.7,Safe
20.7,31.7,31.16,0.104,13.82,28.3,12.7,Safe
7.31,42.33,30.05,0.065,0.96,19.1,12.2,Safe
2.7,22.26,21.79,0.222,0.85,29.4,5.9,Safe
2.74,45.48,39.94,0.146,4.32,23.0,23.7,Safe
6.69,39.88,29.89,0.097,1.11,24.5,11.1,Safe
1.36,27.66,46.63,0.227,11.17,26.7,23.0,Safe
0.59,33.58,23.61,0.04,0.04,28.3,6.3,Safe
2.19,50.98,37.53,0.21,0.02,27.8,22.5,Safe
1.69,42.34,46.04,0.301,2.81,25.8,26.5,Safe
1.76,35.09,36.89,0.316,2.68,24.3,16.6,Safe
1.33,32.62,43.75,0.23,0.71,27.6,20.6,Safe
0.22,35.77,42.31,0.079,2.73,25.5,19.2,Safe
0.09,29.88,26.88,0.601,2.12,33.2,12.0,Safe
22.0,13.95,34.8,0.072,8.84,28.3,17.3,Safe
2.79,55.42,20.16,0.153,0.04,22.3,5.8,Safe
2.43,36.55,32.67,0.026,14.96,24.1,15.2,Safe
5.69,38.98,22.6,0.59,3.92,26.2,9.0,Safe
1.23,34.42,39.54,0.183,0.66,31.2,16.6,Safe
14.97,27.65,32.43,0.21,0.19,31.6,11.2,Safe
7.72,33.14,28.57,0.01,3.09,24.4,10.9,Safe
0.47,19.01,23.87,0.216,1.07,22.3,4.1,Safe
2.7,57.77,47.96,0.224,1.43,21.8,26.3,Safe
10.56,22.65,17.37,0.167,1.12,27.0,2.4,Safe
14.48,24.68,16.44,0.052,4.2,35.2,3.3,Safe
3.15,30.6,22.17,0.101,3.23,28.2,8.8,Safe
4.75,47.88,47.05,0.018,0.32,19.6,25.8,Safe
0.91,35.15,47.31,0.096,2.99,23.1,24.4,Safe
23.65,22.64,36.61,0.042,6.27,23.5,20.8,Safe
1.32,47.54,44.04,0.064,0.34,22.7,19.9,Safe
14.3,42.31,22.06,0.027,8.82,24.4,10.0,Safe
5.24,40.38,47.08,0.039,3.45,27.5,25.4,Safe
4.68,42.16,19.71,0.012,12.03,28.7,6.9,Safe
3.59,58.94,18.34,0.379,0.64,30.4,8.8,Safe
1.31,56.85,18.7,0.113,20.18,28.1,8.1,Safe
0.97,28.13,33.91,0.076,4.13,18.2,13.9,Safe
1.25,51.24,40.77,0.115,3.35,21.8,17.3,Safe
1.03,38.83,27.1,0.148,2.9,25.4,9.5,Safe
7.56,39.99,47.27,0.382,0.1,26.6,25.7,Safe
2.15,18.08,29.34,0.03,11.23,29.4,12.3,Safe
0.3,33.3,19.96,0.053,4.13,26.2,2.3,Safe
17.39,26.87,30.38,0.558,0.38,26.2,12.3,Safe
10.76,43.28,37.41,0.07,0.08,27.0,14.7,Safe
13.14,45.71,42.46,0.01,0.21,25.0,20.7,Safe
26.4,14.26,30.14,0.024,3.76,26.3,12.2,Safe
0.96,34.78,34.59,0.01,3.81,30.5,16.0,Safe
2.52,46.22,23.82,0.69,2.77,25.7,12.3,Safe
7.1,33.13,36.32,0.049,1.47,25.9,15.2,Safe
5.95,42.29,47.54,0.386,3.03,25.9,23.7,Safe
0.84,38.51,16.62,0.824,2.91,31.2,4.7,Safe
8.46,38.42,44.26,0.137,0.08,21.6,27.3,Safe
1.27,32.29,33.56,0.01,1.33,33.1,8.4,Safe
1.27,22.83,23.32,0.013,0.22,21.3,1.7,Safe
3.85,23.78,46.51,0.099,9.22,23.4,21.4,Safe
4.49,42.09,30.95,0.078,5.17,29.0,14.8,Safe
4.34,35.19,25.95,0.14,22.2,30.1,13.9,Safe
0.48,33.61,20.99,0.087,1.44,20.4,5.5,Safe
10.5,30.76,23.07,0.408,8.43,21.6,4.7,Safe
1.54,31.95,42.48,0.115,3.7,27.1,17.7,Safe
0.69,45.47,35.28,0.177,2.41,35.4,11.3,Safe
10.98,31.65,45.14,0.34,1.01,31.0,22.3,Safe
15.58,21.59,22.65,0.024,5.36,25.0,7.3,Safe
9.91,42.44,19.0,0.039,9.38,16.3,5.6,Safe
8.29,32.95,15.2,0.017,1.07,26.3,0.0,Safe
5.32,35.31,31.76,0.023,0.77,27.4,9.6,Safe
4.0,51.08,47.94,0.108,4.77,24.5,23.0,Safe
0.46,34.79,37.93,0.058,15.08,22.6,18.2,Safe
2.63,37.89,25.18,0.083,5.54,26.6,16.5,Safe
2.33,23.21,43.94,0.607,1.34,22.2,17.8,Safe
1.5,32.8,40.8,0.026,2.18,33.5,15.6,Safe
6.43,41.1,15.51,0.117,1.94,32.1,3.4,Safe
3.42,19.45,41.96,0.016,7.64,28.6,13.7,Safe
0.42,37.01,24.92,0.058,5.9,26.4,5.3,Safe
1.24,36.01,19.94,0.112,3.56,23.4,3.3,Safe
5.75,35.41,22.47,0.44,1.29,25.9,9.5,Safe
0.4,45.37,30.46,0.074,11.12,32.6,14.7,Safe
9.53,38.34,29.02,0.01,4.24,29.5,11.0,Safe
3.42,49.78,24.53,0.074,14.09,26.8,12.7,Safe
3.28,25.06,20.68,0.024,3.47,29.7,8.4,Safe
4.49,36.36,40.15,0.039,6.89,28.2,20.5,Safe
8.71,35.84,47.67,0.144,6.71,27.6,22.3,Safe
2.14,24.31,40.67,0.01,1.65,29.9,10.1,Safe
5.67,44.56,24.77,0.094,13.3,28.1,6.2,Safe
4.17,58.25,23.08,0.141,0.09,29.4,11.0,Safe
1.55,34.83,22.18,0.082,5.86,26.6,4.4,Safe
10.54,40.05,19.51,0.01,13.47,25.0,8.6,Safe
7.98,35.85,33.19,0.635,1.66,23.8,13.8,Safe
5.37,27.86,34.98,0.069,4.18,23.3,14.3,Safe
9.51,16.79,38.28,0.226,3.3,19.6,16.6,Safe
10.1,27.94,37.45,0.059,5.73,22.4,14.0,Safe
6.16,21.08,24.65,0.097,8.04,22.2,9.2,Safe
9.07,52.04,25.9,0.074,3.7,24.0,9.3,Safe
5.98,33.85,37.49,0.063,6.77,32.2,14.9,Safe
5.7,31.54,26.53,0.01,1.5,25.4,10.2,Safe
4.82,43.89,22.02,0.067,1.04,27.0,8.3,Safe
6.99,23.78,27.35,0.33,2.25,27.1,10.0,Safe
0.86,27.33,23.98,0.176,4.53,32.4,3.9,Safe
10.64,35.68,17.91,0.024,0.83,23.7,2.7,Safe
10.27,45.29,42.39,0.134,4.56,25.1,24.4,Safe
0.15,40.02,43.15,0.334,2.0,25.6,26.0,Safe
8.74,37.48,22.25,0.181,6.35,30.5,12.1,Safe
0.69,35.78,17.14,0.024,0.15,31.4,1.3,Safe
2.04,39.0,39.38,0.304,4.41,27.9,16.8,Safe
6.8,37.02,21.98,0.054,4.2,30.9,10.8,Safe
0.88,24.7,27.98,0.091,11.32,26.7,11.1,Safe
8.52,35.46,17.12,0.112,5.0,25.3,2.6,Safe
8.92,24.26,22.47,0.285,6.36,30.7,7.0,Safe
3.54,35.81,41.17,0.402,9.4,28.0,17.8,Safe
0.03,30.19,41.55,0.398,4.5,23.1,20.6,Safe
1.69,60.39,21.83,0.01,1.37,30.0,11.3,Safe
4.8,34.6,26.09,0.382,8.15,25.2,14.1,Safe
19.87,20.96,19.43,0.01,5.51,24.7,7.3,Safe
5.0,33.66,17.45,0.046,2.21,29.6,2.3,Safe
1.5,40.19,47.74,0.109,4.96,25.6,26.1,Safe
5.03,51.73,36.63,0.098,8.09,27.6,23.1,Safe
3.88,29.11,32.89,0.139,14.86,28.6,16.9,Safe
7.57,19.18,40.26,0.098,12.18,22.9,19.8,Safe
0.57,43.17,42.72,0.409,1.57,27.5,21.3,Safe
7.16,21.19,41.62,0.041,2.19,31.4,13.5,Safe
3.9,30.64,15.55,0.048,0.46,22.2,6.2,Safe
16.48,32.42,21.16,0.38,1.14,27.8,6.8,Safe
2.09,34.3,36.61,0.012,8.56,22.7,18.9,Safe
5.01,41.89,27.4,0.141,1.79,30.1,16.5,Safe
13.44,28.16,47.42,0.172,3.88,30.0,25.2,Safe
0.54,32.26,36.96,0.106,4.39,24.6,17.8,Safe
13.84,34.86,46.57,0.178,6.09,34.8,22.4,Safe
5.82,36.5,21.65,0.028,0.81,30.4,3.8,Safe
0.35,35.98,43.51,0.287,1.45,28.8,22.5,Safe
1.79,39.36,25.6,0.023,2.38,28.6,6.9,Safe
6.16,43.44,47.66,0.077,1.82,29.9,21.0,Safe
0.35,38.93,20.2,0.012,16.28,22.0,2.3,Safe
4.36,39.54,32.04,0.118,7.21,26.8,13.4,Safe
2.12,19.18,41.16,0.166,2.61,27.5,14.4,Safe
4.85,35.5,29.28,0.425,8.46,24.4,15.2,Safe
0.23,39.8,30.45,0.202,1.71,27.9,9.1,Safe
10.26,42.29,47.55,0.117,6.16,30.9,29.8,Safe
18.15,28.08,29.04,0.405,1.01,24.3,8.5,Safe
17.35,28.41,34.93,0.098,5.92,25.8,12.5,Safe
6.92,29.26,16.8,0.124,2.44,22.7,3.1,Safe
0.7,40.36,42.79,0.136,0.45,18.9,19.3,Safe
7.1,45.34,36.39,0.079,1.28,29.1,18.3,Safe
0.12,30.93,28.33,0.273,2.06,25.9,6.4,Safe
0.11,44.08,15.53,0.031,5.53,26.2,3.7,Safe
1.95,36.23,34.53,0.121,0.3,22.1,9.1,Safe
3.35,33.76,15.42,0.192,4.31,25.3,0.0,Safe
7.36,32.89,15.04,0.351,5.04,30.4,7.6,Safe
5.75,42.47,35.33,0.323,4.24,26.0,19.4,Safe
2.95,38.26,21.24,0.107,5.72,26.1,6.2,Safe
1.6,57.76,21.33,0.155,0.78,26.8,2.5,Safe
29.26,26.48,36.56,0.075,3.54,21.1,16.1,Safe
2.78,40.18,16.77,0.095,11.33,28.5,5.4,Safe
3.0,29.71,25.34,0.355,3.77,21.0,7.1,Safe
0.89,26.31,19.93,0.4,3.78,22.2,8.7,Safe
7.92,34.89,34.15,0.339,5.33,21.8,16.9,Safe
5.92,36.37,36.84,0.022,1.62,25.3,13.0,Safe
1.25,64.18,38.8,0.285,4.82,24.6,18.7,Safe
0.43,33.16,23.42,0.445,9.92,26.0,10.7,Safe
5.7,23.7,17.95,0.067,0.04,22.4,4.5,Safe
5.31,37.73,17.6,0.11,8.16,30.0,6.3,Safe
1.6,14.25,29.06,0.227,0.99,29.3,12.4,Safe
15.07,34.08,46.21,0.124,2.43,25.3,24.3,Safe
0.82,35.16,22.19,0.755,7.65,24.1,8.8,Safe
2.83,42.95,23.47,0.091,6.95,23.7,10.2,Safe
14.38,44.74,18.33,0.188,8.9,24.8,9.5,Safe
2.72,29.96,34.98,0.236,11.28,20.4,17.2,Safe
5.09,33.49,37.44,0.102,2.37,22.2,15.6,Safe
2.53,27.34,36.22,0.292,4.27,29.4,16.7,Safe
1.6,23.72,43.42,0.118,1.98,27.2,16.8,Safe
20.67,38.1,31.05,0.08,1.73,32.5,12.5,Safe
2.63,22.26,19.44,0.017,2.26,24.8,3.3,Safe
11.23,30.85,24.55,0.075,5.44,24.6,7.3,Safe
1.31,25.05,36.86,0.199,2.78,24.4,13.3,Safe
1.2,40.5,35.23,0.381,6.73,24.7,14.5,Safe
0.16,53.01,32.52,0.043,5.47,23.4,17.7,Safe
5.27,21.98,37.54,0.066,0.08,27.1,13.4,Safe
2.3,16.47,36.03,0.025,3.98,26.1,13.9,Safe
9.99,33.75,44.08,0.176,2.29,24.0,22.1,Safe
3.2,35.16,34.34,0.484,2.44,31.0,12.4,Safe
17.24,37.19,40.69,0.154,6.82,33.6,24.9,Safe
1.03,30.54,23.21,0.144,3.17,30.7,5.7,Safe
10.15,32.99,37.38,0.121,8.67,28.2,16.8,Safe
7.49,38.68,44.77,0.014,4.99,29.0,22.8,Safe
7.37,45.4,27.73,0.196,3.22,33.4,12.2,Safe
9.31,15.45,40.71,0.138,5.62,29.0,23.1,Safe
7.16,31.31,38.92,0.162,0.16,23.7,17.4,Safe
4.92,37.14,16.96,0.344,0.11,27.6,2.5,Safe
0.7,25.82,34.19,0.23,0.35,28.5,16.3,Safe
0.17,52.31,19.3,0.228,2.3,22.0,2.0,Safe
12.68,28.65,46.92,0.393,1.07,24.9,21.1,Safe
4.79,34.59,41.78,0.69,16.61,30.4,22.9,Safe
7.96,40.56,18.62,0.131,3.13,18.7,4.9,Safe
3.28,29.09,19.02,0.017,4.34,21.0,4.5,Safe
0.62,16.53,34.62,0.092,1.31,25.3,11.8,Safe
0.67,30.71,26.38,0.232,1.55,27.4,9.1,Safe
5.78,45.29,16.15,0.01,1.63,20.6,4.7,Safe
2.81,31.63,32.87,0.01,4.8,25.5,12.1,Safe
1.12,26.54,27.8,0.01,2.57,30.6,11.2,Safe
3.38,44.26,18.34,0.197,2.92,26.3,0.9,Safe
0.33,31.69,41.46,0.104,3.59,29.8,10.9,Safe
4.36,29.9,45.2,0.069,5.86,23.6,22.4,Safe
1.57,36.49,39.97,0.017,0.38,22.8,15.5,Safe
7.99,42.71,42.14,0.198,6.0,29.4,26.5,Safe
1.86,58.82,22.14,0.058,3.31,27.5,10.9,Safe
3.04,43.27,23.7,0.046,4.42,21.3,9.4,Safe
0.06,46.6,21.88,0.158,1.59,22.8,5.6,Safe
0.38,29.94,40.25,0.123,2.11,32.3,17.5,Safe
2.49,24.74,46.28,0.068,1.05,22.3,17.2,Safe
3.27,35.62,38.66,0.154,15.51,29.7,20.0,Safe
4.58,36.07,44.09,0.047,2.75,24.1,19.4,Safe
1.72,24.21,36.08,0.238,22.16,26.0,18.3,Safe
5.94,33.25,27.79,0.039,2.69,27.2,8.8,Safe
9.83,38.99,29.05,0.026,0.99,17.6,13.5,Safe
7.57,38.6,17.49,0.229,2.83,20.1,5.4,Safe
0.2,40.04,16.04,0.185,0.16,26.3,1.4,Safe
3.27,37.91,37.95,0.03,9.41,23.1,16.8,Safe
0.55,29.93,29.47,0.019,6.83,30.0,6.9,Safe
1.39,29.86,33.22,0.273,5.18,19.6,8.0,Safe
21.59,23.01,33.4,0.225,3.76,28.3,16.4,Safe
0.77,52.85,24.15,0.059,3.47,20.5,8.1,Safe
3.45,35.13,30.7,0.161,22.89,24.6,12.4,Safe
4.81,32.75,30.54,0.02,1.3,21.7,11.7,Safe
6.06,25.71,27.82,0.106,6.05,33.6,7.4,Safe
4.1,64.36,42.08,0.01,3.48,20.6,24.4,Safe
0.05,24.27,29.89,0.075,14.9,25.5,8.0,Safe
1.98,30.71,34.92,0.012,7.04,19.1,15.4,Safe
3.65,39.16,44.55,0.097,26.08,32.4,28.4,Safe
0.46,41.0,43.59,0.082,3.55,27.6,21.8,Safe
2.16,44.58,44.38,0.088,0.92,26.5,20.3,Safe
0.17,53.08,23.91,0.01,2.8,31.9,9.2,Safe
0.41,40.06,16.15,0.067,4.97,26.6,0.0,Safe
2.53,24.44,23.62,0.212,5.96,26.9,12.3,Safe
0.71,32.43,24.2,0.069,0.0,26.5,7.4,Safe
4.19,38.08,45.01,0.188,2.81,28.3,25.9,Safe
5.85,55.68,36.43,0.069,1.07,24.0,17.7,Safe
8.06,21.02,17.7,0.083,8.31,25.1,0.6,Safe
1.12,47.03,19.47,0.124,0.66,29.2,4.0,Safe
0.92,36.8,20.14,0.451,4.39,27.1,6.0,Safe
0.55,43.38,35.8,0.017,1.24,25.5,14.7,Safe
5.06,33.98,39.27,0.01,1.76,20.4,21.0,Safe
6.13,26.58,43.37,0.14,11.29,32.0,18.6,Safe
0.16,42.51,46.04,0.447,1.1,23.4,21.3,Safe
13.76,41.54,21.66,0.687,0.4,29.9,10.5,Safe
0.27,44.72,25.22,0.099,0.29,26.7,4.4,Safe
3.9,34.87,22.93,0.095,2.81,20.8,6.5,Safe
6.17,29.0,26.84,0.155,4.11,31.0,9.2,Safe
10.24,19.41,45.18,0.122,1.59,27.0,19.3,Safe
6.26,43.19,33.98,0.151,4.69,31.3,16.5,Safe
8.09,39.24,39.36,0.311,0.25,25.3,23.3,Safe
2.07,25.34,31.17,0.206,7.79,28.8,9.2,Safe
8.43,29.61,15.95,0.103,6.78,18.9,1.2,Safe
0.42,30.33,17.12,0.093,16.93,24.0,5.6,Safe
11.26,20.17,32.75,0.153,11.03,20.9,13.8,Safe
3.97,26.82,38.72,0.091,1.76,24.5,15.6,Safe
8.5,23.66,22.11,0.092,2.04,27.9,1.7,Safe
3.01,30.88,38.82,0.01,5.48,23.6,21.6,Safe
5.16,27.61,41.75,0.029,0.58,29.5,17.5,Safe
3.74,18.73,28.59,0.101,1.51,22.6,4.0,Safe
6.58,55.23,39.63,0.259,0.5,29.5,22.8,Safe
0.43,47.53,28.33,0.049,2.43,31.2,8.2,Safe
0.31,27.21,37.39,0.111,3.21,30.1,16.2,Safe
1.42,37.72,40.21,0.063,0.95,24.6,13.7,Safe
0.87,39.17,47.73,0.017,0.11,17.5,24.2,Safe
10.27,46.91,26.4,0.477,5.08,28.3,9.3,Safe
1.24,26.81,28.56,0.289,0.08,25.5,6.4,Safe
18.62,45.92,20.47,0.012,14.51,22.1,8.8,Safe
2.05,29.52,21.73,0.191,1.0,23.8,3.7,Safe
1.01,21.64,37.88,0.064,4.36,31.7,12.1,Safe
7.8,42.24,45.26,0.79,2.28,21.5,21.2,Safe
5.38,47.91,28.02,0.054,0.25,27.9,10.1,Safe
3.45,60.88,20.93,0.041,2.56,26.9,9.8,Safe
4.05,23.0,24.41,0.126,2.91,24.6,11.0,Safe
6.35,41.99,30.02,0.27,7.72,28.6,15.7,Safe
1.3,30.9,24.59,0.032,5.27,32.5,8.8,Safe
28.04,42.83,22.71,0.185,0.33,24.8,5.0,Safe
18.4,20.3,39.29,0.01,0.94,25.0,15.5,Safe
5.25,22.37,15.26,0.377,1.5,28.5,0.2,Safe
1.11,27.24,32.79,0.013,0.5,29.7,6.7,Safe
5.7,35.79,41.19,0.368,2.44,25.5,16.1,Safe
0.37,28.59,23.79,0.101,16.62,24.8,9.8,Safe
0.16,41.59,34.91,0.089,2.89,17.1,13.3,Safe
1.49,45.27,37.07,0.544,5.42,22.9,15.2,Safe
3.11,41.0,36.62,0.697,4.59,21.4,16.7,Safe
10.14,51.19,29.71,0.158,7.59,28.7,15.4,Safe
6.49,39.16,26.44,0.02,0.97,25.0,7.3,Safe
6.79,22.83,42.59,0.106,5.61,24.9,14.8,Safe
2.77,48.63,40.03,0.113,8.53,26.0,19.1,Safe
2.12,28.95,25.6,0.108,0.75,22.5,9.3,Safe
2.32,44.1,18.4,0.126,1.7,32.2,0.0,Safe
21.97,50.74,17.37,0.01,14.04,31.2,6.1,Safe
0.2,39.57,18.11,0.186,6.07,32.5,4.2,Safe
10.09,20.04,34.23,0.187,1.33,28.7,10.1,Safe
4.32,25.82,16.7,0.018,3.32,25.9,0.0,Safe
2.89,48.23,26.12,0.127,2.07,32.5,12.4,Safe
6.46,33.31,39.86,0.126,2.69,23.3,19.8,Safe
3.33,35.8,24.71,0.172,1.76,22.5,8.0,Safe
10.33,42.59,40.19,0.013,1.31,23.6,17.9,Safe
11.55,41.96,39.6,0.148,4.49,28.1,20.4,Safe
2.74,37.79,23.11,0.049,6.03,23.0,8.2,Safe
1.62,32.91,39.05,0.106,8.28,25.4,17.1,Safe
4.49,31.87,39.68,0.223,0.68,19.6,17.5,Safe
12.17,43.58,28.12,0.183,6.92,27.9,11.8,Safe
1.18,40.54,21.94,0.019,1.18,19.9,0.0,Safe
4.88,32.43,32.2,0.134,2.23,22.3,11.6,Safe
4.99,45.82,45.41,0.522,9.27,30.9,28.5,Safe
6.6,33.71,36.11,0.026,2.42,30.7,14.8,Safe
0.71,26.48,20.71,0.288,0.88,27.5,5.4,Safe
6.29,27.41,37.53,0.182,0.7,27.1,13.8,Safe
11.99,25.21,29.1,0.223,2.56,23.9,9.8,Safe
0.99,32.28,34.52,0.05,5.75,22.9,13.9,Safe
1.36,47.34,39.22,0.051,23.52,24.6,28.8,Safe
17.77,26.95,31.99,0.355,6.19,19.9,16.2,Safe
1.0,36.88,41.86,0.067,8.38,27.0,21.7,Safe
9.63,28.43,38.83,0.01,5.51,26.2,17.2,Safe
3.39,32.4,35.3,0.138,9.03,22.3,12.0,Safe
1.42,19.9,19.98,0.02,0.32,32.3,5.8,Safe
10.23,32.79,42.59,0.239,10.63,28.4,24.5,Safe
2.95,33.06,45.88,0.154,2.02,28.8,21.4,Safe
3.62,40.4,19.52,0.312,10.18,24.1,6.5,Safe
2.23,37.23,31.11,0.23,0.32,26.0,13.1,Safe
4.49,23.02,23.54,0.018,5.02,28.5,5.3,Safe
0.89,45.84,39.9,0.072,5.32,26.6,21.3,Safe
2.48,37.1,38.81,0.223,23.12,32.4,20.2,Safe
17.44,36.98,19.65,0.081,5.86,25.2,1.3,Safe
1.49,34.91,43.94,0.538,1.93,24.0,17.5,Safe
5.35,29.82,20.97,0.2,3.26,28.5,5.7,Safe
1.97,37.18,41.31,0.01,1.83,20.9,17.0,Safe
7.42,39.76,30.08,0.318,0.87,29.7,12.0,Safe
0.7,17.53,25.83,0.016,1.14,20.8,2.6,Safe
17.5,29.61,20.22,0.023,1.0,28.6,5.8,Safe
3.02,32.45,20.53,0.199,3.18,23.4,2.6,Safe
1.35,37.56,36.84,0.3,9.46,27.9,18.8,Safe
0.38,46.93,33.16,0.115,9.75,29.6,12.3,Safe
0.93,27.28,19.03,0.051,0.23,26.6,0.8,Safe
3.67,30.02,18.72,0.065,0.33,21.2,0.8,Safe
2.05,29.87,17.39,0.063,1.12,22.4,3.9,Safe
8.83,26.98,39.54,0.059,1.18,23.1,14.6,Safe
2.82,31.53,38.49,0.042,0.4,18.4,15.9,Safe
1.43,42.71,16.93,0.141,1.97,30.5,6.4,Safe
4.8,24.46,33.49,0.346,3.54,26.4,17.0,Safe
6.13,39.28,17.79,0.055,3.45,21.5,4.6,Safe
0.91,17.98,44.82,0.031,3.14,31.8,13.8,Safe
0.92,29.39,44.93,0.274,1.65,23.2,22.0,Safe
0.19,31.71,38.04,0.203,4.9,27.0,19.5,Safe
6.67,51.75,45.56,0.401,7.01,22.7,27.4,Safe
5.45,32.25,41.78,0.027,1.7,17.9,21.0,Safe
3.22,12.99,42.34,0.023,0.36,20.5,15.6,Safe
9.29,15.01,33.8,0.117,1.41,24.2,7.3,Safe
8.19,35.34,25.1,0.143,0.59,29.6,6.6,Safe
4.4,41.14,22.19,0.098,2.52,27.4,5.5,Safe
10.14,38.75,25.8,0.137,0.68,26.6,8.2,Safe
1.15,36.68,35.74,0.03,2.49,18.0,11.9,Safe
0.59,46.62,20.7,0.098,1.0,31.1,3.5,Safe
1.57,29.6,23.54,0.161,5.37,26.9,10.1,Safe
0.29,43.95,30.45,0.085,0.11,25.5,7.2,Safe
3.79,18.68,22.69,0.171,3.24,30.5,3.4,Safe
13.79,25.95,34.43,0.09,0.74,31.0,14.7,Safe
0.2,16.93,45.46,0.061,0.0,30.6,14.5,Safe
0.65,32.25,39.69,0.054,8.14,25.0,18.4,Safe
3.01,34.54,36.99,0.079,4.45,22.0,14.5,Safe
13.58,36.14,34.23,0.01,0.42,30.0,15.4,Safe
1.9,35.62,31.1,0.166,4.36,20.5,9.4,Safe
3.54,25.72,21.16,0.28,3.78,33.8,0.6,Safe
0.21,33.1,44.53,0.066,2.56,26.1,18.0,Safe
0.8,20.03,23.2,0.01,2.17,21.8,0.2,Safe
21.57,48.63,18.01,0.649,8.72,21.1,8.4,Safe
16.78,31.96,39.75,0.046,1.12,20.9,15.1,Safe
0.02,30.11,20.8,0.02,2.03,26.6,1.4,Safe
15.16,50.89,27.27,0.069,1.6,26.0,15.7,Safe
5.1,22.58,15.93,0.201,5.9,21.1,2.9,Safe
10.12,23.74,19.52,0.052,9.93,24.6,0.9,Safe
3.03,24.04,20.72,0.128,7.58,20.5,4.8,Safe
3.62,34.32,16.8,0.081,6.39,28.4,2.9,Safe
3.36,39.32,36.67,0.019,17.31,25.8,13.9,Safe
5.5,42.4,42.62,0.06,4.78,24.5,22.2,Safe
0.75,60.72,27.32,0.194,5.56,20.8,15.3,Safe
0.15,12.51,43.86,0.142,16.25,24.8,19.0,Safe
1.84,41.09,22.04,0.019,0.03,24.3,5.2,Safe
6.1,29.43,25.74,0.027,4.02,27.3,6.5,Safe
1.13,29.14,19.97,0.154,5.37,26.7,5.5,Safe
5.6,28.8,35.48,0.252,10.0,29.2,15.1,Safe
17.52,25.91,28.86,0.064,8.61,24.1,10.9,Safe
0.49,51.85,35.24,0.136,7.38,18.6,15.7,Safe
5.58,43.42,40.14,0.028,11.66,30.0,26.5,Safe
2.93,35.23,33.01,0.056,3.08,22.3,12.1,Safe
10.13,48.51,35.71,0.01,0.03,21.6,18.5,Safe
0.97,19.87,45.86,0.219,0.04,25.8,17.3,Safe
5.9,21.69,24.87,0.077,3.15,27.2,0.1,Safe
9.1,13.22,26.85,0.254,2.29,23.9,7.1,Safe
14.47,28.01,38.68,0.185,2.4,23.8,14.0,Safe
5.75,36.62,35.17,0.265,2.05,24.4,17.5,Safe
3.44,36.03,20.89,0.05,9.99,31.7,3.1,Safe
4.81,36.49,27.41,0.031,1.78,26.0,10.5,Safe
10.16,20.89,30.44,0.536,7.76,22.1,14.7,Safe
4.23,43.03,28.84,0.19,9.33,22.2,13.5,Safe
0.15,37.4,20.88,0.269,2.77,25.0,5.8,Safe
13.36,42.33,45.51,0.01,2.37,27.0,22.9,Safe
5.85,16.07,40.16,0.066,5.73,27.9,15.2,Safe
5.64,38.11,30.88,0.204,4.92,26.5,9.5,Safe
1.21,23.12,37.44,0.012,1.59,22.6,13.1,Safe
5.38,31.03,44.61,0.126,0.43,24.3,21.7,Safe
2.5,40.34,19.49,0.084,1.23,28.9,2.5,Safe
5.27,35.91,23.26,0.01,0.56,21.4,6.5,Safe
0.56,26.48,32.91,0.04,1.4,24.1,10.4,Safe
5.36,35.06,41.37,0.05,1.21,28.4,18.7,Safe
37.21,19.68,16.2,0.018,4.06,29.5,6.1,Safe
0.25,46.5,47.47,0.15,12.36,25.2,23.8,Safe
18.9,32.95,30.01,0.042,4.63,24.4,9.7,Safe
2.61,46.19,26.85,0.049,10.45,20.7,5.6,Safe
10.23,29.73,24.66,0.343,6.13,28.1,10.8,Safe
7.63,29.76,20.75,0.094,5.21,31.3,6.4,Safe
4.19,27.36,41.12,0.075,2.14,36.3,16.3,Safe
6.71,43.76,46.53,0.193,1.57,27.5,22.3,Safe
10.54,27.91,28.65,0.361,7.49,25.8,11.1,Safe
2.59,41.45,46.43,0.01,9.43,22.3,24.5,Safe
1.98,31.18,42.19,0.089,2.41,18.5,16.2,Safe
5.51,15.24,30.87,0.142,0.04,26.7,8.0,Safe
8.25,29.3,37.24,0.058,6.29,35.4,19.2,Safe
7.18,23.21,29.35,0.222,1.34,31.1,6.3,Safe
7.99,35.34,33.44,0.534,0.04,30.5,16.9,Safe
2.86,23.1,16.92,0.431,6.54,27.0,0.0,Safe
8.51,44.26,37.98,0.046,2.91,27.4,22.3,Safe
0.64,34.09,16.74,0.038,4.62,16.3,0.0,Safe
3.93,33.22,41.96,0.474,9.85,29.1,22.5,Safe
0.03,41.56,42.22,0.092,3.12,23.7,17.9,Safe
1.96,44.64,22.82,0.035,2.8,23.2,6.8,Safe
2.28,34.8,25.68,0.184,1.37,24.7,7.8,Safe
2.52,27.29,30.88,0.05,1.46,24.6,11.4,Safe
5.94,17.26,34.69,0.047,6.37,23.1,7.5,Safe
2.46,28.14,24.48,0.317,2.38,26.1,7.1,Safe
2.98,28.83,34.55,0.027,0.71,23.8,12.5,Safe
1.36,36.07,24.83,0.01,0.4,26.4,5.4,Safe
2.34,31.55,16.83,0.047,2.56,20.1,2.2,Safe
1.29,41.88,15.08,0.14,2.5,25.1,0.8,Safe
0.38,28.87,18.34,0.02,4.24,21.6,4.4,Safe
4.62,34.43,41.14,0.096,2.55,23.4,18.9,Safe
5.52,46.84,46.73,0.148,0.62,26.6,24.8,Safe
4.83,38.42,29.09,0.283,2.84,19.6,13.2,Safe
3.11,34.4,31.92,0.039,9.49,22.7,16.3,Safe
2.39,28.98,19.85,0.255,0.69,28.3,1.8,Safe
9.95,28.67,33.18,0.04,4.68,20.3,18.5,Safe
3.66,26.49,19.77,0.169,3.6,33.1,5.2,Safe
3.26,29.59,35.17,0.084,5.52,30.8,12.6,Safe
0.13,42.56,45.8,0.018,0.65,24.0,27.0,Safe
2.09,32.78,21.46,0.188,11.36,22.9,5.7,Safe
2.39,21.5,40.23,0.037,3.88,26.8,11.7,Safe
2.54,52.68,15.78,0.029,7.51,20.2,2.7,Safe
4.34,38.2,27.39,0.067,1.13,18.0,8.0,Safe
3.81,20.93,18.65,0.159,5.38,24.2,6.0,Safe
4.68,30.58,26.63,0.04,6.08,25.5,8.5,Safe
7.24,36.11,20.73,0.03,2.03,26.4,5.6,Safe
8.38,52.05,27.32,0.01,1.94,23.5,11.6,Safe
6.33,23.92,28.78,0.096,4.29,31.1,12.2,Safe
15.56,44.76,24.92,0.084,0.39,20.0,8.7,Safe
0.09,48.99,36.67,0.04,5.32,21.4,17.0,Safe
1.09,28.71,45.32,0.01,0.18,27.9,16.1,Safe
0.04,32.22,28.22,0.084,0.85,21.4,7.7,Safe
5.21,24.64,21.35,0.233,4.36,21.2,6.6,Safe
11.42,32.97,23.93,0.188,0.41,26.5,9.4,Safe
1.4,34.63,43.18,0.296,14.28,21.8,27.1,Safe
13.09,41.6,33.86,0.01,8.11,25.5,16.2,Safe
0.31,45.9,30.02,0.509,3.94,23.2,12.9,Safe
13.62,27.52,19.94,0.063,6.84,22.6,6.2,Safe
2.17,15.33,29.84,0.697,8.74,17.6,10.3,Safe
0.53,34.79,24.19,0.044,1.2,26.6,5.1,Safe
3.33,37.94,46.12,0.096,7.57,21.0,24.2,Safe
1.48,37.49,44.17,0.066,0.87,25.3,18.5,Safe
1.68,31.73,17.77,0.066,2.13,24.0,2.2,Safe
1.84,36.25,32.05,0.277,3.27,25.2,14.3,Safe
8.12,50.15,22.43,0.206,5.01,25.4,9.6,Safe
3.87,38.82,28.56,0.727,0.12,26.8,16.9,Safe
1.86,31.27,43.94,0.143,1.37,23.1,20.7,Safe
4.71,30.0,32.41,0.093,3.75,31.0,10.1,Safe
6.3,33.3,26.03,0.014,1.77,18.6,7.1,Safe
1.59,51.37,21.86,0.851,5.97,25.1,6.7,Safe
2.67,33.17,41.41,0.12,4.22,29.3,15.7,Safe
0.65,34.8,35.61,0.181,1.07,27.9,17.0,Safe
1.0,30.18,30.45,0.078,0.63,22.1,9.1,Safe
5.71,45.99,22.18,0.119,3.97,22.8,4.1,Safe
1.0,54.6,26.03,0.429,2.39,22.0,6.6,Safe
3.72,39.51,46.67,0.027,0.74,28.4,18.1,Safe
6.17,35.83,32.16,0.052,1.58,23.0,10.3,Safe
0.57,35.37,28.22,0.025,1.44,27.0,9.1,Safe
4.19,11.16,32.21,0.236,0.46,27.1,9.1,Safe
1.48,42.45,40.71,0.01,3.17,35.5,20.5,Safe
16.47,36.34,26.22,0.013,5.77,27.3,7.8,Safe
3.3,39.28,20.9,0.053,3.43,22.8,8.8,Safe
8.2,27.89,34.3,0.108,7.0,20.2,13.7,Safe
4.0,31.16,36.95,0.078,0.55,24.9,15.3,Safe
0.22,30.89,38.52,0.01,2.29,25.5,13.4,Safe
5.01,45.22,44.11,0.474,3.76,17.2,26.4,Safe
15.12,31.21,27.25,0.458,4.51,23.1,7.9,Safe
4.6,55.83,17.49,0.049,4.76,27.2,2.1,Safe
8.55,39.31,46.63,0.197,5.22,23.9,22.2,Safe
10.78,22.24,29.36,0.13,4.22,29.9,12.9,Safe
1.29,33.71,35.57,0.041,0.4,19.8,12.6,Safe
1.19,28.48,36.99,0.046,4.75,28.7,11.8,Safe
4.72,13.06,33.03,0.101,5.16,29.7,10.7,Safe
2.65,50.99,21.77,0.082,20.13,29.8,10.1,Safe
9.16,42.03,39.92,0.052,4.73,19.7,17.1,Safe
11.51,40.33,41.52,0.247,4.64,27.3,22.0,Safe
2.18,36.65,33.25,0.099,2.89,23.3,12.7,Safe
1.35,21.18,31.12,0.16,8.1,20.4,9.4,Safe
7.58,30.16,18.76,0.031,23.02,24.3,3.0,Safe
1.61,43.42,17.77,0.114,6.04,22.4,6.7,Safe
8.65,24.49,26.21,0.057,3.79,29.7,6.7,Safe
2.76,10.0,25.26,0.112,0.33,28.1,0.0,Safe
5.51,32.73,46.47,0.228,5.19,21.4,23.3,Safe
0.5,33.58,40.86,0.22,4.93,23.1,19.0,Safe
4.89,36.36,36.78,0.066,5.98,24.5,18.6,Safe
3.01,42.29,32.08,0.178,0.53,25.7,14.1,Safe
4.42,41.38,20.52,0.425,4.24,30.0,7.3,Safe
0.92,37.59,47.29,0.147,1.4,28.8,20.6,Safe
6.68,46.96,27.38,0.024,5.71,26.2,10.1,Safe
9.93,19.81,18.53,0.171,1.1,25.0,4.8,Safe
1.22,40.05,31.3,0.017,4.61,18.9,11.9,Safe
0.5,41.27,43.84,0.308,1.4,31.2,17.2,Safe
0.12,22.6,44.28,0.109,0.04,24.2,15.1,Safe
5.14,19.97,15.36,0.073,4.01,32.2,1.0,Safe
4.67,27.54,44.25,0.01,0.48,26.8,12.7,Safe
3.96,28.38,23.96,0.072,4.31,34.1,8.5,Safe
1.32,42.53,16.29,0.35,10.39,28.4,4.7,Safe
2.48,28.85,42.98,0.01,13.93,20.3,17.3,Safe
4.51,26.44,43.51,0.097,1.08,23.5,16.6,Safe
3.43,28.88,34.68,0.401,6.63,25.3,14.3,Safe
22.03,46.19,33.96,0.075,1.75,22.5,19.6,Safe
0.73,35.13,41.83,0.084,9.23,24.5,22.1,Safe
5.94,33.21,40.95,0.13,6.2,20.5,21.6,Safe
2.59,33.9,44.37,0.093,0.31,26.0,19.9,Safe
2.79,47.92,33.24,0.028,2.09,26.9,12.9,Safe
6.32,27.51,46.93,0.01,1.65,22.0,17.6,Safe
5.9,48.16,47.87,0.141,6.15,33.8,25.5,Safe
23.7,37.1,18.85,0.38,2.11,26.3,6.4,Safe
0.69,33.4,43.03,0.017,4.62,22.7,18.6,Safe
0.55,60.01,31.49,0.036,3.69,19.5,17.7,Safe
6.44,24.44,27.79,0.069,14.86,26.2,9.9,Safe
4.32,31.46,35.23,0.248,11.11,25.0,11.0,Safe
1.6,22.68,16.85,0.047,2.23,29.1,0.0,Safe
0.41,44.52,31.71,0.321,5.14,25.4,11.7,Safe
0.45,51.89,43.74,0.01,7.08,21.2,21.3,Safe
11.23,51.7,22.04,0.424,9.17,32.7,3.2,Safe
1.07,47.24,29.07,0.123,0.28,27.7,15.2,Safe
1.95,33.02,46.0,0.161,1.44,25.0,14.7,Safe
1.29,31.35,29.14,0.069,1.54,26.7,7.9,Safe
2.19,18.29,26.83,0.228,2.28,27.9,8.9,Safe
0.36,55.36,29.54,0.027,0.74,20.3,13.9,Safe
3.66,39.69,32.14,0.01,2.74,26.6,9.0,Safe
0.35,30.08,35.86,0.076,4.35,24.2,16.7,Safe
8.06,48.28,41.42,0.288,2.75,28.0,24.8,Safe
1.33,25.27,29.92,0.211,4.38,23.0,9.5,Safe
3.88,39.07,41.98,0.109,0.28,23.6,18.8,Safe
10.6,33.27,32.61,0.127,8.35,32.7,12.1,Safe
5.26,41.39,26.17,0.021,11.19,30.9,11.2,Safe
3.81,34.36,36.71,0.276,3.85,12.8,14.4,Safe
1.96,20.49,38.68,0.232,8.53,30.6,14.1,Safe
2.02,35.76,33.42,0.16,0.56,25.7,14.3,Safe
5.54,45.49,16.87,0.094,6.39,23.2,5.2,Safe
25.7,34.71,20.61,0.501,0.51,22.0,15.8,Safe
5.42,42.75,24.41,0.317,2.1,22.2,6.8,Safe
4.08,24.54,24.33,0.155,1.57,23.3,9.6,Safe
6.56,34.74,37.22,0.07,3.52,21.5,13.8,Safe
3.13,28.75,15.61,0.144,1.44,20.6,3.1,Safe
0.31,42.47,39.94,0.129,4.06,21.8,12.1,Safe
4.13,35.31,23.76,0.075,1.83,27.3,5.7,Safe
15.81,41.9,25.23,0.055,7.89,26.2,11.7,Safe
0.96,45.88,32.42,0.078,4.02,28.2,14.6,Safe
5.86,41.92,22.13,0.128,0.97,25.7,1.8,Safe
1.12,37.73,44.19,0.084,1.64,20.8,18.7,Safe
3.84,25.02,17.82,0.046,7.52,28.0,6.8,Safe
0.51,34.97,29.66,0.215,1.95,22.0,13.1,Safe
2.99,29.67,43.03,0.114,3.07,28.6,20.5,Safe
7.06,31.56,35.32,0.011,4.19,21.3,20.1,Safe
2.14,31.25,24.65,0.069,1.71,23.3,2.5,Safe
5.47,25.2,28.89,0.324,1.39,24.6,8.6,Safe
7.93,15.43,38.32,0.211,2.58,28.7,14.4,Safe
13.1,28.32,47.12,0.059,0.97,26.7,19.6,Safe
1.34,36.93,44.47,0.418,1.34,26.1,21.0,Safe
2.55,21.52,26.3,0.012,0.26,33.5,9.6,Safe
0.83,35.16,47.94,0.488,1.45,18.7,22.9,Safe
24.45,54.0,15.12,0.042,1.55,21.8,0.0,Safe
13.09,45.23,15.91,0.01,13.06,21.7,6.4,Safe
3.88,51.44,42.19,0.085,3.56,18.9,22.3,Safe
9.23,38.91,21.58,0.067,6.19,23.1,1.5,Safe
3.68,46.68,17.01,0.116,0.19,28.8,2.2,Safe
4.89,27.76,22.83,0.239,0.45,23.6,1.6,Safe
0.47,28.56,29.06,0.277,6.74,24.7,9.7,Safe
7.04,10.0,39.11,0.077,3.91,19.1,13.4,Safe
0.68,46.86,35.6,0.084,0.85,22.8,11.8,Safe
8.75,50.4,22.84,0.024,2.08,24.2,8.8,Safe
7.62,29.47,31.61,0.01,3.09,28.6,8.7,Safe
6.17,32.46,45.57,0.154,7.42,19.3,25.7,Safe
0.18,27.46,41.9,0.01,0.25,24.2,15.9,Safe
1.81,38.83,25.67,0.199,3.63,30.3,8.3,Safe
1.53,46.25,47.41,0.116,5.05,24.2,28.3,Safe
2.23,17.57,38.38,0.033,15.25,17.5,16.9,Safe
0.46,39.09,17.06,0.116,6.58,31.1,4.6,Safe
13.82,32.23,16.16,0.03,1.29,28.9,2.5,Safe
4.03,36.13,20.56,0.087,4.95,29.5,4.7,Safe
1.82,39.59,39.02,0.241,5.76,19.0,19.4,Safe
2.53,33.12,21.06,0.093,5.23,32.0,9.3,Safe
2.96,33.96,31.88,0.024,6.86,22.9,3.9,Safe
4.59,32.86,18.08,0.193,9.36,24.0,9.3,Safe
3.63,44.7,45.39,0.031,0.41,23.2,19.5,Safe
12.59,39.19,26.35,0.201,0.44,29.8,10.4,Safe
3.44,37.21,44.97,0.098,6.37,25.3,17.8,Safe
24.24,22.29,46.18,0.091,1.16,27.9,25.4,Safe
9.53,31.21,15.2,0.286,0.24,26.3,0.0,Safe
1.17,43.99,30.32,0.185,2.05,25.6,15.0,Safe
13.34,35.38,15.81,0.01,6.86,22.2,2.6,Safe
0.62,41.6,44.99,0.053,0.54,33.2,20.2,Safe
8.5,52.67,32.11,0.307,4.46,20.1,13.3,Safe
2.4,45.39,17.47,0.01,0.01,27.6,6.6,Safe
10.52,35.93,18.64,0.118,0.46,27.5,4.0,Safe
10.13,29.89,27.66,0.195,1.73,30.6,11.4,Safe
8.2,10.0,46.03,0.146,0.35,31.6,12.8,Safe
7.8,33.32,37.87,0.214,7.48,25.5,15.5,Safe
1.82,31.74,43.63,0.194,7.98,28.1,21.1,Safe
0.42,38.9,27.09,0.177,5.64,33.1,6.1,Safe
2.58,33.46,16.43,0.259,1.11,25.7,3.7,Safe
0.95,31.8,47.15,0.156,2.96,21.7,19.2,Safe
5.94,17.21,15.57,0.077,0.81,24.5,0.0,Safe
2.12,25.6,46.27,0.096,1.32,20.8,19.7,Safe
18.57,39.77,27.17,0.189,2.9,27.5,11.9,Safe
5.12,52.16,15.33,0.313,5.31,30.3,1.7,Safe
8.64,34.02,37.74,0.048,0.4,25.5,18.5,Safe
0.71,38.28,47.36,0.063,1.41,19.5,23.0,Safe
9.9,44.52,46.87,0.4,10.45,30.1,23.6,Safe
12.8,26.89,20.31,0.13,2.24,18.9,4.2,Safe
3.34,38.67,20.98,0.03,11.18,19.8,7.5,Safe
4.66,27.6,33.66,0.163,19.02,25.3,15.6,Safe
7.24,43.65,36.03,0.703,2.99,27.0,10.3,Safe
0.96,36.51,39.4,0.26,1.36,27.7,17.0,Safe
3.49,37.98,20.97,0.205,6.26,25.7,8.3,Safe
2.54,27.17,46.65,0.035,0.69,33.0,18.5,Safe
0.79,42.07,36.08,0.313,1.16,26.3,16.0,Safe
2.29,55.85,42.95,0.112,6.15,30.1,26.9,Safe
0.35,24.92,32.82,0.33,2.27,29.1,7.4,Safe
0.13,31.6,28.67,0.06,0.9,20.8,10.7,Safe
0.73,37.32,47.25,0.01,4.21,25.3,23.0,Safe
16.5,42.86,34.21,0.097,5.28,34.5,13.0,Safe
3.99,29.4,43.61,0.047,0.53,24.0,19.4,Safe
16.88,10.0,46.46,0.188,1.3,23.3,24.8,Safe
2.83,48.59,37.29,0.472,1.0,26.7,19.4,Safe
1.87,42.61,33.11,0.176,1.91,24.1,15.3,Safe
3.53,17.57,15.12,0.327,5.77,22.8,0.0,Safe
2.89,28.92,16.32,0.091,5.0,24.1,0.8,Safe
0.56,50.68,21.63,0.222,4.35,31.7,5.1,Safe
5.12,49.48,21.14,0.278,0.03,25.5,8.2,Safe
1.22,44.39,23.41,0.186,0.61,20.7,6.3,Safe
4.83,33.24,25.06,0.106,1.01,20.0,6.1,Safe
5.25,35.83,26.88,0.147,1.27,34.8,10.9,Safe
0.82,33.69,28.88,0.181,0.63,25.1,13.8,Safe
0.32,46.28,18.26,0.044,2.11,27.7,4.1,Safe
7.59,26.24,16.4,0.249,0.31,22.9,0.0,Safe
3.08,26.94,37.24,0.45,5.55,27.3,15.8,Safe
0.3,45.1,32.73,0.094,6.2,31.8,14.9,Safe
26.36,34.56,29.66,0.181,3.42,23.4,15.6,Safe
0.3,48.78,35.94,0.2,0.38,27.8,15.5,Safe
5.94,28.28,42.31,0.163,8.83,20.4,21.9,Safe
20.58,34.45,29.11,0.119,13.48,34.1,15.9,Safe
1.37,25.78,36.16,0.32,0.9,27.1,12.4,Safe
0.77,35.07,46.47,0.089,4.88,24.3,23.7,Safe
0.65,20.21,42.71,0.01,7.38,24.8,18.9,Safe
1.81,30.12,29.06,0.279,3.1,24.0,7.4,Safe
0.53,20.64,36.28,0.168,1.56,24.2,14.3,Safe
5.89,41.94,20.84,0.284,2.6,16.2,6.4,Safe
0.32,42.17,33.5,0.022,2.87,25.6,13.0,Safe
3.56,17.7,47.38,0.01,2.05,25.4,17.8,Safe
28.56,48.34,32.1,0.409,10.63,28.0,22.9,Safe
8.41,59.97,45.61,0.024,5.45,23.9,31.1,Safe
4.78,35.46,28.44,0.249,1.1,22.9,11.5,Safe
1.83,28.59,47.96,0.26,3.52,26.0,21.9,Safe
4.89,63.24,34.11,0.185,4.67,19.6,18.6,Safe
3.74,21.81,16.39,0.021,0.6,26.6,8.0,Safe
2.78,35.2,34.36,0.165,1.78,18.6,11.9,Safe
0.7,36.8,24.06,0.33,9.44,30.5,7.8,Safe
10.88,48.45,16.07,0.083,3.35,28.7,4.8,Safe
2.99,38.6,42.09,0.08,0.98,22.3,16.4,Safe
1.08,30.01,24.1,0.088,0.52,28.6,8.8,Safe
2.29,25.49,41.29,0.013,2.92,26.4,12.1,Safe
2.67,31.58,24.51,0.334,3.17,22.0,6.0,Safe
8.79,24.93,21.41,0.305,1.63,17.9,4.5,Safe
6.61,35.48,47.14,0.926,3.98,27.3,22.9,Safe
7.33,29.36,26.93,0.132,0.28,22.8,11.0,Safe
0.06,20.06,34.85,0.209,0.63,30.4,7.6,Safe
2.69,47.55,35.13,0.034,3.16,26.1,13.6,Safe
3.28,30.02,33.5,0.165,0.26,23.2,10.3,Safe
0.1,22.32,45.18,0.157,8.51,33.2,21.2,Safe
1.5,33.32,37.26,0.347,0.61,28.3,18.7,Safe
7.14,35.68,28.32,0.266,4.48,12.0,10.4,Safe
0.74,17.54,43.46,0.418,1.99,24.1,13.2,Safe
3.83,38.32,20.98,0.305,2.04,20.5,4.7,Safe
1.21,24.53,32.96,0.305,5.79,22.8,16.1,Safe
0.06,52.11,46.37,0.01,2.77,25.4,24.5,Safe
1.38,40.24,35.64,0.281,5.17,27.4,12.5,Safe
18.62,31.0,41.96,0.14,2.81,27.0,25.8,Safe
8.09,27.55,36.57,0.072,3.59,30.3,13.1,Safe
16.04,33.95,42.7,0.01,5.72,28.5,21.3,Safe
3.35,41.13,46.17,0.17,3.74,28.3,21.5,Safe
0.58,34.75,24.01,0.06,3.82,26.8,4.6,Safe
3.97,32.83,20.6,0.095,6.23,31.1,8.7,Safe
3.03,35.58,30.97,0.172,11.91,24.7,14.0,Safe
9.3,28.96,38.16,0.364,1.89,24.8,17.2,Safe
0.52,31.57,22.5,0.262,3.44,18.4,3.1,Safe
3.35,14.14,15.14,0.09,0.36,30.2,0.0,Safe
0.81,44.74,26.32,0.074,1.78,25.7,7.7,Safe
1.96,37.99,46.97,0.041,2.12,37.7,19.8,Safe
6.68,27.27,37.93,0.07,7.21,24.4,17.2,Safe
3.23,53.99,28.24,0.018,2.88,26.4,11.1,Safe
2.36,35.87,21.36,0.532,5.25,28.2,9.0,Safe
2.51,24.64,26.75,0.128,0.08,21.6,9.0,Safe
3.08,43.57,20.6,0.021,2.5,27.4,4.6,Safe
7.69,38.98,18.51,0.065,9.26,26.1,6.4,Safe
11.13,38.95,44.92,0.119,1.02,24.8,21.1,Safe
15.54,30.74,47.92,0.114,0.13,30.7,20.9,Safe
7.73,39.5,20.42,0.01,2.27,22.4,2.8,Safe
1.89,32.38,16.8,0.452,4.88,27.1,4.1,Safe
5.83,40.56,25.88,0.048,2.42,31.8,7.2,Safe
2.88,15.95,30.23,0.01,2.46,23.2,12.1,Safe
1.47,30.66,21.76,0.012,4.43,24.8,9.3,Safe
9.19,52.22,24.95,0.13,1.17,35.4,11.3,Safe
0.2,27.33,21.63,0.022,5.58,27.9,5.5,Safe
11.6,28.96,40.55,0.01,0.66,24.0,16.9,Safe
3.09,30.52,38.52,0.072,2.02,29.2,21.1,Safe
5.07,22.85,35.95,0.146,4.27,23.7,18.2,Safe
5.38,12.92,27.78,0.018,7.05,19.7,7.8,Safe
11.27,32.69,45.0,0.056,6.27,31.5,21.8,Safe
5.06,36.36,46.99,0.081,5.12,21.6,23.9,Safe
4.76,34.47,20.73,0.026,1.78,35.8,2.0,Safe
0.34,33.55,22.36,0.106,0.52,24.0,1.0,Safe
3.65,35.43,32.35,0.013,0.98,34.5,8.5,Safe
0.81,45.23,18.01,0.01,8.01,20.5,3.9,Safe
6.69,33.1,29.4,0.11,7.79,30.1,9.2,Safe
3.59,29.26,34.2,0.043,12.11,28.0,18.2,Safe
5.7,32.19,32.23,0.015,0.32,29.4,7.8,Safe
0.21,40.79,25.92,0.083,3.08,29.9,5.4,Safe
0.44,49.12,32.9,0.37,4.18,24.0,11.1,Safe
6.3,28.72,46.64,0.193,4.96,20.8,20.0,Safe
0.37,35.99,21.8,0.254,4.13,25.8,5.4,Safe
0.37,38.38,36.61,0.308,5.88,26.9,16.4,Safe
0.06,25.07,16.43,0.54,1.78,24.1,2.7,Safe
15.68,35.2,17.19,0.216,0.79,27.1,2.6,Safe
6.69,20.34,33.21,0.141,0.92,27.3,8.2,Safe
2.18,17.31,18.46,0.068,0.05,22.4,3.2,Safe
1.76,38.67,15.74,0.03,1.73,27.6,0.0,Safe
2.15,31.16,20.66,0.174,0.38,24.9,6.6,Safe
7.45,37.02,33.64,0.793,1.55,23.2,12.1,Safe
5.41,34.82,38.21,0.094,3.96,29.1,14.8,Safe
1.02,25.24,21.68,0.193,9.0,22.9,10.9,Safe
0.96,34.55,37.05,0.103,7.32,24.2,21.5,Safe
0.52,22.67,21.02,0.085,1.17,26.3,0.4,Safe
5.4,48.91,35.24,0.079,0.58,31.5,19.2,Safe
7.23,21.44,28.59,0.105,0.86,26.8,12.4,Safe
1.54,33.04,36.58,0.069,14.16,28.1,19.7,Safe
0.11,24.58,47.84,0.207,3.19,24.8,19.5,Safe
0.43,40.7,45.95,0.311,0.81,25.7,17.0,Safe
17.19,31.69,15.14,0.322,7.35,25.8,4.0,Safe
1.75,29.81,44.22,0.039,2.01,27.2,19.2,Safe
7.33,43.53,17.19,0.339,9.18,24.8,6.2,Safe
4.9,35.29,46.45,0.063,1.21,31.4,22.4,Safe
2.41,40.17,24.3,0.056,2.0,24.5,5.6,Safe
1.15,25.19,27.61,0.195,2.81,19.2,7.0,Safe
0.65,20.95,18.02,0.055,8.93,37.0,0.0,Safe
4.77,36.07,18.71,0.01,8.12,24.7,6.8,Safe
7.45,31.81,38.98,0.07,3.42,31.3,14.4,Safe
5.16,41.26,46.16,0.192,1.0,31.6,22.1,Safe
3.78,34.2,35.15,0.059,2.07,29.8,14.4,Safe
0.21,37.05,38.62,0.149,14.86,25.2,18.1,Safe
17.29,18.77,40.15,0.162,3.74,27.1,14.4,Safe
8.02,53.88,23.67,0.198,6.08,20.9,10.9,Safe
1.73,33.36,16.49,0.341,2.39,34.0,0.0,Safe
19.55,41.98,15.06,0.085,3.04,22.6,5.4,Safe
4.61,26.64,26.57,0.027,2.24,25.0,9.3,Safe
4.37,38.08,22.97,0.058,4.86,26.4,5.8,Safe
6.89,21.97,17.06,0.085,7.63,25.6,1.5,Safe
8.35,39.52,20.92,0.188,2.83,23.4,4.0,Safe
5.34,31.44,19.11,0.01,2.62,31.6,2.9,Safe
0.69,35.29,45.19,0.057,1.66,29.8,19.2,Safe
2.06,41.98,19.63,0.227,0.78,27.3,4.5,Safe
13.16,22.67,32.74,0.167,11.2,24.4,17.5,Safe
1.27,28.16,34.57,0.197,1.52,30.3,8.0,Safe
2.33,39.57,32.94,0.251,6.45,24.1,12.3,Safe
2.83,55.98,18.27,0.229,5.03,32.3,8.0,Safe
2.89,33.62,25.52,0.172,6.26,26.4,13.8,Safe
4.75,40.91,16.69,0.087,11.04,30.9,2.2,Safe
14.33,33.93,28.06,0.617,3.91,25.5,15.0,Safe
1.38,54.42,21.22,0.126,9.13,26.3,5.3,Safe
0.65,17.53,33.53,0.034,0.73,30.9,8.9,Safe
1.1,35.95,37.86,0.052,3.94,34.8,15.9,Safe
10.9,18.74,32.56,0.177,5.92,32.2,10.3,Safe
5.19,10.0,29.33,0.388,1.27,29.5,8.2,Safe
1.68,37.97,27.78,0.03,5.4,28.4,6.6,Safe
8.46,36.39,42.78,0.013,6.03,24.0,22.5,Safe
9.88,32.15,22.24,0.32,7.12,27.2,5.4,Safe
9.37,33.94,39.23,0.37,1.5,22.3,16.3,Safe
12.56,65.98,40.0,0.049,4.58,27.5,23.0,Safe
1.45,32.42,28.83,0.071,1.45,27.8,7.5,Safe
7.03,40.1,24.81,0.162,5.37,18.2,9.5,Safe
3.09,28.51,30.53,0.06,2.49,26.2,10.3,Safe
9.23,37.95,18.08,0.315,3.64,27.7,11.4,Safe
6.52,32.62,16.52,0.017,2.15,25.7,1.9,Safe
7.49,30.89,18.68,0.01,0.71,27.4,3.2,Safe
5.34,53.19,21.18,0.035,0.78,20.6,10.3,Safe
0.98,46.77,31.64,0.051,0.32,22.9,13.3,Safe
3.94,36.37,43.02,0.018,3.85,30.1,19.4,Safe
20.89,11.96,22.78,0.01,7.55,26.0,6.4,Safe
13.85,31.39,45.86,0.211,0.08,27.4,22.1,Safe
0.22,62.03,46.51,0.027,0.27,23.8,28.6,Safe
0.9,32.69,46.64,0.368,2.45,26.1,24.6,Safe
0.71,46.03,42.64,0.069,5.35,16.8,24.0,Safe
6.47,49.42,27.01,0.167,0.69,29.4,12.1,Safe
8.51,37.19,17.4,0.038,1.27,33.2,4.0,Safe
1.2,26.58,33.77,0.041,1.06,21.7,16.3,Safe
3.52,10.65,33.44,0.128,2.04,22.2,9.5,Safe
9.18,41.84,43.05,0.123,1.02,27.8,22.9,Safe
6.6,26.85,47.87,0.22,1.74,31.9,23.9,Safe
3.91,36.76,31.77,0.213,5.22,26.0,15.8,Safe
4.46,22.5,26.39,0.167,3.78,21.1,5.7,Safe
3.55,32.35,21.13,0.089,0.34,25.2,11.9,Safe
1.77,35.34,15.16,0.332,4.06,21.9,6.9,Safe
4.16,37.69,31.8,0.146,2.59,23.3,15.3,Safe
5.84,23.85,33.33,0.694,10.91,24.8,12.5,Safe
10.33,46.97,42.22,0.257,1.37,22.3,24.8,Safe
5.06,29.03,31.65,0.01,5.18,22.9,5.7,Safe
7.16,18.26,45.24,0.058,5.25,26.3,18.0,Safe
0.87,33.91,35.73,0.127,1.0,26.9,13.9,Safe
3.1,35.34,42.73,0.192,9.34,20.3,20.1,Safe
0.05,36.61,19.89,0.12,2.7,27.6,8.7,Safe
1.42,48.62,43.23,0.231,4.54,24.5,23.1,Safe
6.48,32.64,37.28,0.05,0.63,28.9,12.5,Safe
24.02,33.8,20.62,0.03,1.19,29.1,8.1,Safe
0.52,23.97,21.26,0.01,3.53,23.8,5.1,Safe
2.57,43.21,45.57,0.128,1.54,28.5,17.9,Safe
8.05,36.84,16.06,0.175,2.77,22.7,6.5,Safe
1.14,30.8,30.26,0.059,1.87,31.3,10.2,Safe
4.05,15.95,25.34,0.143,4.09,22.8,9.2,Safe
6.6,49.44,36.95,0.01,2.67,27.4,19.0,Safe
4.79,22.72,42.71,0.016,0.02,25.2,14.8,Safe
1.04,29.09,26.89,0.181,4.2,21.9,9.6,Safe
2.2,38.58,29.09,0.069,2.19,29.6,10.2,Safe
7.66,23.03,47.4,0.167,1.67,23.5,20.6,Safe
4.04,20.06,40.87,0.267,0.4,19.2,16.3,Safe
0.03,13.76,44.61,0.287,1.0,14.5,14.7,Safe
7.16,42.21,29.48,0.028,1.01,22.5,12.6,Safe
0.18,29.55,22.72,0.1,10.96,31.5,5.8,Safe
6.85,64.27,28.59,0.199,2.27,31.0,13.0,Safe
1.13,25.06,38.63,0.223,0.17,23.1,15.8,Safe
15.86,25.79,18.61,0.23,0.6,24.5,7.8,Safe
2.29,29.35,23.93,0.039,0.33,24.1,4.6,Safe
1.98,37.43,16.54,0.032,3.56,20.7,3.6,Safe
0.81,30.3,29.27,0.134,0.83,22.2,5.8,Safe
1.82,41.12,42.31,0.203,2.76,29.9,24.6,Safe
10.46,25.21,15.81,0.058,1.85,28.0,4.7,Safe
28.04,21.18,37.29,0.017,6.52,27.1,15.7,Safe
2.3,17.02,45.77,0.189,1.55,20.7,16.4,Safe
2.98,12.76,22.82,0.053,2.45,26.4,7.8,Safe
6.4,29.82,37.89,0.027,5.11,16.8,16.2,Safe
10.87,31.99,47.18,0.024,2.27,29.4,23.8,Safe
4.5,28.69,46.76,0.057,6.3,27.0,18.9,Safe
2.48,47.43,22.75,0.135,4.34,20.6,9.4,Safe
2.66,47.28,18.31,0.067,2.11,32.5,4.3,Safe
5.95,31.65,19.89,0.01,2.8,18.8,5.1,Safe
0.02,17.06,38.17,0.015,13.67,28.1,14.3,Safe
4.83,29.33,38.95,0.051,4.33,28.2,15.5,Safe
2.2,29.0,37.25,0.162,9.42,21.0,16.3,Safe
7.9,28.43,26.09,0.016,0.79,25.8,6.1,Safe
0.49,28.02,20.6,0.123,2.64,19.5,10.0,Safe
4.44,28.47,34.17,0.019,9.57,14.6,9.2,Safe
3.28,31.13,30.96,0.036,1.56,21.7,11.8,Safe
5.14,28.64,39.05,0.028,13.73,23.5,19.1,Safe
0.34,37.08,29.56,0.01,0.41,28.6,11.8,Safe
4.34,38.6,26.18,0.167,9.32,26.3,4.1,Safe
4.12,25.89,24.68,0.093,2.36,26.4,2.4,Safe
4.11,47.71,21.98,0.267,0.31,21.9,6.1,Safe
4.63,25.2,23.77,0.016,8.47,23.9,9.0,Safe
5.64,18.82,18.13,0.023,1.16,22.3,1.5,Safe
8.17,38.81,26.45,0.055,0.09,21.1,8.3,Safe
1.57,26.83,16.21,0.218,0.58,23.6,2.0,Safe
8.72,38.21,21.15,0.055,4.3,26.3,4.2,Safe
3.45,10.96,39.64,0.079,15.23,23.7,18.5,Safe
0.4,48.92,25.74,0.054,0.47,24.7,9.6,Safe
0.3,41.72,37.05,0.013,2.48,28.8,17.0,Safe
2.03,20.0,38.66,0.421,0.8,24.0,17.6,Safe
7.68,20.21,34.18,0.119,5.47,20.7,11.8,Safe
6.15,51.72,46.64,0.233,0.5,28.3,25.9,Safe
7.77,27.63,15.71,0.161,1.1,27.1,0.0,Safe
3.64,26.66,39.38,0.108,0.87,27.3,11.7,Safe
2.9,12.34,46.64,0.014,3.22,28.5,17.9,Safe
0.8,31.49,43.45,0.154,8.26,27.8,20.3,Safe
1.99,32.72,20.54,0.025,2.86,26.1,6.3,Safe
2.85,42.15,25.79,0.08,0.24,35.6,10.1,Safe
0.46,21.01,20.69,0.149,3.31,20.9,4.5,Safe
1.25,19.8,34.84,0.229,6.39,23.7,16.6,Safe
4.56,39.51,38.5,0.173,0.57,29.9,16.2,Safe
6.65,45.07,25.46,0.167,0.3,26.6,8.9,Safe
32.03,19.29,32.8,0.024,0.83,29.0,17.9,Safe
13.52,45.82,37.8,0.064,5.48,26.7,16.8,Safe
5.14,35.38,28.9,0.01,3.58,31.5,12.1,Safe
2.73,45.92,43.18,0.191,3.11,22.0,22.1,Safe
5.06,34.3,40.46,0.457,1.15,31.4,18.5,Safe
7.7,10.0,17.13,0.046,1.62,30.7,3.3,Safe
0.63,33.48,35.5,0.014,13.51,21.2,16.9,Safe
2.64,45.6,22.77,0.097,1.1,28.5,8.3,Safe
9.16,26.06,33.4,0.291,9.28,25.8,13.4,Safe
2.42,31.12,46.58,0.12,3.48,23.6,24.6,Safe
4.24,33.24,44.01,0.01,0.53,18.4,15.0,Safe
4.43,10.0,28.35,0.549,2.52,22.0,7.5,Safe
1.02,51.71,24.62,0.265,11.87,28.8,9.8,Safe
2.25,25.99,22.74,0.021,2.17,29.3,3.3,Safe
2.04,40.06,32.57,0.382,7.96,25.2,10.7,Safe
0.13,34.13,18.77,0.09,1.19,29.3,7.7,Safe
0.12,47.58,33.13,0.07,3.38,29.8,16.0,Safe
8.91,39.06,15.04,0.093,7.43,26.6,1.5,Safe
1.59,32.65,25.69,0.27,10.14,23.1,11.2,Safe
3.65,26.06,22.26,0.162,2.66,27.8,5.0,Safe
1.77,42.98,47.05,0.01,4.08,27.9,22.8,Safe
14.12,16.27,39.0,0.474,0.01,28.7,13.4,Safe
1.5,41.46,26.54,0.024,1.17,29.5,8.9,Safe
2.81,24.01,18.06,0.205,1.31,20.6,1.2,Safe
10.31,47.52,32.05,0.152,0.39,24.0,12.1,Safe
9.22,36.61,22.04,0.031,1.31,18.4,8.6,Safe
1.03,41.44,32.7,0.028,1.55,29.0,10.8,Safe
8.11,35.82,42.57,0.306,13.86,25.2,27.2,Safe
3.06,17.48,35.32,0.082,4.42,27.7,10.3,Safe
3.3,26.39,35.92,0.159,2.22,20.1,9.5,Safe
0.72,41.72,32.85,0.105,17.71,31.6,17.8,Safe
0.42,36.67,45.6,0.195,0.67,21.2,19.2,Safe
6.51,46.81,45.75,0.098,2.59,29.1,20.2,Safe
3.43,39.03,31.92,0.051,4.17,26.5,13.5,Safe
2.87,25.33,25.09,0.068,0.23,25.2,3.0,Safe
6.54,27.04,30.17,0.294,5.05,24.9,6.3,Safe
7.25,36.03,21.16,0.095,0.42,23.4,7.3,Safe
0.87,11.86,36.0,0.036,0.6,31.2,14.9,Safe
4.71,51.73,31.5,0.409,0.7,26.1,14.0,Safe
0.73,39.42,18.41,0.239,10.57,20.9,8.4,Safe
6.96,47.27,21.52,0.01,4.6,24.5,9.2,Safe
5.35,19.19,30.83,1.028,4.26,26.5,14.1,Safe
15.69,47.45,44.29,0.178,3.24,29.6,24.9,Safe
0.36,57.31,33.69,0.026,1.39,23.6,14.3,Safe
0.29,21.79,37.49,0.041,3.88,23.8,13.8,Safe
1.66,42.71,26.19,0.177,2.11,26.1,11.0,Safe
1.52,35.01,33.86,0.227,0.63,29.5,9.9,Safe
1.42,19.56,29.76,0.041,4.68,20.5,7.9,Safe
11.84,39.93,36.75,0.045,0.56,28.0,16.0,Safe
1.44,43.34,16.67,0.055,0.85,24.1,2.4,Safe
1.59,28.99,31.28,0.137,6.81,24.7,9.9,Safe
7.12,46.66,24.77,0.028,4.32,34.0,6.0,Safe
2.99,18.33,25.76,0.017,3.99,25.2,5.7,Safe
7.5,20.05,46.71,0.17,2.17,29.0,18.2,Safe
0.34,36.37,21.03,0.227,2.02,28.9,4.4,Safe
3.34,35.25,25.27,0.104,4.69,21.3,9.9,Safe
0.17,27.83,31.83,0.068,5.39,18.6,7.6,Safe
0.32,43.1,43.48,0.085,2.86,29.3,21.4,Safe
11.85,40.31,28.75,0.074,13.93,21.7,9.1,Safe
0.75,43.58,39.55,0.483,12.47,19.3,21.7,Safe
3.8,33.77,43.26,0.219,2.13,30.1,13.7,Safe
2.65,41.03,25.23,0.035,6.87,21.9,6.8,Safe
2.13,30.54,27.96,0.073,3.13,22.9,8.9,Safe
11.5,55.54,26.77,0.118,2.87,33.9,8.7,Safe
0.11,26.87,42.48,0.142,0.23,19.4,12.5,Safe
5.45,56.05,16.46,0.095,3.41,21.0,7.1,Safe
16.54,35.35,25.18,0.249,9.23,24.2,6.6,Safe
4.11,21.24,37.42,0.219,6.06,25.0,14.1,Safe
13.81,48.68,33.66,0.106,6.17,22.4,21.1,Safe
0.27,36.26,29.4,0.289,0.7,21.4,10.9,Safe
2.71,43.51,32.82,0.209,1.78,32.0,14.1,Safe
1.51,47.24,21.52,0.226,1.06,27.1,5.1,Safe
6.56,38.38,29.21,0.47,1.52,28.3,10.3,Safe
19.9,29.08,31.56,0.046,3.47,25.5,12.5,Safe
1.48,44.76,44.74,0.047,1.82,27.2,16.7,Safe
5.31,35.01,23.61,0.33,3.29,29.7,10.4,Safe
1.1,41.86,43.64,0.222,2.31,22.0,21.4,Safe
4.17,13.46,36.26,0.392,1.35,27.1,8.5,Safe
3.12,39.47,15.67,0.01,0.4,28.8,4.7,Safe
17.88,28.61,38.91,0.148,8.9,32.2,20.9,Safe
4.69,51.53,16.17,0.023,0.05,33.8,4.5,Safe
2.15,41.23,47.91,0.105,0.01,26.3,28.3,Safe
0.61,37.4,43.8,0.025,7.01,30.6,21.0,Safe
0.82,39.86,24.81,0.021,22.99,15.3,14.7,Safe
1.28,25.02,23.49,0.01,5.19,32.2,5.8,Safe
1.44,51.23,27.59,0.149,0.06,23.1,12.1,Safe
9.51,54.91,26.75,0.067,1.03,25.0,10.1,Safe
4.12,38.93,27.29,0.017,14.28,27.8,6.7,Safe
3.71,50.9,25.5,0.058,6.61,25.4,5.9,Safe
0.61,29.31,35.5,0.028,3.35,26.8,12.8,Safe
9.84,27.03,20.42,0.426,1.08,32.4,4.9,Safe
6.42,35.41,42.92,0.058,0.06,24.5,15.9,Safe
0.35,39.35,41.81,0.061,0.08,21.7,17.3,Safe
6.15,31.06,30.72,0.275,3.79,33.3,13.0,Safe
3.92,40.38,43.14,0.157,0.09,28.1,23.1,Safe
0.43,38.06,23.16,0.186,20.22,33.7,7.8,Safe
3.07,25.02,15.58,0.152,0.81,29.5,2.4,Safe
3.31,40.19,35.43,0.438,4.96,20.7,21.0,Safe
0.91,43.64,30.11,0.035,0.67,28.6,13.2,Safe
14.57,36.71,33.72,0.677,3.11,22.1,14.8,Safe
9.48,46.53,44.68,0.267,0.34,26.0,23.9,Safe
5.53,22.83,47.01,0.133,5.82,25.7,20.9,Safe
3.1,39.68,35.94,0.163,3.52,19.5,17.4,Safe
2.65,23.3,40.21,0.157,0.36,22.7,14.6,Safe
5.26,23.86,17.77,0.01,7.55,34.8,4.2,Safe
3.94,28.69,20.3,0.037,3.17,27.0,6.9,Safe
0.32,25.58,39.2,0.488,10.18,25.3,14.9,Safe
3.59,29.52,29.24,0.115,9.94,33.3,7.8,Safe
8.21,32.86,29.72,0.071,10.13,24.4,13.8,Safe
3.07,43.37,25.18,0.215,0.32,25.6,8.4,Safe
0.27,31.79,35.04,0.112,0.52,30.0,14.8,Safe
7.72,19.14,21.11,0.01,17.59,24.4,8.8,Safe
1.12,46.4,35.69,0.2,2.67,23.0,11.8,Safe
1.5,26.63,20.74,0.198,1.09,17.0,2.3,Safe
0.9,34.41,17.11,0.027,5.87,22.3,2.7,Safe
2.0,39.47,25.9,0.471,1.23,22.2,7.0,Safe
7.07,37.0,22.63,0.038,5.2,26.6,5.9,Safe
3.66,45.94,44.34,0.092,7.26,23.6,20.6,Safe
1.15,39.79,16.81,0.018,6.13,34.6,2.2,Safe
10.51,26.39,20.83,0.139,1.28,21.8,2.5,Safe
10.58,56.79,33.11,0.071,2.05,31.6,17.7,Safe
10.22,36.94,30.88,0.065,2.13,26.9,14.5,Safe
1.36,33.53,16.51,0.263,2.7,29.2,4.0,Safe
3.0,44.64,15.24,0.01,0.73,29.0,8.8,Safe
21.0,37.49,47.61,0.24,2.41,17.1,28.8,Safe
7.39,38.99,36.74,0.127,2.86,26.0,18.8,Safe
0.14,59.92,27.06,0.641,3.03,25.0,13.4,Safe
0.34,32.25,30.52,0.134,6.86,21.5,10.6,Safe
3.12,31.82,23.8,0.01,2.91,27.8,9.7,Safe
12.0,36.17,26.38,0.01,1.05,32.9,8.4,Safe
3.87,45.72,36.42,0.322,4.35,15.3,18.0,Safe
3.44,19.93,44.13,0.276,6.38,23.9,17.8,Safe
0.56,15.34,21.08,0.064,1.54,21.0,4.9,Safe
5.35,29.13,42.73,0.144,4.15,26.3,20.9,Safe
8.63,18.66,19.01,0.101,0.64,24.7,5.7,Safe
2.39,30.75,22.09,0.512,1.67,23.6,5.8,Safe
7.47,40.02,16.23,0.449,9.6,28.8,5.6,Safe
16.69,26.09,19.65,0.619,9.69,32.5,8.0,Safe
1.14,20.73,45.27,0.302,3.43,36.6,21.5,Safe
3.7,35.69,30.16,0.36,4.85,23.0,7.8,Safe
1.69,43.63,17.56,0.037,7.7,18.7,4.4,Safe
7.87,18.05,46.67,0.267,12.73,28.2,21.0,Safe
4.31,43.2,44.01,0.185,2.69,32.4,20.7,Safe
5.03,43.17,39.9,0.494,3.3,29.3,18.2,Safe
8.0,44.54,45.8,0.127,2.15,32.4,25.3,Safe
2.52,47.18,22.26,0.013,0.3,25.1,0.6,Safe
12.33,57.02,42.6,0.136,2.2,23.6,24.6,Safe
3.81,31.44,37.77,0.174,6.25,26.5,11.8,Safe
0.86,36.1,43.7,0.037,6.54,24.7,18.6,Safe
5.95,30.84,41.3,0.075,8.92,28.7,18.7,Safe
7.88,35.02,26.43,0.137,0.21,29.9,7.8,Safe
1.9,50.33,40.56,0.07,3.0,30.2,22.0,Safe
9.73,21.55,23.66,0.07,0.45,28.0,8.8,Safe
11.83,26.39,25.84,0.021,0.9,27.0,12.5,Safe
1.62,48.77,18.56,0.424,9.22,29.2,6.8,Safe
20.53,45.2,45.86,0.208,2.75,18.1,29.7,Safe
0.76,31.37,24.6,0.01,5.68,26.8,10.8,Safe
1.13,43.54,32.18,0.218,0.27,26.2,11.9,Safe
1.02,38.41,27.91,0.202,2.16,26.9,13.1,Safe
11.22,50.0,46.68,0.01,4.49,25.6,21.4,Safe
5.31,35.75,26.06,0.069,0.57,27.7,9.0,Safe
0.82,45.26,40.69,0.14,1.58,23.7,23.1,Safe
2.9,61.42,43.23,0.09,0.27,30.5,24.3,Safe
4.78,40.98,29.38,0.226,4.21,27.9,11.6,Safe
0.44,35.49,27.48,0.083,14.15,26.6,10.5,Safe
10.7,42.22,39.68,0.025,7.02,23.2,24.1,Safe
8.14,31.35,45.13,0.562,14.7,29.3,21.7,Safe
3.52,58.88,39.91,0.042,7.47,26.8,21.9,Safe
17.08,36.8,22.5,0.19,7.73,23.0,10.7,Safe
2.7,32.27,44.31,0.023,3.44,25.8,20.1,Safe
20.71,26.64,27.79,0.06,2.92,28.5,13.1,Safe
5.51,45.97,34.02,0.088,2.09,28.2,17.0,Safe
5.03,43.67,42.44,0.032,6.82,27.9,20.6,Safe
0.91,30.03,21.22,0.09,0.8,26.4,6.0,Safe
10.68,40.76,40.89,0.026,0.23,30.1,15.9,Safe
2.79,19.91,34.67,0.123,11.82,31.0,8.4,Safe
0.89,36.85,44.48,0.163,0.02,28.9,17.9,Safe
0.06,39.53,20.68,0.01,15.06,23.7,6.9,Safe
4.1,52.07,28.88,0.307,5.22,21.8,11.6,Safe
3.75,27.29,42.48,0.031,1.59,23.8,17.2,Safe
6.35,22.22,15.63,0.038,4.79,33.8,1.6,Safe
11.05,26.05,18.7,0.162,6.81,27.1,0.0,Safe
0.41,21.63,47.69,0.095,1.13,34.5,16.6,Safe
6.57,48.37,24.25,0.104,5.89,25.5,11.9,Safe
1.04,50.49,47.19,0.021,6.53,25.0,27.3,Safe
9.77,38.2,21.02,0.246,1.15,25.7,4.7,Safe
8.55,47.21,26.92,0.144,0.17,25.6,12.2,Safe
3.89,36.34,39.84,0.022,0.91,22.9,21.2,Safe
6.19,34.05,36.71,0.07,0.9,21.4,13.8,Safe
1.89,31.67,34.18,0.249,0.27,28.0,14.6,Safe
3.19,31.9,32.49,0.126,5.18,30.2,14.0,Safe
8.62,19.52,42.83,0.017,1.91,35.8,15.1,Safe
3.07,37.64,22.75,0.07,8.63,24.3,4.6,Safe
2.21,34.6,29.6,0.042,1.16,24.6,14.1,Safe
3.41,42.45,20.13,0.109,2.41,22.9,8.3,Safe
8.81,35.94,34.67,0.278,4.08,30.5,14.8,Safe
2.04,33.37,23.27,0.086,8.4,29.3,10.3,Safe
0.95,26.29,26.02,0.085,2.97,22.5,8.6,Safe
6.22,35.72,30.55,0.354,1.87,22.4,15.3,Safe
8.74,42.38,15.88,0.129,8.07,29.8,0.0,Safe
0.53,23.57,18.03,0.125,1.49,27.5,1.4,Safe
1.37,35.87,37.64,0.046,0.33,29.0,18.8,Safe
0.77,37.33,29.16,0.14,2.36,22.5,17.1,Safe
2.14,27.82,43.54,0.129,6.15,18.5,17.9,Safe
2.99,29.12,37.92,0.076,0.13,22.5,13.1,Safe
6.91,37.31,15.27,0.702,3.53,28.8,6.1,Safe
5.27,23.67,35.35,0.32,3.61,34.4,14.3,Safe
4.85,38.5,18.09,0.208,10.55,24.3,6.7,Safe
2.17,26.05,40.77,0.116,1.35,35.1,10.1,Safe
9.21,45.63,47.72,0.093,1.31,29.3,24.8,Safe
3.19,58.38,32.53,0.031,2.32,20.4,17.7,Safe
19.34,26.39,37.53,0.055,1.77,26.9,10.1,Safe
5.03,40.34,22.83,0.223,5.33,29.5,3.9,Safe
0.67,27.73,29.44,0.091,4.11,16.3,5.1,Safe
5.64,45.41,43.25,0.321,5.69,28.6,25.1,Safe
1.97,22.35,20.52,0.024,6.86,30.7,1.8,Safe
5.8,39.81,23.76,0.106,10.25,27.6,5.9,Safe
0.36,26.27,29.7,0.156,2.26,25.8,9.4,Safe
0.96,32.93,38.5,0.109,16.72,25.3,16.0,Safe
9.68,24.69,27.4,0.33,0.97,25.1,10.1,Safe
1.29,43.22,45.62,0.684,5.01,21.3,30.9,Safe
9.07,26.63,18.12,0.018,3.05,23.2,2.2,Safe
1.64,40.52,27.24,0.021,6.79,24.3,5.3,Safe
5.15,31.56,38.4,0.021,2.59,26.5,14.4,Safe
5.92,33.86,22.46,0.171,6.13,23.8,8.3,Safe
3.59,36.48,36.66,0.07,10.65,22.5,18.1,Safe
1.82,27.38,20.42,0.198,5.27,29.0,6.9,Safe
1.2,37.1,16.85,0.078,5.99,27.5,1.8,Safe
0.17,50.3,18.99,0.148,0.28,23.8,4.5,Safe
1.81,27.22,45.69,0.22,0.92,28.0,12.5,Safe
5.29,46.72,33.21,0.119,14.65,24.2,19.0,Safe
13.93,49.98,41.28,0.116,4.73,26.3,20.1,Safe
10.25,26.84,25.98,0.014,3.3,29.9,8.4,Safe
7.26,20.45,34.56,0.079,1.83,23.6,9.5,Safe
7.77,38.02,31.33,0.118,0.18,21.3,12.0,Safe
5.47,29.53,46.21,0.093,1.84,25.4,22.5,Safe
1.51,53.69,39.67,0.347,2.76,20.5,20.0,Safe
11.89,35.35,39.11,0.356,0.95,24.9,16.5,Safe
5.55,26.98,16.53,0.259,0.76,24.9,2.5,Safe
4.11,23.53,33.14,0.071,2.84,16.1,9.5,Safe
0.59,45.9,30.41,0.19,3.53,28.1,10.4,Safe
2.96,29.29,45.62,0.075,1.1,25.3,23.6,Safe
3.08,35.44,23.49,0.04,3.54,30.7,2.2,Safe
10.0,44.56,23.9,0.063,9.22,26.9,11.2,Safe
3.96,30.16,28.57,0.011,2.56,28.9,8.8,Safe
2.39,34.54,23.03,0.06,7.79,30.8,5.0,Safe
18.82,34.83,19.26,0.093,10.48,25.5,7.2,Safe
0.59,41.83,43.29,0.467,0.39,26.0,20.8,Safe
2.75,40.91,33.42,0.056,0.4,19.7,16.6,Safe
0.21,32.8,43.42,0.349,2.59,31.0,16.3,Safe
6.73,35.64,42.43,0.039,3.55,25.4,18.3,Safe
12.51,31.28,24.31,0.032,2.22,22.0,10.0,Safe
1.64,20.22,33.08,0.11,1.58,29.0,9.6,Safe
9.77,37.58,17.75,0.167,4.1,17.3,5.8,Safe
1.73,53.92,45.2,0.01,0.01,24.3,26.5,Safe
12.08,26.16,28.34,0.037,13.78,29.6,12.8,Safe
7.01,27.27,27.99,0.091,1.06,24.2,7.2,Safe
8.17,26.29,24.99,0.06,9.96,23.1,7.4,Safe
0.09,42.25,30.2,0.187,0.46,24.3,14.6,Safe
16.46,39.48,23.31,0.107,1.09,18.0,8.5,Safe
6.49,33.41,27.37,0.026,1.07,28.9,8.4,Safe
1.82,25.82,41.4,0.337,22.24,25.5,23.1,Safe
8.84,35.92,42.53,0.052,0.02,24.9,15.8,Safe
1.65,19.35,25.04,0.197,4.08,24.9,5.9,Safe
10.31,36.43,30.48,0.227,8.15,26.1,13.4,Safe
0.6,43.72,43.84,0.495,4.46,28.6,22.6,Safe
6.08,22.49,16.74,0.104,1.8,25.8,1.0,Safe
3.89,19.67,44.34,0.144,12.71,20.6,19.2,Safe
0.51,50.79,22.23,0.061,8.96,28.3,7.9,Safe
1.38,28.88,37.39,0.17,2.28,28.0,17.9,Safe
0.06,46.36,34.22,0.093,3.41,26.8,9.6,Safe
3.16,33.46,33.25,0.086,13.71,30.3,16.7,Safe
1.79,33.38,43.36,0.29,16.2,26.1,23.1,Safe
4.56,39.38,18.35,0.01,2.39,30.4,3.8,Safe
1.76,26.16,26.45,0.321,7.52,31.6,7.9,Safe
1.78,36.32,32.76,0.287,1.44,28.3,14.2,Safe
6.8,31.19,41.77,0.106,1.86,23.0,20.3,Safe
0.25,21.8,22.14,0.101,0.72,25.5,0.0,Safe
11.66,38.37,41.5,0.067,0.94,31.0,24.9,Safe
9.56,32.37,28.19,0.772,4.28,20.0,12.7,Safe
5.51,33.43,21.23,0.018,2.86,24.4,5.6,Safe
4.5,22.9,40.05,0.134,1.05,24.6,11.3,Safe
11.14,50.91,18.0,0.172,2.06,22.5,4.2,Safe
1.02,43.77,31.99,0.408,1.87,29.5,17.3,Safe
0.41,44.64,17.11,0.227,17.48,27.5,5.9,Safe
1.37,31.95,26.76,0.155,7.68,23.2,10.4,Safe
7.91,17.71,34.84,0.019,1.96,28.4,10.6,Safe
0.18,54.53,33.35,0.07,9.81,25.4,21.9,Safe
4.37,34.39,28.35,0.022,1.68,22.4,9.1,Safe
26.95,27.51,29.16,0.32,4.41,23.1,15.7,Safe
9.68,39.17,22.48,0.208,13.6,27.7,8.7,Safe
3.68,46.67,30.04,0.213,1.98,29.8,13.6,Safe
0.33,34.77,46.46,0.158,4.56,24.1,22.4,Safe
8.9,47.79,43.06,0.106,1.4,28.2,24.8,Safe
4.57,45.83,19.79,0.024,1.24,32.3,7.2,Safe
0.61,24.24,15.98,0.06,3.41,21.0,0.2,Safe
0.49,28.26,45.81,0.022,15.5,27.4,25.6,Safe
12.02,44.58,32.38,0.194,2.41,29.3,12.6,Safe
5.53,10.0,32.75,0.026,11.1,25.6,9.2,Safe
8.84,33.51,40.76,0.182,9.83,31.0,19.7,Safe
10.56,20.69,25.38,0.177,1.17,34.8,8.0,Safe
4.24,30.23,30.9,0.092,2.06,27.4,8.2,Safe
3.64,32.01,46.97,0.022,4.12,25.1,21.1,Safe
2.81,31.42,37.18,0.057,2.92,29.9,11.2,Safe
1.91,29.48,20.07,0.058,0.4,29.4,3.1,Safe
2.85,24.03,19.4,0.181,20.27,15.9,8.2,Safe
7.43,57.92,21.74,0.018,5.59,26.0,6.4,Safe
4.61,53.67,40.3,0.265,2.3,24.4,18.6,Safe
11.15,23.38,24.75,0.215,3.85,27.6,8.5,Safe
2.93,50.82,15.71,0.031,0.37,25.2,1.1,Safe
4.67,31.01,46.16,0.19,2.74,25.7,26.9,Safe
4.99,36.29,20.6,0.166,10.68,22.5,7.1,Safe
4.48,34.37,15.32,0.207,9.08,28.9,5.7,Safe
6.06,28.4,22.83,0.031,1.65,32.6,2.4,Safe
1.36,44.84,22.76,0.026,3.03,22.6,8.3,Safe
3.59,36.26,28.93,0.04,4.78,20.4,8.1,Safe
0.55,30.23,45.37,0.068,1.66,26.1,18.3,Safe
2.43,21.95,44.01,0.237,0.27,25.9,14.6,Safe
3.34,26.06,30.08,0.201,2.82,30.7,12.6,Safe
5.28,18.59,28.56,0.389,3.68,21.1,10.0,Safe
15.03,35.12,33.32,0.01,0.02,23.8,13.9,Safe
4.59,23.03,23.03,0.01,0.4,17.4,8.3,Safe
6.8,32.34,16.72,0.18,0.93,31.5,3.0,Safe
3.53,48.7,45.99,0.049,1.71,27.0,26.4,Safe
5.03,46.99,21.16,0.061,3.12,24.1,11.2,Safe
0.37,34.68,21.55,0.119,1.39,20.7,5.7,Safe
1.47,34.13,30.59,0.016,1.29,21.1,11.1,Safe
2.25,53.8,31.22,0.154,8.14,27.7,17.8,Safe
3.2,40.21,15.61,0.059,0.63,21.6,5.9,Safe
0.23,31.72,19.88,0.15,2.74,26.4,4.7,Safe
0.75,20.74,27.48,0.269,12.22,34.2,7.8,Safe
1.62,38.94,37.56,0.028,3.92,24.6,18.4,Safe
17.79,43.29,22.54,0.401,5.05,22.2,11.0,Safe
2.01,28.68,28.96,0.113,2.26,27.5,11.4,Safe
3.29,37.91,33.39,0.384,0.08,21.1,15.5,Safe
1.09,31.36,44.32,0.035,4.16,32.9,19.6,Safe
4.72,33.16,25.76,0.139,4.0,31.6,9.2,Safe
1.65,10.12,19.41,0.078,0.47,25.3,4.4,Safe
1.16,32.78,31.15,0.223,2.48,22.4,7.7,Safe
3.63,44.69,39.64,0.14,9.88,24.3,24.2,Safe
0.03,28.69,18.63,0.102,0.92,24.8,4.1,Safe
0.04,35.53,29.01,0.366,2.47,27.5,8.6,Safe
1.24,27.44,15.59,0.071,2.47,30.2,1.9,Safe
0.19,38.6,16.11,0.037,6.66,21.9,6.2,Safe
0.57,32.83,30.94,0.141,6.96,30.0,12.5,Safe
2.07,25.61,24.84,0.147,5.7,28.5,5.3,Safe
8.11,48.33,42.89,0.087,1.82,24.0,19.2,Safe
4.24,44.29,34.87,0.1,0.3,21.7,21.2,Safe
3.59,28.95,29.98,0.481,1.72,26.5,6.6,Safe
1.74,39.98,28.46,0.198,4.56,21.8,11.9,Safe
13.42,40.37,31.41,0.018,4.85,30.1,12.4,Safe
2.53,41.42,16.33,0.036,13.41,21.5,6.7,Safe
0.46,18.06,44.46,0.557,2.42,28.2,14.4,Safe
4.8,45.07,47.94,0.194,4.0,25.7,29.8,Safe
0.6,29.3,20.99,0.37,3.1,23.8,5.1,Safe
2.12,31.42,18.97,0.054,0.65,25.6,2.9,Safe
3.54,61.38,19.74,0.203,2.47,30.3,6.6,Safe
10.37,38.02,36.81,0.188,3.15,21.2,15.6,Safe
3.4,31.14,36.83,0.052,12.04,24.4,15.7,Safe
6.06,12.95,42.98,0.12,1.83,23.0,18.1,Safe
24.68,48.9,39.81,0.148,15.67,25.8,22.3,Safe
0.7,21.55,29.84,0.098,3.13,23.3,6.9,Safe
1.61,24.97,35.22,0.263,1.11,18.9,16.1,Safe
2.51,31.69,37.71,0.268,0.85,21.8,14.9,Safe
2.74,49.16,31.92,0.285,0.61,32.6,12.8,Safe
2.65,42.73,30.7,0.244,2.41,27.0,9.5,Safe
11.91,33.42,36.29,0.1,0.09,26.8,12.2,Safe
6.26,38.08,33.4,0.072,2.36,24.9,16.2,Safe
4.68,29.0,36.25,0.267,17.83,25.8,16.0,Safe
1.85,36.4,35.22,0.101,4.44,24.3,16.6,Safe
8.68,35.73,38.73,0.042,5.7,28.1,15.5,Safe
15.51,44.69,36.21,0.106,0.51,26.4,17.3,Safe
8.61,44.67,32.15,0.023,2.56,21.3,13.9,Safe
0.01,39.94,37.5,0.176,1.35,27.0,14.0,Safe
5.06,31.38,29.83,0.061,8.98,16.2,11.7,Safe
0.26,42.42,22.98,0.045,0.8,27.7,1.4,Safe
1.49,34.08,15.05,0.47,2.46,20.4,2.6,Safe
0.31,24.18,33.48,0.225,3.55,25.6,12.7,Safe
4.63,30.97,34.49,0.232,2.89,21.2,11.6,Safe
5.8,35.85,47.08,0.147,7.09,26.0,24.6,Safe
0.61,44.1,26.93,0.274,1.05,28.3,10.5,Safe
2.42,33.16,28.01,0.214,1.9,32.0,10.0,Safe
3.05,22.91,21.66,0.137,6.28,19.8,1.8,Safe
2.3,35.57,17.33,0.487,3.0,29.9,4.6,Safe
0.64,36.13,40.5,0.032,2.06,26.5,12.7,Safe
2.71,36.86,23.24,0.431,0.12,24.2,5.9,Safe
6.96,44.2,35.09,0.077,5.6,29.0,16.6,Safe
0.37,45.19,37.7,0.113,14.33,25.1,20.6,Safe
0.42,29.06,30.55,0.02,3.87,28.9,7.1,Safe
2.19,28.84,43.92,0.117,7.77,22.0,19.1,Safe
14.21,24.6,29.65,0.142,2.91,23.5,12.6,Safe
5.52,41.99,24.4,0.911,1.05,29.8,8.1,Safe
5.68,49.49,44.57,0.554,0.06,31.9,19.0,Safe
2.25,31.85,43.43,0.509,4.24,25.9,21.5,Safe
4.5,32.59,20.41,0.064,2.72,14.9,0.4,Safe
0.05,49.67,15.86,0.711,6.09,25.2,4.0,Safe
5.05,40.06,17.97,0.091,4.75,26.1,4.7,Safe
12.23,39.36,24.46,0.286,17.68,25.1,11.8,Safe
4.74,23.09,47.08,0.037,2.86,27.3,21.7,Safe
10.35,41.79,33.43,0.106,2.23,24.1,14.3,Safe
6.44,25.71,27.32,0.507,1.35,29.4,9.5,Safe
0.64,23.66,44.33,0.441,2.59,21.3,13.7,Safe
11.64,31.53,29.95,0.173,8.25,30.9,14.1,Safe
0.34,29.14,25.4,0.24,0.17,32.2,5.4,Safe
3.82,32.78,46.06,0.029,15.25,22.3,32.5,Safe
0.77,20.59,43.03,0.192,20.03,22.3,20.5,Safe
0.06,44.59,42.84,0.144,3.64,27.6,22.0,Safe
2.74,46.28,31.91,0.014,1.61,21.3,14.8,Safe
1.75,15.53,41.05,0.018,1.01,24.0,13.8,Safe
3.33,44.78,20.92,0.017,1.29,30.4,6.9,Safe
4.3,26.89,33.92,0.193,0.21,29.0,17.6,Safe
0.22,43.57,47.47,0.023,2.58,33.9,21.4,Safe
0.66,34.32,24.6,0.095,0.24,26.7,1.3,Safe
4.09,35.29,41.21,0.066,5.07,23.6,15.5,Safe
2.1,33.15,31.19,0.12,1.86,26.2,13.6,Safe
6.53,47.12,16.31,0.184,0.89,25.4,2.7,Safe
5.28,22.6,40.18,0.173,3.15,25.5,21.4,Safe
9.34,41.08,20.56,0.109,14.56,25.9,9.5,Safe
5.9,46.01,35.84,0.094,4.75,22.3,15.6,Safe
2.81,42.16,17.83,0.076,2.71,27.1,2.1,Safe
5.59,58.25,46.25,0.297,6.0,20.4,27.6,Safe
1.61,29.71,24.63,0.06,5.35,23.1,2.0,Safe
1.83,44.57,22.47,0.045,8.89,25.5,8.5,Safe
7.78,33.94,19.26,0.204,0.92,17.0,6.4,Safe
2.96,47.33,46.22,0.067,7.83,29.1,23.1,Safe
8.01,34.92,38.49,0.282,1.43,17.8,13.3,Safe
8.64,31.12,39.47,0.06,11.32,28.7,16.8,Safe
9.74,48.06,31.48,0.182,1.32,20.8,16.9,Safe
12.42,30.08,30.67,0.01,10.46,24.4,14.9,Safe
2.82,20.87,18.63,0.073,13.27,28.1,4.4,Safe
1.92,29.83,33.47,0.063,0.63,34.8,15.7,Safe
4.36,41.19,23.15,0.254,14.68,26.5,5.4,Safe
2.32,48.92,47.25,0.512,0.36,18.1,25.0,Safe
4.59,36.11,41.29,0.093,0.99,29.8,19.4,Safe
6.11,48.18,28.63,0.261,2.35,25.1,14.4,Safe
5.83,21.42,19.99,0.18,20.2,26.3,8.2,Safe
2.35,30.57,40.92,0.513,2.68,28.2,19.8,Safe
0.91,32.11,19.03,0.25,3.2,17.1,7.6,Safe
2.82,33.85,21.25,0.012,4.74,26.0,7.3,Safe
0.77,35.84,21.98,0.187,13.8,24.4,4.7,Safe
11.04,41.91,33.38,0.115,6.12,30.9,14.7,Safe
2.12,30.55,40.97,0.01,1.02,28.9,11.8,Safe
0.84,36.39,25.37,0.043,1.44,19.5,10.1,Safe
0.13,34.55,17.79,0.382,0.41,31.1,6.8,Safe
5.19,25.74,30.33,0.391,4.14,27.8,8.1,Safe
5.07,33.86,39.69,0.241,0.8,19.8,16.0,Safe
2.08,33.56,22.31,0.601,1.19,26.2,2.8,Safe
0.37,33.35,22.26,0.246,8.76,30.1,6.7,Safe
2.64,35.32,46.26,0.01,1.58,21.1,18.5,Safe
1.86,35.76,46.49,0.051,3.34,31.5,18.5,Safe
5.65,30.68,47.69,0.01,2.03,19.9,21.1,Safe
4.65,47.73,41.65,0.015,0.31,22.8,24.9,Safe
2.27,23.31,21.21,0.037,1.8,22.2,6.0,Safe
1.23,27.79,22.0,0.105,2.1,31.5,4.4,Safe
22.13,62.8,26.23,0.282,9.04,24.0,15.1,Safe
3.03,24.62,25.5,0.297,1.57,21.3,12.0,Safe
5.83,21.46,46.57,0.144,1.91,27.8,21.8,Safe
0.76,42.34,41.04,0.395,6.11,28.6,20.0,Safe
3.32,14.23,38.89,0.104,5.69,28.7,15.8,Safe
0.14,32.65,21.14,0.33,6.4,24.9,3.7,Safe
3.52,56.46,45.01,0.091,12.3,27.0,28.2,Safe
16.62,19.55,42.32,0.049,6.35,23.4,20.6,Safe
2.42,15.18,20.4,0.372,2.09,32.7,6.8,Safe
0.2,20.01,43.75,0.074,6.89,30.6,15.4,Safe
0.16,43.98,23.98,0.105,2.84,30.3,10.4,Safe
2.46,46.25,17.67,0.06,1.3,29.2,4.4,Safe
0.87,29.87,36.68,0.163,1.44,28.1,13.0,Safe
0.12,41.83,36.58,0.796,1.01,21.0,22.2,Safe
7.06,48.9,18.13,0.01,0.63,28.5,3.7,Safe
3.07,52.87,25.52,0.345,0.82,26.5,7.8,Safe
1.71,32.54,47.76,0.01,0.26,31.1,18.6,Safe
11.52,11.99,37.39,0.068,8.77,29.2,17.3,Safe
0.62,26.79,39.09,0.028,10.7,28.2,14.1,Safe
15.61,30.73,22.03,0.212,3.54,19.3,9.1,Safe
1.88,32.41,17.6,0.01,7.34,25.6,1.2,Safe
10.96,33.12,24.14,0.121,0.81,23.8,7.3,Safe
4.62,46.19,23.21,0.052,9.28,27.0,14.3,Safe
8.76,47.74,22.74,0.022,2.82,24.3,5.7,Safe
20.68,33.28,21.36,0.222,0.28,24.9,1.8,Safe
1.7,45.98,33.97,0.037,0.61,27.8,17.7,Safe
16.24,38.58,25.83,0.038,1.48,24.3,6.0,Safe
2.47,35.65,42.07,0.048,0.18,26.5,15.7,Safe
2.43,44.07,21.07,0.133,1.48,19.9,8.0,Safe
2.08,35.72,30.33,0.162,0.25,22.7,12.5,Safe
3.9,55.58,15.45,0.01,1.08,28.6,0.0,Safe
0.84,20.62,30.9,0.042,1.24,21.1,7.8,Safe
4.03,29.85,16.84,0.085,20.72,31.0,6.7,Safe
3.9,33.73,47.26,0.061,1.07,29.9,26.2,Safe
7.18,39.39,41.09,0.323,1.09,24.9,16.5,Safe
8.97,47.68,31.17,0.232,4.64,38.0,17.5,Safe
2.9,34.76,17.86,0.147,7.85,31.0,2.6,Safe
1.8,20.78,34.55,0.062,1.96,22.2,13.6,Safe
1.5,43.43,40.04,0.181,8.34,29.0,17.7,Safe
1.08,42.55,21.29,0.278,1.66,26.3,5.9,Safe
0.3,15.58,33.75,0.136,0.88,22.9,11.2,Safe
2.1,34.96,41.87,0.23,1.6,21.7,20.7,Safe
1.58,19.1,40.35,0.207,3.76,30.0,16.3,Safe
16.97,28.35,41.5,0.127,1.83,23.6,17.8,Safe
4.08,25.97,44.02,0.056,4.47,25.6,17.1,Safe
2.13,43.09,45.94,0.205,1.08,22.3,27.0,Safe
4.34,36.17,28.38,0.035,4.83,23.0,11.0,Safe
0.75,22.14,33.77,0.227,1.71,25.5,9.9,Safe
2.94,43.8,41.09,0.245,2.43,27.6,21.3,Safe
4.92,20.66,38.01,0.259,3.26,15.6,15.7,Safe
3.36,38.3,47.85,0.096,4.64,26.1,20.4,Safe
2.57,26.86,15.45,0.032,1.09,23.0,2.3,Safe
25.46,31.34,26.72,0.016,7.23,31.6,7.3,Safe
10.61,40.04,24.27,0.204,5.12,37.8,7.6,Safe
4.88,40.21,23.66,0.326,1.07,24.6,5.6,Safe
4.21,48.37,22.34,0.158,14.75,19.1,9.1,Safe
4.85,34.18,38.4,0.023,4.37,26.5,15.4,Safe
1.12,38.06,17.8,0.41,2.41,25.2,4.0,Safe
2.51,30.62,39.47,0.678,0.69,33.9,12.3,Safe
0.2,36.82,37.88,0.085,3.05,32.7,15.6,Safe
3.23,39.39,23.28,0.136,0.72,29.5,4.3,Safe
3.92,34.02,23.34,0.225,2.24,23.7,12.8,Safe
1.29,16.96,35.75,0.2,2.1,28.7,10.9,Safe
16.63,38.31,40.15,0.515,5.09,27.1,21.3,Safe
12.01,38.65,43.92,0.018,0.85,27.0,23.0,Safe
6.4,28.2,43.12,0.13,6.9,19.8,22.9,Safe
3.81,22.16,46.84,0.177,1.58,30.2,15.6,Safe
10.2,49.76,34.19,0.331,2.35,26.4,18.8,Safe
0.7,39.91,44.99,0.311,5.92,25.6,25.1,Safe
7.82,32.71,41.68,0.573,3.93,23.6,20.8,Safe
0.67,23.63,44.52,0.108,1.47,22.8,17.2,Safe
7.9,26.78,15.38,0.266,1.95,27.3,0.9,Safe
1.61,48.03,46.87,0.084,1.46,19.0,23.2,Safe
10.48,36.38,30.63,0.082,3.61,29.2,12.1,Safe
14.42,29.49,41.34,0.044,1.62,21.8,17.2,Safe
0.81,40.1,19.2,0.256,5.17,17.8,7.6,Safe
3.11,26.86,28.07,0.638,3.47,33.3,8.1,Safe
19.81,50.01,23.96,0.044,0.63,22.6,11.9,Safe
3.3,48.53,24.62,0.01,1.49,23.1,11.9,Safe
9.96,30.33,19.07,0.254,1.0,30.5,5.5,Safe
4.44,28.71,41.59,0.145,1.98,33.4,12.6,Safe
2.35,10.0,15.3,0.482,2.9,19.9,3.5,Safe
1.68,20.18,25.31,0.044,2.83,22.2,4.4,Safe
1.14,21.61,20.76,0.011,5.62,22.5,2.6,Safe
7.17,36.35,34.44,0.102,0.84,29.7,14.9,Safe
2.44,31.74,23.39,0.013,11.71,32.6,10.2,Safe
3.58,21.55,23.55,0.046,1.68,21.7,1.1,Safe
3.39,32.19,31.12,0.02,1.43,31.7,10.9,Safe
4.31,40.05,36.54,0.038,4.62,23.2,21.3,Safe
10.03,40.28,19.0,0.017,6.55,27.3,2.6,Safe
19.75,16.0,20.79,0.462,1.9,20.9,5.5,Safe
2.62,33.72,23.16,0.049,5.5,25.5,5.2,Safe
8.79,21.17,47.13,0.088,8.61,25.6,23.2,Safe
7.23,44.02,28.11,0.343,5.82,24.7,9.4,Safe
4.26,42.84,34.77,0.17,0.14,27.5,11.0,Safe
15.62,26.02,22.97,0.144,7.03,22.0,9.5,Safe
1.12,27.34,31.19,0.183,5.96,22.5,11.8,Safe
0.58,30.39,17.45,0.265,4.43,27.8,0.4,Safe
9.62,12.47,16.15,0.315,5.71,31.4,2.5,Safe
2.89,38.36,30.47,0.154,15.53,25.9,11.0,Safe
9.39,32.27,28.16,0.331,2.26,28.0,12.9,Safe
11.18,44.7,19.52,0.115,0.28,29.0,6.4,Safe
0.32,24.02,37.69,0.049,2.47,29.3,11.4,Safe
10.75,28.81,47.77,0.318,0.19,22.2,20.5,Safe
2.97,19.93,28.06,0.117,1.39,22.9,6.4,Safe
3.57,24.96,35.61,0.355,3.54,23.2,11.0,Safe
4.93,23.18,46.78,0.01,1.48,33.7,21.9,Safe
13.04,44.96,42.44,0.076,4.63,28.0,25.8,Safe
0.1,28.02,30.3,0.443,6.9,27.9,10.5,Safe
3.24,36.24,39.34,0.043,2.18,27.5,15.9,Safe
5.82,31.19,19.23,0.426,9.22,20.7,3.1,Safe
6.41,22.31,31.9,0.462,0.33,33.8,10.7,Safe
5.9,33.32,24.21,0.321,7.33,27.9,9.9,Safe
0.72,40.99,20.32,0.124,7.05,28.9,8.9,Safe
1.78,22.92,29.07,0.156,1.55,18.9,6.3,Safe
2.22,43.09,19.32,0.306,1.42,29.1,1.3,Safe
8.16,26.5,38.07,0.224,1.46,24.6,12.7,Safe
1.63,30.17,30.06,0.149,6.67,20.7,12.4,Safe
1.18,40.31,32.53,0.605,7.13,22.2,15.3,Safe
15.79,28.37,19.83,0.174,1.6,20.9,7.6,Safe
0.04,35.38,19.61,0.556,3.59,20.9,5.9,Safe
30.64,31.85,34.25,0.01,0.6,26.2,19.8,Safe
5.65,36.29,47.51,0.022,2.53,24.5,18.6,Safe
8.81,11.19,18.18,0.09,26.88,27.3,0.0,Safe
1.75,16.7,24.43,0.073,0.69,32.7,8.7,Safe
0.07,41.16,43.69,0.229,11.79,25.5,21.5,Safe
6.69,45.37,17.38,0.026,6.95,17.0,4.9,Safe
8.98,25.9,43.9,0.56,14.33,25.0,23.9,Safe
6.74,32.56,32.3,0.057,0.79,30.8,12.7,Safe
0.77,37.95,28.47,0.084,0.96,25.7,8.5,Safe
7.0,41.93,25.22,0.048,0.07,32.1,6.1,Safe
7.33,14.72,24.8,0.13,5.16,27.8,4.3,Safe
5.37,26.14,25.09,0.01,4.13,18.6,8.5,Safe
7.26,31.67,44.2,0.024,0.78,26.4,21.0,Safe
9.35,42.03,38.89,0.205,6.26,27.2,19.3,Safe
4.75,59.98,37.1,0.031,1.42,30.3,17.9,Safe
0.46,32.72,41.36,0.04,0.58,33.3,17.9,Safe
3.34,20.93,23.48,0.236,2.2,29.6,2.0,Safe
0.4,39.02,35.4,0.015,0.38,27.8,18.7,Safe
2.62,48.21,30.18,0.086,1.22,28.7,13.6,Safe
2.61,36.08,40.82,0.01,1.86,25.3,17.0,Safe
0.34,25.93,25.21,0.064,7.64,20.1,9.4,Safe
2.14,44.58,36.22,0.18,6.29,26.2,18.9,Safe
0.59,41.64,44.11,0.014,2.34,27.5,21.1,Safe
8.26,24.74,28.27,0.329,5.16,21.2,5.4,Safe
14.75,38.81,17.2,0.36,3.36,31.3,6.1,Safe
0.38,44.97,32.03,0.017,1.67,30.0,16.5,Safe
15.52,46.82,26.42,0.702,5.18,20.5,12.2,Safe
3.7,34.34,37.18,0.053,4.6,31.5,18.1,Safe
1.78,31.42,46.38,0.013,3.86,24.8,22.5,Safe
0.4,47.27,31.03,0.01,3.85,22.9,13.6,Safe
3.47,22.9,30.38,0.079,4.6,30.3,10.2,Safe
7.91,39.39,36.6,0.149,1.94,25.8,17.8,Safe
6.14,21.3,18.42,0.061,8.13,33.6,4.4,Safe
0.26,45.65,23.37,0.272,0.71,22.6,12.6,Safe
0.38,32.42,45.33,0.189,8.61,19.1,24.1,Safe
2.58,47.69,37.11,0.065,1.68,24.9,18.9,Safe
1.75,39.91,15.44,0.199,0.53,29.2,5.1,Safe
1.32,22.77,21.75,0.423,3.67,22.3,7.3,Safe
1.65,49.25,37.53,0.015,1.89,20.7,12.3,Safe
8.14,50.51,40.23,0.055,6.76,26.9,21.8,Safe
13.24,43.82,42.72,0.093,2.25,20.1,20.8,Safe
2.6,27.38,24.64,0.103,4.42,27.2,7.8,Safe
11.83,31.94,45.72,0.117,1.47,24.6,20.0,Safe
1.94,36.45,33.25,0.054,0.94,28.0,14.0,Safe
3.24,27.96,37.99,0.165,1.96,20.5,13.6,Safe
1.28,51.92,34.69,0.155,3.73,31.2,21.0,Safe
5.11,36.44,19.05,0.129,4.28,25.3,8.9,Safe
19.31,10.0,46.78,0.018,3.45,29.1,17.5,Safe
4.63,38.39,19.05,0.097,17.71,29.8,7.2,Safe
2.21,31.52,23.41,0.066,4.7,21.4,5.4,Safe
5.22,34.25,41.85,0.101,10.72,29.5,21.4,Safe
0.66,31.31,35.41,0.382,0.5,20.3,15.1,Safe
10.98,43.07,42.66,0.098,0.25,20.5,18.0,Safe
3.5,46.2,32.02,0.01,1.49,33.9,10.9,Safe
2.98,37.83,27.44,0.087,0.59,30.4,7.1,Safe
4.41,31.61,45.42,0.258,2.99,34.3,19.3,Safe
4.9,34.59,16.2,0.227,2.93,24.5,1.7,Safe
0.37,35.2,43.25,0.108,3.42,26.4,21.1,Safe
5.74,26.98,22.62,0.043,5.47,28.1,6.5,Safe
1.38,40.79,43.01,0.094,14.21,26.0,21.2,Safe
6.26,39.6,19.59,0.124,8.42,23.0,5.2,Safe
8.64,50.4,34.15,1.344,0.5,22.4,14.1,Safe
8.15,47.55,44.31,0.155,1.65,26.9,28.5,Safe
4.02,28.14,30.63,0.178,1.18,21.7,10.4,Safe
3.67,43.2,39.64,0.101,0.78,21.6,20.6,Safe
0.77,25.49,41.55,0.066,3.15,27.6,17.9,Safe
7.47,41.96,39.3,0.251,3.22,25.6,19.2,Safe
1.58,29.83,45.54,0.102,1.03,29.7,12.9,Safe
3.43,24.77,29.75,0.786,4.98,24.3,10.3,Safe
1.67,37.8,20.71,0.092,5.28,23.7,6.5,Safe
0.72,10.0,16.58,0.011,0.08,27.7,1.0,Safe
4.97,17.49,23.13,0.172,2.02,22.8,7.9,Safe
0.28,33.23,19.73,0.01,8.83,23.4,4.7,Safe
6.9,35.82,33.41,0.043,2.94,23.5,18.1,Safe
1.91,31.31,21.1,0.065,1.71,25.2,2.1,Safe
0.0,19.21,16.28,0.202,1.17,33.1,2.6,Safe
3.58,26.82,16.19,0.102,1.12,20.5,0.0,Safe
0.24,38.91,42.44,0.01,0.42,31.2,20.5,Safe
1.62,40.82,34.52,0.144,6.8,29.0,13.6,Safe
6.14,34.84,26.82,0.08,0.36,32.3,4.3,Safe
0.32,46.57,44.51,0.382,1.38,38.5,18.9,Safe
9.14,38.97,17.32,0.104,0.19,31.7,2.5,Safe
0.02,27.53,47.35,0.185,6.08,29.7,24.8,Safe
1.42,32.19,35.34,0.037,0.16,20.8,14.6,Safe
6.75,20.97,21.05,0.215,1.47,21.3,5.6,Safe
1.9,33.92,37.41,0.191,3.41,27.4,15.4,Safe
0.54,46.12,40.19,0.352,2.11,19.2,16.8,Safe
2.23,41.85,29.17,0.01,1.33,28.5,8.3,Safe
1.58,49.02,43.43,0.089,1.29,17.5,20.3,Safe
9.25,31.97,19.97,0.171,6.39,30.6,4.0,Safe
1.88,48.46,24.2,0.015,14.6,24.7,8.5,Safe
7.78,33.07,18.09,0.079,1.71,26.5,1.3,Safe
11.12,49.72,21.96,0.427,0.16,23.0,8.7,Safe
2.84,34.78,22.88,0.086,0.15,18.4,4.2,Safe
12.04,42.07,45.28,0.634,5.7,30.9,29.2,Safe
2.37,49.75,17.58,0.01,3.22,31.3,7.1,Safe
16.63,33.07,29.1,0.19,6.12,24.6,13.9,Safe
0.47,37.18,32.57,0.13,4.78,28.6,14.2,Safe
5.81,47.89,44.66,0.104,9.52,24.4,21.7,Safe
3.4,33.67,47.92,0.53,8.68,27.2,31.0,Safe
2.45,21.79,39.86,0.021,6.21,29.0,14.5,Safe
5.01,56.43,47.04,0.34,2.58,28.2,29.8,Safe
6.08,30.3,40.97,0.176,1.47,31.4,19.3,Safe
0.02,36.59,46.79,0.045,2.83,28.1,18.6,Safe
0.91,46.56,38.34,0.348,2.79,26.1,17.1,Safe
6.24,28.92,17.63,0.084,3.77,23.0,4.2,Safe
5.49,24.92,28.26,0.252,0.82,24.1,5.0,Safe
16.91,37.54,36.34,0.074,4.26,29.2,17.2,Safe
7.16,17.07,26.57,0.286,2.44,20.0,1.8,Safe
15.06,32.12,24.02,0.152,3.87,30.4,8.3,Safe
6.06,37.45,34.05,0.023,1.1,24.9,17.0,Safe
1.77,32.3,45.81,0.157,2.28,22.7,20.1,Safe
0.56,19.57,16.15,0.032,0.94,21.6,0.0,Safe
7.61,50.94,40.38,0.08,8.33,28.7,21.3,Safe
5.17,36.04,38.85,0.028,2.68,25.9,18.3,Safe
0.25,49.31,46.81,0.01,1.02,32.4,24.0,Safe
2.23,32.4,45.71,0.036,0.17,20.9,20.3,Safe
15.71,26.2,40.15,0.115,4.5,23.7,17.6,Safe
3.47,37.69,32.17,0.099,0.97,25.6,10.4,Safe
2.83,32.84,21.74,0.104,18.26,23.0,8.0,Safe
3.06,23.22,32.99,0.043,3.05,26.0,11.0,Safe
1.17,49.7,40.26,0.173,1.36,27.3,22.3,Safe
2.3,28.78,44.56,0.183,4.29,27.9,18.2,Safe
2.31,16.6,41.06,0.066,1.29,32.0,14.4,Safe
0.27,48.28,21.44,0.32,6.87,20.8,7.6,Safe
7.3,29.96,34.79,0.155,1.47,27.4,19.2,Safe
2.69,28.92,25.96,0.187,17.77,23.4,8.4,Safe
8.63,17.35,15.3,0.049,3.72,27.7,0.2,Safe
9.5,52.41,21.61,0.01,7.44,27.7,5.9,Safe
1.19,22.11,18.74,0.301,0.3,22.1,6.3,Safe
5.36,35.58,42.81,0.259,1.71,22.4,23.1,Safe
3.2,44.13,23.53,0.02,5.35,28.0,7.5,Safe
10.61,39.22,24.4,0.07,4.26,26.1,11.6,Safe
1.22,34.4,46.68,0.162,0.86,25.1,21.4,Safe
5.66,17.98,27.51,0.158,1.76,28.6,9.5,Safe
4.68,26.9,15.32,0.295,1.22,28.9,0.0,Safe
1.75,36.88,24.37,0.023,3.8,23.9,7.8,Safe
0.73,27.13,18.94,0.084,1.69,22.6,7.8,Safe
5.27,37.03,18.39,0.015,1.48,21.0,7.5,Safe
6.71,41.82,17.56,0.074,0.93,26.1,5.9,Safe
1.9,44.63,34.58,0.01,2.1,20.3,17.1,Safe
5.18,22.74,21.25,0.343,0.87,26.4,11.0,Safe
2.51,56.97,26.92,0.112,13.14,30.9,15.3,Safe
6.24,42.67,43.45,0.284,0.67,24.6,19.9,Safe
1.11,34.98,29.0,0.01,9.78,23.9,14.1,Safe
11.05,45.9,45.22,0.039,2.24,34.0,23.9,Safe
1.69,58.65,31.43,0.045,1.9,32.0,15.9,Safe
2.29,20.61,28.16,0.073,1.05,22.9,7.8,Safe
0.3,32.75,39.76,0.244,4.04,26.6,15.2,Safe
0.59,11.22,17.41,0.073,4.63,27.3,2.8,Safe
3.63,36.93,17.95,0.034,2.52,26.8,6.0,Safe
1.56,38.65,36.52,0.01,0.23,33.3,16.4,Safe
9.02,34.61,31.07,0.012,10.03,26.3,14.5,Safe
0.07,28.45,41.08,0.214,15.71,26.9,19.5,Safe
2.38,14.5,45.24,0.088,2.26,28.8,12.8,Safe
2.06,38.74,27.82,0.194,3.8,30.8,10.2,Safe
0.1,49.55,34.68,0.172,2.39,29.7,17.3,Safe
0.66,29.09,31.52,0.022,1.55,28.2,4.8,Safe
2.67,39.4,47.39,0.023,0.32,19.8,21.8,Safe
3.39,19.32,42.43,0.211,2.44,24.0,15.7,Safe
2.59,39.57,45.09,0.192,6.82,29.3,20.7,Safe
3.79,31.07,23.39,0.071,0.07,27.0,7.9,Safe
4.52,27.38,40.49,0.012,3.49,29.3,18.6,Safe
0.05,27.4,23.76,0.01,8.51,33.5,11.1,Safe
3.12,31.06,21.89,0.051,0.98,21.3,5.1,Safe
16.55,38.82,46.16,0.01,0.81,30.6,26.9,Safe
3.66,21.88,15.64,0.039,5.92,24.7,0.0,Safe
5.66,31.03,46.86,0.082,1.18,29.7,19.7,Safe
1.87,34.59,19.93,0.019,0.85,25.8,5.8,Safe
7.44,24.01,42.04,0.017,1.9,34.5,14.9,Safe
7.41,52.97,24.11,0.34,1.99,26.5,9.8,Safe
3.68,26.47,26.57,0.132,8.29,23.4,10.9,Safe
18.65,28.31,22.15,0.409,3.85,27.7,7.7,Safe
0.67,25.22,34.32,0.064,2.08,27.3,9.2,Safe
0.09,52.98,26.49,0.17,3.06,30.6,9.3,Safe
7.35,40.53,36.69,0.034,12.31,27.8,18.0,Safe
8.23,25.63,15.52,0.144,0.48,35.9,3.1,Safe
0.64,46.06,17.12,0.021,0.93,25.6,2.6,Safe
1.54,37.01,18.29,0.01,13.14,25.6,0.0,Safe
0.09,37.57,28.83,0.402,12.62,23.6,14.8,Safe
1.74,31.56,41.89,0.121,0.78,26.3,18.6,Safe
7.42,27.51,44.31,0.392,0.63,26.9,16.6,Safe
3.65,38.38,23.08,0.061,2.19,27.1,4.0,Safe
2.14,29.55,33.95,0.06,0.2,26.3,15.1,Safe
2.32,53.17,40.36,0.077,4.26,23.6,20.6,Safe
0.01,22.31,24.53,0.184,0.32,22.5,7.6,Safe
1.78,50.36,28.5,0.125,0.24,24.5,9.7,Safe
5.2,33.89,32.29,0.389,2.66,30.6,14.9,Safe
18.29,37.99,19.45,0.01,12.66,31.4,4.4,Safe
9.39,43.33,15.86,0.185,2.23,25.7,4.7,Safe
0.12,28.7,20.04,0.06,1.76,22.2,4.7,Safe
11.44,43.64,35.69,0.03,24.77,25.7,16.6,Safe
7.64,10.0,17.43,0.107,3.04,34.4,2.7,Safe
7.58,27.8,21.26,0.105,1.88,30.0,3.3,Safe
3.06,25.76,26.15,0.022,1.95,28.2,9.8,Safe
2.54,22.46,17.57,0.034,0.87,29.9,2.5,Safe
1.8,32.85,21.33,0.079,2.87,32.2,4.6,Safe
0.34,38.86,45.07,0.079,2.31,21.4,24.4,Safe
1.3,42.03,15.64,0.057,1.26,24.4,0.0,Safe
1.42,37.41,36.56,0.024,0.7,23.9,19.3,Safe
3.31,28.34,27.69,0.01,1.49,28.3,12.9,Safe
6.88,38.69,37.2,0.527,2.84,26.6,16.9,Safe
3.21,36.24,34.43,0.431,0.24,29.0,16.5,Safe
0.3,44.36,22.38,0.099,0.67,24.0,7.8,Safe
15.83,42.77,42.96,0.796,11.8,31.5,21.5,Safe
14.3,35.3,31.23,0.168,3.13,25.7,13.0,Safe
7.69,26.03,42.14,0.011,0.26,28.8,13.4,Safe
23.74,28.47,28.4,0.019,4.72,30.8,7.9,Safe
3.93,29.5,47.49,0.372,0.26,30.5,20.1,Safe
16.45,31.85,40.43,0.149,5.37,27.4,19.2,Safe
0.39,37.68,46.88,0.278,5.54,29.3,26.2,Safe
2.28,42.15,31.97,0.343,4.21,33.0,12.2,Safe
1.28,34.49,30.63,0.089,5.27,28.1,10.5,Safe
1.09,35.16,39.93,0.01,0.37,23.1,19.4,Safe
0.76,36.43,44.05,0.031,5.19,28.3,19.8,Safe
4.87,29.84,46.82,0.01,0.59,25.9,18.5,Safe
7.6,25.75,25.71,0.031,1.66,16.6,9.3,Safe
4.32,17.45,41.36,0.079,11.44,27.8,18.9,Safe
0.79,28.05,21.95,0.019,2.8,26.5,5.1,Safe
8.33,39.73,33.0,0.027,13.7,30.6,18.5,Safe
5.05,27.97,20.93,0.089,0.37,23.0,1.4,Safe
2.46,32.62,26.46,0.062,2.6,20.0,6.8,Safe
5.61,39.66,45.73,0.095,0.26,26.7,26.6,Safe
1.5,40.21,19.82,0.084,3.98,27.5,0.0,Safe
2.12,24.2,35.87,0.155,0.33,26.4,10.5,Safe
12.47,44.97,34.57,0.415,0.77,26.1,14.1,Safe
1.72,46.27,18.98,0.017,1.2,21.7,4.8,Safe
3.17,23.7,25.76,0.016,5.53,25.4,8.7,Safe
11.04,26.76,33.58,0.287,0.72,24.6,15.7,Safe
6.15,46.91,21.18,0.106,7.5,30.3,6.5,Safe
0.32,33.53,41.42,0.218,0.57,27.5,14.8,Safe
0.8,12.8,47.08,0.036,0.14,24.9,13.2,Safe
0.04,21.0,22.09,0.265,2.01,32.9,4.9,Safe
4.98,32.51,21.17,0.386,15.54,24.9,13.3,Safe
2.97,23.37,30.01,0.151,0.47,28.2,7.5,Safe
0.72,30.87,39.68,0.017,0.43,25.3,14.8,Safe
15.84,35.32,24.29,0.338,5.56,32.5,10.0,Safe
3.77,49.62,15.66,0.236,1.5,26.3,2.7,Safe
1.38,32.1,32.86,0.208,5.05,26.5,16.4,Safe
3.47,45.73,46.57,0.01,0.89,25.4,26.2,Safe
5.69,49.29,27.91,0.241,2.47,26.8,14.1,Safe
0.4,49.34,28.86,0.022,1.23,30.8,13.7,Safe
1.61,37.85,46.97,0.038,2.4,29.4,20.1,Safe
8.22,15.37,37.92,0.129,5.86,26.1,11.9,Safe
3.08,39.61,38.73,0.046,5.74,32.8,16.1,Safe
3.95,45.48,33.57,0.162,2.9,29.5,15.8,Safe
2.84,34.19,47.16,0.141,10.55,24.2,23.4,Safe
0.22,52.45,37.73,0.017,1.22,20.5,19.3,Safe
0.91,43.6,44.54,0.16,1.1,24.3,21.6,Safe
2.95,40.68,38.08,0.386,3.81,27.7,14.8,Safe
1.17,45.86,39.26,0.026,3.88,28.4,21.6,Safe
0.26,38.33,24.58,0.136,0.19,31.4,6.1,Safe
9.28,10.07,25.01,0.063,3.74,21.6,8.7,Safe
19.87,30.01,40.84,0.092,1.88,24.2,17.0,Safe
7.88,46.97,24.79,0.051,5.5,21.3,7.5,Safe
9.61,26.92,33.57,0.066,6.6,20.6,11.1,Safe
1.39,32.77,23.23,0.01,3.21,23.5,2.6,Safe
16.17,24.55,41.96,0.599,0.01,27.5,15.6,Safe
1.1,52.84,18.65,0.147,4.05,29.1,6.6,Safe
15.12,51.81,42.37,0.104,5.53,22.2,22.7,Safe
26.31,26.16,34.89,0.073,1.15,22.8,16.0,Safe
6.22,36.47,21.17,0.116,2.5,18.9,6.1,Safe
19.85,28.2,32.89,0.072,13.49,26.9,18.0,Safe
4.21,41.15,24.32,0.067,1.42,23.1,5.3,Safe
1.5,40.1,25.67,0.094,1.01,32.7,11.0,Safe
2.87,43.12,26.6,0.048,0.95,27.6,7.0,Safe
4.5,38.32,17.09,0.03,3.27,25.3,0.0,Safe
0.38,64.35,47.54,0.122,11.97,23.4,32.1,Safe
4.87,24.72,16.04,0.278,3.75,20.0,0.2,Safe
19.86,17.89,36.86,0.025,1.45,20.5,18.1,Safe
1.05,31.07,27.25,0.01,4.07,23.5,9.2,Safe
7.87,19.32,36.32,0.043,3.92,23.2,12.8,Safe
11.92,20.08,26.76,0.585,3.63,22.0,9.9,Safe
14.39,24.99,37.23,0.265,0.69,27.5,14.0,Safe
16.11,25.78,39.06,0.136,4.03,28.1,21.5,Safe
3.69,25.45,37.79,0.397,2.25,24.2,13.5,Safe
18.93,40.18,18.76,0.088,0.08,33.7,6.4,Safe
7.08,29.94,36.68,0.614,3.1,19.0,14.3,Safe
0.88,33.2,24.24,0.053,18.14,26.2,9.1,Safe
3.24,43.94,15.95,0.041,1.72,25.1,0.0,Safe
6.34,27.34,28.69,0.152,13.47,23.8,12.0,Safe
1.42,32.35,29.31,0.071,0.4,23.2,9.6,Safe
5.12,38.66,30.42,0.148,5.27,26.0,13.9,Safe
5.49,15.58,38.26,0.055,0.49,25.1,14.2,Safe
0.89,11.15,25.19,0.144,1.28,24.4,6.0,Safe
4.16,38.46,25.4,0.048,3.38,20.8,13.6,Safe
7.38,39.92,17.0,0.01,3.59,19.5,3.5,Safe
3.45,55.64,37.67,0.365,5.97,24.8,21.2,Safe
0.06,36.58,33.74,0.322,3.82,24.4,13.8,Safe
0.05,43.2,26.53,0.53,3.6,25.2,11.4,Safe
2.21,33.05,38.27,0.189,9.74,25.6,16.9,Safe
13.03,37.97,32.73,0.172,2.41,23.9,13.5,Safe
1.3,51.67,30.49,0.123,1.02,25.2,14.9,Safe
5.03,13.76,31.87,0.02,0.71,22.6,9.3,Safe
1.26,39.14,36.0,0.031,2.04,32.1,17.4,Safe
1.94,56.36,36.78,0.051,4.99,22.8,14.3,Safe
9.42,37.82,24.54,0.331,0.17,24.5,12.5,Safe
6.53,51.51,19.64,0.028,0.55,23.1,8.1,Safe
0.5,28.71,20.17,0.384,0.45,23.0,4.5,Safe
2.8,34.68,36.1,0.111,3.52,26.1,14.6,Safe
0.15,35.34,43.8,0.189,1.11,25.6,20.6,Safe
3.28,12.82,28.51,0.018,0.73,24.2,4.9,Safe
5.43,23.32,20.59,0.047,3.59,24.9,4.3,Safe
0.63,24.03,39.97,0.477,5.73,23.1,16.9,Safe
1.7,43.22,42.47,0.046,1.61,27.6,14.7,Safe
2.54,43.72,44.06,0.053,3.45,34.2,22.5,Safe
12.6,38.24,35.03,0.033,0.41,22.5,11.7,Safe
24.99,43.24,43.4,0.021,10.95,27.6,29.7,Safe
0.23,33.36,15.51,0.04,1.64,26.2,4.9,Safe
7.16,47.02,18.54,0.154,23.97,28.7,11.7,Safe
2.32,35.09,18.06,0.091,15.38,28.8,4.2,Safe
2.49,35.58,38.52,0.121,6.04,26.8,16.3,Safe
7.02,32.34,17.3,0.02,0.08,25.8,0.0,Safe
12.53,41.84,31.38,0.243,3.14,24.3,16.0,Safe
15.07,30.79,30.6,0.23,0.36,22.9,8.2,Safe
4.3,44.76,25.25,0.01,9.02,25.6,6.2,Safe
2.21,23.68,43.72,0.073,6.24,20.9,17.2,Safe
7.75,24.01,20.62,0.011,14.35,23.6,2.9,Safe
1.45,41.87,26.63,0.236,3.75,30.4,7.6,Safe
4.15,34.11,40.55,0.2,2.95,26.4,18.0,Safe
2.22,30.46,16.0,0.348,2.93,29.6,5.0,Safe
5.34,43.9,37.21,0.04,1.95,31.9,18.3,Safe
1.37,28.93,41.94,0.091,2.53,25.3,17.3,Safe
1.06,33.0,45.76,0.031,4.04,26.8,23.2,Safe
12.52,48.99,43.92,0.07,10.81,24.8,27.0,Safe
0.54,50.39,25.54,0.111,3.62,22.7,8.5,Safe
3.53,50.72,34.35,0.01,7.78,22.2,15.1,Safe
1.25,32.18,17.55,0.188,7.94,29.4,5.2,Safe
0.2,47.31,23.51,0.118,2.93,26.8,5.3,Safe
0.18,25.51,18.11,0.265,1.71,33.4,3.9,Safe
0.96,25.93,25.4,0.048,4.08,29.9,5.8,Safe
10.08,11.5,43.88,0.35,2.36,23.1,16.2,Safe
1.66,51.73,26.46,0.996,0.34,29.4,10.7,Safe
15.02,26.36,33.54,0.378,1.9,24.8,16.3,Safe
4.36,33.73,29.3,0.226,20.51,30.9,11.9,Safe
2.87,25.9,30.14,0.251,0.2,24.1,8.9,Safe
4.34,41.95,47.0,0.128,4.77,21.8,23.2,Safe
3.64,31.24,24.77,0.032,7.36,22.8,10.4,Safe
7.11,21.95,35.7,0.17,4.18,23.0,17.2,Safe
1.66,39.42,28.86,0.187,3.37,22.6,13.2,Safe
2.18,20.66,17.02,0.634,4.92,23.7,2.6,Safe
11.23,26.63,31.15,0.117,2.24,29.4,12.1,Safe
14.64,13.93,41.84,0.047,0.38,33.2,14.1,Safe
11.15,20.76,18.26,0.173,13.12,20.7,5.0,Safe
2.72,36.79,17.3,0.582,2.26,31.1,0.3,Safe
7.58,15.35,20.07,0.029,4.38,24.1,4.4,Safe
3.23,20.19,40.23,0.059,3.03,27.4,14.3,Safe
3.44,34.98,38.89,0.117,0.22,19.4,17.0,Safe
1.15,29.56,33.65,0.028,12.21,28.1,13.8,Safe
4.47,54.92,30.45,0.01,6.29,18.0,16.5,Safe
1.03,53.34,44.31,0.062,0.65,27.3,21.0,Safe
2.01,26.32,40.3,0.301,15.99,27.0,21.6,Safe
9.66,40.57,41.79,0.01,5.34,26.8,22.2,Safe
1.16,42.49,41.84,0.084,2.56,23.1,22.2,Safe
0.37,29.03,36.21,0.215,3.78,28.2,16.9,Safe
0.36,20.04,30.11,0.459,0.45,27.6,6.8,Safe
14.13,34.88,43.53,0.635,3.29,25.2,24.4,Safe
3.54,33.27,45.56,0.082,0.31,28.7,16.8,Safe
2.63,30.64,15.79,0.451,3.15,25.6,5.9,Safe
8.33,39.42,16.7,0.01,3.22,28.1,1.2,Safe
9.03,27.49,46.64,0.206,8.3,25.5,22.0,Safe
2.02,23.48,24.15,0.154,5.16,26.9,7.0,Safe
5.91,36.09,43.82,0.043,1.15,28.3,21.6,Safe
7.37,38.86,27.83,0.106,8.77,24.4,12.4,Safe
5.32,23.23,18.93,0.021,3.41,21.1,5.0,Safe
0.82,44.28,17.65,0.308,3.73,27.1,4.8,Safe
10.43,17.3,20.16,0.066,0.74,30.8,4.3,Safe
3.87,29.22,23.25,0.148,7.8,27.2,2.6,Safe
1.66,32.42,31.12,0.026,10.69,27.3,14.9,Safe
2.77,28.64,38.15,0.035,5.97,25.8,14.7,Safe
0.19,29.35,47.55,0.723,11.3,29.0,23.8,Safe
0.68,53.71,29.57,0.21,1.44,25.3,17.8,Safe
7.25,26.49,32.1,0.49,7.9,24.2,6.8,Safe
0.0,59.41,32.22,0.053,2.68,30.4,15.6,Safe
2.69,39.37,32.8,0.027,0.72,23.9,7.0,Safe
3.7,35.92,32.09,0.105,4.42,29.6,13.6,Safe
0.28,39.76,15.29,0.102,4.61,30.4,0.7,Safe
18.07,60.3,15.06,0.029,1.35,28.3,0.0,Safe
1.28,25.06,18.22,0.198,0.11,21.0,5.4,Safe
1.81,23.8,18.35,0.067,0.89,26.1,0.0,Safe
1.81,27.45,38.26,0.031,2.04,25.2,16.5,Safe
1.31,35.32,21.76,0.061,0.73,24.0,2.9,Safe
0.01,17.74,44.53,0.124,0.86,26.6,14.6,Safe
6.53,35.22,45.64,0.194,1.99,29.1,15.8,Safe
17.03,51.94,47.2,0.099,13.06,24.2,32.9,Safe
1.27,36.51,45.99,0.112,5.78,25.3,20.6,Safe
5.44,32.07,23.97,0.022,1.54,25.0,5.7,Safe
6.77,28.82,31.82,0.369,12.11,30.7,14.0,Safe
9.43,43.99,20.79,0.396,4.15,25.0,3.6,Safe
2.75,26.74,41.6,0.173,2.43,21.1,18.4,Safe
1.8,53.46,44.32,0.01,2.53,19.7,22.0,Safe
1.97,54.33,43.09,0.116,2.12,27.5,28.7,Safe
6.23,37.57,29.3,0.149,1.06,23.0,9.8,Safe
8.49,34.88,40.04,0.785,1.96,28.7,18.9,Safe
1.0,45.31,18.22,0.831,3.0,20.7,3.3,Safe
2.32,45.95,16.33,0.292,3.0,23.8,0.0,Safe
11.61,26.94,39.86,0.01,5.74,20.7,19.6,Safe
8.22,29.73,29.04,0.46,1.78,27.7,13.6,Safe
20.95,21.78,47.85,0.142,5.05,28.6,22.0,Safe
7.02,39.09,18.21,0.242,3.45,27.4,5.2,Safe
2.5,41.67,43.24,0.078,13.06,21.7,26.6,Safe
4.47,21.5,30.84,0.058,1.95,23.0,10.1,Safe
5.41,30.45,42.3,0.093,9.26,26.9,21.2,Safe
0.41,21.53,41.97,0.024,6.87,19.2,16.4,Safe
3.93,26.01,45.23,0.066,4.06,25.0,17.4,Safe
6.18,40.51,24.83,0.292,4.25,32.1,10.4,Safe
0.92,27.67,46.34,0.01,0.35,25.3,22.9,Safe
7.59,31.99,20.01,0.025,12.0,20.0,4.5,Safe
4.38,18.73,17.7,0.02,0.45,23.6,4.0,Safe
15.21,36.87,29.24,0.077,3.31,23.5,12.4,Safe
0.22,34.56,42.33,0.871,1.6,34.6,18.5,Safe
1.54,27.71,30.62,0.029,2.25,32.7,12.0,Safe
4.6,33.11,42.37,0.024,3.77,28.9,20.6,Safe
1.76,36.8,39.08,0.37,9.58,24.6,20.8,Safe
6.27,26.85,21.91,0.321,2.45,30.8,10.3,Safe
7.11,20.24,46.31,0.01,17.6,21.5,27.6,Safe
0.54,53.06,17.01,0.209,3.59,30.3,4.9,Safe
3.61,28.67,44.64,0.16,0.7,29.7,18.2,Safe
3.56,34.03,25.05,0.219,0.84,25.4,4.2,Safe
2.3,45.11,31.5,0.102,5.04,30.6,17.5,Safe
13.51,70.29,28.94,0.713,0.21,24.2,17.4,Safe
8.79,22.56,20.67,0.01,2.62,20.9,2.6,Safe
5.97,39.5,26.82,0.04,0.64,29.9,6.9,Safe
6.26,27.92,21.37,0.076,2.27,25.7,2.7,Safe
3.1,29.61,21.73,0.09,5.54,28.4,10.0,Safe
12.69,27.8,21.17,0.381,2.46,33.3,8.6,Safe
5.93,23.74,31.14,0.123,0.71,23.1,6.3,Safe
6.53,34.59,41.33,0.01,1.16,25.4,14.2,Safe
9.89,20.25,33.78,0.079,1.83,32.3,11.8,Safe
1.6,44.47,44.48,0.081,0.29,28.7,18.6,Safe
8.23,35.55,36.01,0.505,3.51,23.2,16.2,Safe
1.09,39.22,37.75,0.137,3.74,22.2,20.5,Safe
2.12,30.34,37.03,0.151,0.26,23.9,16.6,Safe
2.04,31.33,29.83,0.187,2.06,23.0,6.0,Safe
19.2,37.88,37.75,0.22,2.14,26.9,16.3,Safe
9.71,23.36,17.3,0.151,1.62,26.3,3.3,Safe
6.04,31.42,43.38,0.041,3.26,27.1,21.9,Safe
6.49,26.4,40.67,0.311,1.7,22.6,14.7,Safe
4.13,26.09,23.09,0.198,2.15,25.7,6.9,Safe
14.7,13.9,40.35,0.203,6.39,17.8,16.4,Safe
3.43,48.39,15.42,0.851,0.71,26.6,9.6,Safe
2.39,28.13,22.17,0.243,3.86,30.7,7.5,Safe
0.89,46.63,17.15,0.265,2.82,20.3,3.9,Safe
7.71,45.69,40.75,0.454,1.46,27.9,17.5,Safe
6.63,22.14,39.94,0.025,5.2,23.6,13.0,Safe
2.43,24.12,41.85,0.103,3.2,29.2,9.9,Safe
0.13,60.61,15.15,0.13,2.6,26.6,4.5,Safe
9.13,52.51,31.54,0.06,4.41,27.6,16.9,Safe
0.06,34.68,38.26,0.274,6.48,26.3,18.8,Safe
6.08,37.57,20.13,0.216,14.4,31.3,5.6,Safe
17.58,28.69,36.44,0.191,3.97,27.4,19.6,Safe
2.88,39.32,17.78,0.879,8.3,23.2,10.8,Safe
1.34,27.83,20.98,0.045,0.0,26.4,2.4,Safe
6.1,14.68,30.7,0.199,3.02,24.5,12.8,Safe
8.49,21.78,36.57,0.12,0.97,26.6,13.5,Safe
3.95,35.21,19.81,0.056,0.4,24.3,3.0,Safe
17.06,23.69,21.11,0.026,3.04,23.3,8.3,Safe
0.27,34.33,21.75,0.339,5.49,26.8,3.6,Safe
3.51,24.25,22.88,0.136,2.13,26.2,1.7,Safe
6.34,27.18,22.48,0.261,4.44,30.3,5.4,Safe
9.93,43.53,28.04,0.118,2.69,24.3,10.9,Safe
0.99,37.47,36.58,0.037,2.3,18.1,10.8,Safe
8.05,34.9,29.46,0.062,1.37,24.5,11.9,Safe
4.02,43.79,40.61,0.072,1.93,19.5,17.2,Safe
2.53,39.81,38.74,0.541,1.72,27.7,15.0,Safe
0.71,49.47,19.18,0.01,4.16,19.3,6.9,Safe
10.02,30.4,16.61,0.637,0.49,22.0,3.1,Safe
0.86,30.7,43.97,0.59,0.39,24.6,21.8,Safe
1.85,21.99,17.63,0.834,4.32,32.2,5.6,Safe
1.71,30.71,19.9,0.097,3.16,21.7,3.8,Safe
10.26,44.65,15.73,0.498,2.25,26.0,7.4,Safe
5.58,48.0,35.74,0.076,0.66,28.3,17.5,Safe
7.96,44.6,34.22,0.01,2.12,31.9,15.2,Safe
1.44,17.06,47.57,0.038,6.24,29.1,20.4,Safe
4.9,45.83,44.27,0.436,8.82,30.4,26.9,Safe
4.24,16.61,28.56,0.01,4.85,29.5,5.5,Safe
8.94,43.98,27.26,0.118,0.25,21.2,16.4,Safe
11.83,31.32,24.8,0.012,4.44,27.4,8.2,Safe
0.06,42.03,20.03,0.051,1.1,29.4,5.1,Safe
5.6,21.68,19.56,0.014,1.51,22.2,0.0,Safe
0.27,46.71,19.37,0.294,0.87,23.7,5.9,Safe
3.98,20.35,18.77,0.134,5.98,22.8,3.8,Safe
1.7,28.32,22.94,0.349,4.18,29.1,3.8,Safe
1.83,25.02,25.12,0.175,3.79,25.7,4.4,Safe
2.18,17.46,46.73,0.531,4.41,24.7,17.3,Safe
4.85,35.95,34.09,0.107,1.08,20.9,12.7,Safe
2.03,53.06,47.59,0.153,2.35,25.7,26.8,Safe
6.6,61.67,27.29,0.129,4.01,23.7,12.6,Safe
2.59,35.97,30.1,0.099,4.05,27.0,12.0,Safe
0.35,46.17,25.71,0.281,6.28,21.4,12.1,Safe
7.66,37.32,21.04,0.155,1.35,26.7,7.3,Safe
1.68,39.99,19.72,0.242,5.88,24.2,6.7,Safe
2.83,31.58,46.19,0.232,2.32,21.0,21.3,Safe
5.78,36.95,47.56,0.032,4.44,20.7,24.1,Safe
2.02,40.37,16.48,0.158,2.43,21.3,2.9,Safe
0.29,29.22,19.96,0.033,11.87,25.2,3.3,Safe
2.34,34.23,28.98,0.131,0.79,26.5,9.6,Safe
14.45,34.42,21.15,0.17,4.5,27.1,8.4,Safe
5.13,43.26,27.01,0.884,3.44,27.2,14.3,Safe
5.57,24.34,19.26,0.01,0.76,23.0,4.3,Safe
5.0,34.48,30.06,0.014,0.27,30.2,9.2,Safe
1.11,54.12,23.97,0.012,6.42,24.2,8.8,Safe
2.71,46.64,26.61,0.076,0.69,27.8,9.2,Safe
6.95,48.49,18.11,0.259,0.83,25.3,3.8,Safe
0.53,35.24,29.13,0.279,15.35,27.5,15.2,Safe
1.63,38.21,47.45,0.2,5.05,25.1,19.0,Safe
1.62,45.02,25.85,0.341,1.15,27.6,14.9,Safe
2.83,50.6,43.92,0.058,3.58,26.0,28.4,Safe
19.65,15.48,42.83,0.014,3.06,29.3,18.6,Safe
0.35,21.85,46.42,0.01,7.44,22.7,20.0,Safe
3.66,48.09,41.07,0.287,5.23,18.9,24.0,Safe
0.99,32.23,36.77,0.197,7.13,22.1,13.8,Safe
17.65,28.28,43.27,0.18,0.95,30.3,21.5,Safe
0.6,22.46,17.5,0.062,4.09,25.4,5.5,Safe
2.58,29.45,30.27,0.072,0.16,26.4,5.2,Safe
6.69,20.98,47.65,0.476,0.29,21.8,16.1,Safe
6.1,55.91,40.4,0.01,5.0,26.3,24.2,Safe
2.75,34.78,46.75,0.223,0.1,21.9,20.3,Safe
2.13,34.42,40.73,0.056,3.47,22.5,16.5,Safe
2.53,40.88,43.87,0.01,7.34,24.4,21.1,Safe
1.53,44.62,38.32,0.204,1.91,27.8,14.9,Safe
1.15,44.46,40.1,0.06,0.18,28.2,17.0,Safe
3.3,45.74,32.26,0.192,5.0,28.3,11.3,Safe
1.56,28.69,45.5,0.184,10.62,19.6,25.0,Safe
1.69,32.02,42.23,0.115,5.05,26.0,18.8,Safe
5.35,42.69,42.85,0.225,3.46,25.2,21.9,Safe
17.29,29.73,37.21,0.13,1.05,19.9,17.8,Safe
4.63,34.95,25.05,0.051,0.06,26.1,14.4,Safe
0.4,38.99,16.18,0.199,4.75,25.0,0.6,Safe
0.39,42.85,45.88,0.133,1.05,28.0,17.3,Safe
15.12,17.22,34.34,0.01,7.81,26.3,13.5,Safe
1.76,42.15,24.84,0.348,2.51,23.8,4.5,Safe
0.48,32.66,19.92,0.118,3.03,29.7,3.6,Safe
4.57,42.07,42.37,0.304,5.61,17.1,24.1,Safe
4.89,42.77,42.61,0.322,6.05,25.7,26.2,Safe
5.23,51.08,41.88,0.088,4.12,18.9,18.5,Safe
1.56,48.53,36.29,0.106,11.15,22.4,16.6,Safe
0.08,48.47,27.08,0.081,16.14,28.1,13.5,Safe
16.76,49.44,25.03,0.09,11.74,20.9,13.9,Safe
1.44,37.91,15.28,0.338,6.95,20.3,5.4,Safe
5.64,35.32,42.51,0.233,4.89,35.5,24.0,Safe
6.13,43.73,17.89,0.02,4.35,20.6,6.2,Safe
4.71,42.32,35.81,0.141,0.44,32.6,15.3,Safe
1.88,31.91,31.63,0.825,1.27,25.3,15.7,Safe
1.58,39.05,32.38,0.136,0.02,23.9,12.5,Safe
4.55,34.65,45.58,0.231,0.59,28.3,21.4,Safe
10.05,26.46,16.04,0.22,2.31,31.3,1.3,Safe
14.66,47.9,40.52,0.065,0.63,21.4,21.6,Safe
0.56,35.55,16.72,0.07,9.28,24.0,0.0,Safe
0.84,55.49,16.26,0.193,6.55,29.4,7.4,Safe
14.48,18.75,29.18,0.104,0.3,27.2,6.6,Safe
6.67,29.43,17.08,0.127,1.14,30.4,0.5,Safe
10.73,35.33,41.04,0.187,6.84,28.1,14.7,Safe
1.13,46.37,32.48,0.225,6.5,33.2,13.0,Safe
4.43,38.99,15.96,0.048,11.63,26.7,1.2,Safe
6.04,38.1,16.34,0.024,24.04,26.9,5.7,Safe
5.7,23.73,35.22,0.052,14.96,27.3,12.0,Safe
2.62,23.43,41.6,0.106,2.11,25.4,14.6,Safe
0.08,38.23,29.45,0.063,1.15,29.4,8.5,Safe
4.37,21.36,33.3,0.126,5.68,26.9,7.3,Safe
1.46,29.68,41.39,0.01,1.42,29.2,16.7,Safe
2.99,40.01,35.15,0.107,6.57,29.8,15.2,Safe
15.8,25.18,22.42,0.069,3.05,27.7,6.3,Safe
2.55,51.05,35.23,0.115,6.32,28.0,19.7,Safe
9.16,47.24,35.73,0.082,1.29,22.0,17.0,Safe
1.04,19.29,39.23,0.05,2.84,23.8,12.6,Safe
5.58,25.68,35.49,0.352,3.32,29.4,16.3,Safe
18.86,12.14,46.98,0.031,11.47,31.7,22.9,Safe
0.54,27.17,21.51,0.172,1.24,18.2,3.5,Safe
0.04,42.66,46.39,0.388,11.04,23.7,27.7,Safe
2.84,30.86,32.77,0.116,6.54,26.1,10.8,Safe
0.49,39.61,37.17,0.314,5.25,22.5,20.0,Safe
6.9,19.78,18.28,0.02,6.18,22.7,3.3,Safe
12.3,42.98,27.56,0.102,3.72,27.9,15.4,Safe
2.85,29.45,40.39,0.092,1.12,32.3,15.7,Safe
1.5,35.12,38.33,0.01,0.84,17.9,17.6,Safe
2.85,34.07,16.32,0.088,8.05,25.3,0.0,Safe
6.43,22.28,33.04,0.069,5.17,27.9,14.9,Safe
0.05,23.47,17.91,0.166,0.96,29.1,4.1,Safe
4.45,44.68,47.86,0.418,3.82,27.3,24.6,Safe
4.75,38.99,44.61,0.013,2.37,33.0,23.1,Safe
5.08,45.5,15.7,0.06,0.69,26.1,0.0,Safe
1.39,38.25,43.34,0.088,3.04,31.2,18.6,Safe
6.26,36.43,45.34,0.091,1.32,23.4,18.9,Safe
0.48,17.74,26.67,0.224,0.4,26.2,9.0,Safe
1.11,32.3,38.74,0.088,2.52,21.1,18.6,Safe
10.5,34.73,29.59,0.01,3.57,29.6,10.1,Safe
6.71,54.53,36.62,0.186,0.19,25.5,15.4,Safe
0.07,41.87,26.23,0.324,2.06,27.4,7.2,Safe
1.43,50.36,25.64,0.108,1.19,24.7,9.8,Safe
1.21,40.98,29.01,0.131,0.12,28.3,10.5,Safe
1.58,27.89,19.8,0.027,0.54,27.6,2.6,Safe
1.42,36.17,42.43,0.037,0.6,22.0,15.9,Safe
0.32,37.36,26.51,0.04,0.81,22.3,12.3,Safe
3.07,25.61,28.2,0.085,6.51,25.9,7.6,Safe
6.6,31.16,44.5,0.395,2.32,28.6,18.5,Safe
4.67,32.94,31.39,0.111,0.64,33.5,14.1,Safe
5.59,51.06,32.96,0.032,0.42,27.2,14.1,Safe
0.42,14.19,46.56,0.046,1.41,30.0,18.2,Safe
15.13,47.06,44.26,0.073,6.4,19.5,23.5,Safe
9.12,25.63,20.59,0.146,1.81,34.1,6.0,Safe
8.18,21.28,30.62,0.087,0.7,28.4,11.3,Safe
8.66,46.8,47.05,0.075,2.07,25.8,22.5,Safe
13.49,42.32,27.29,0.125,3.24,25.3,9.9,Safe
3.93,47.55,27.26,0.042,0.12,21.6,7.9,Safe
1.12,43.01,21.44,0.012,3.95,22.7,4.8,Safe
4.8,55.6,18.77,0.01,2.01,33.6,9.6,Safe
6.79,40.59,39.43,0.043,0.04,22.0,18.2,Safe
6.7,33.44,40.41,0.014,4.48,22.0,22.8,Safe
3.68,38.43,46.98,0.061,4.98,23.2,26.9,Safe
0.35,47.43,40.52,0.222,3.96,21.2,23.1,Safe
2.32,27.21,23.03,0.189,1.67,26.1,9.5,Safe
12.68,28.48,16.32,0.142,3.02,30.4,5.8,Safe
4.39,31.91,47.52,0.287,1.96,23.6,26.1,Safe
3.86,13.95,26.23,0.05,4.82,20.5,8.4,Safe
1.57,36.38,25.3,0.324,3.5,27.2,10.5,Safe
2.3,16.14,44.9,0.076,0.34,25.8,17.7,Safe
11.29,35.53,34.31,0.077,4.12,30.0,13.8,Safe
5.49,43.65,22.09,0.078,4.65,24.2,9.4,Safe
7.74,30.23,44.34,0.015,1.85,25.0,22.4,Safe
3.03,51.77,47.78,0.556,8.34,25.4,28.1,Safe
4.97,20.39,17.86,0.022,7.41,26.4,0.6,Safe
1.43,46.91,43.45,0.063,0.77,24.4,19.6,Safe
6.11,41.75,27.89,0.058,9.38,23.8,15.1,Safe
2.79,17.84,32.29,0.012,2.33,18.6,9.1,Safe
2.92,62.11,45.19,0.025,5.15,23.7,24.3,Safe
5.24,34.36,47.12,0.01,6.73,28.9,20.5,Safe
13.77,26.23,23.65,0.052,2.81,29.4,4.6,Safe
0.33,20.93,22.02,0.302,2.04,24.1,3.0,Safe
8.71,32.8,17.66,0.062,9.88,31.2,0.8,Safe
1.73,33.73,33.54,0.02,1.05,25.9,13.7,Safe
2.93,36.03,15.45,0.156,1.19,20.6,1.7,Safe
0.11,32.02,28.59,0.853,1.8,19.4,12.6,Safe
1.79,41.33,17.42,0.04,7.85,30.9,0.0,Safe
3.49,31.12,28.37,0.049,11.17,24.5,13.4,Safe
0.29,15.65,16.32,0.536,0.99,21.1,2.0,Safe
3.38,33.51,42.56,0.03,7.98,17.0,21.1,Safe
13.09,11.33,21.92,0.107,1.19,24.4,8.8,Safe
0.56,38.54,25.83,0.041,14.11,27.6,11.0,Safe
7.23,25.21,43.71,0.404,3.64,23.2,24.6,Safe
2.64,36.63,39.63,0.599,0.03,21.8,13.2,Safe
5.32,48.14,22.23,0.253,0.14,23.8,6.9,Safe
1.51,25.51,17.37,0.057,0.64,31.0,0.0,Safe
0.87,45.61,38.62,0.077,0.83,20.4,18.2,Safe
0.87,30.67,27.89,0.042,5.84,23.4,9.4,Safe
0.37,52.53,40.28,0.332,1.01,30.8,17.9,Safe
1.03,31.35,29.69,0.369,13.91,28.0,18.3,Safe
5.46,26.6,26.42,0.081,4.04,26.7,7.1,Safe
10.67,41.87,29.89,0.16,4.72,23.4,7.6,Safe
8.41,30.64,39.7,0.027,0.98,26.1,18.0,Safe
5.78,26.59,44.77,0.086,8.93,23.8,22.5,Safe
0.59,30.22,16.64,0.15,4.41,22.6,1.4,Safe
1.71,34.55,32.3,0.073,7.99,21.7,15.0,Safe
1.85,48.42,16.08,0.066,12.54,29.1,2.1,Safe
1.44,15.66,30.46,0.01,0.54,25.8,7.2,Safe
3.62,35.23,44.21,0.245,0.41,27.3,20.8,Safe
3.83,41.25,26.93,0.33,6.51,26.6,13.4,Safe
2.21,36.93,45.77,0.523,8.04,27.8,23.6,Safe
2.18,48.1,35.81,0.191,3.51,25.0,15.9,Safe
8.82,34.26,45.83,0.119,1.82,24.1,21.5,Safe
7.79,33.15,39.99,0.047,4.23,22.7,12.7,Safe
1.84,40.92,18.41,1.09,1.46,20.3,6.3,Safe
12.25,35.99,22.63,0.134,1.09,21.5,2.1,Safe
15.27,31.1,28.01,0.171,2.68,24.5,8.5,Safe
1.98,40.16,20.61,0.172,0.97,19.6,2.0,Safe
2.19,28.47,31.33,0.28,2.64,20.5,12.5,Safe
3.52,28.89,30.56,0.01,12.55,30.2,10.2,Safe
14.16,29.72,46.56,0.037,7.32,26.9,26.6,Safe
10.45,48.53,29.31,0.164,11.36,24.2,10.2,Safe
0.54,10.0,40.93,0.338,6.57,35.1,15.5,Safe
2.49,38.96,46.08,0.173,1.75,19.4,22.0,Safe
4.03,35.34,43.94,0.08,6.69,29.9,22.3,Safe
3.5,18.19,21.89,0.067,10.25,25.6,10.8,Safe
1.08,38.1,31.37,0.201,11.75,29.1,9.1,Safe
9.79,39.76,26.48,0.203,4.6,26.4,8.6,Safe
5.65,40.9,28.2,0.14,0.95,18.5,15.6,Safe
9.1,10.0,26.91,0.052,0.16,26.4,4.9,Safe
9.79,48.66,42.27,0.389,0.64,27.3,24.0,Safe
6.9,27.62,29.92,0.12,13.47,17.2,10.0,Safe
2.89,41.87,32.28,0.234,2.48,33.8,10.2,Safe
4.72,42.41,47.42,0.036,7.72,27.2,23.5,Safe
0.87,26.23,16.98,0.063,2.5,28.7,7.0,Safe
5.6,41.6,31.1,0.311,4.32,21.3,10.8,Safe
0.99,31.15,40.54,0.01,0.1,28.8,14.8,Safe
5.92,14.29,19.99,0.108,1.15,30.4,2.8,Safe
1.3,46.68,35.18,0.099,2.29,27.0,18.0,Safe
0.63,27.25,22.9,0.209,3.98,26.0,8.8,Safe
0.9,26.46,43.62,0.05,0.75,22.4,16.9,Safe
0.01,30.97,25.79,0.037,5.79,25.1,0.0,Safe
6.34,37.72,25.86,0.391,1.81,24.0,7.4,Safe
6.59,34.43,34.74,0.127,6.8,28.3,12.2,Safe
3.62,40.48,21.06,0.017,0.41,22.6,8.3,Safe
0.88,21.61,24.4,0.032,4.55,28.3,3.5,Safe
0.44,27.58,28.75,1.012,1.39,22.6,15.4,Safe
0.1,33.84,26.67,0.033,6.35,25.0,9.8,Safe
0.91,53.98,32.32,0.141,2.06,28.5,17.7,Safe
11.08,33.86,34.79,0.082,4.38,23.2,20.7,Safe
1.38,45.85,33.7,0.325,10.89,28.6,14.8,Safe
2.19,35.39,36.59,0.211,0.08,28.2,10.6,Safe
0.56,30.16,25.16,0.136,0.04,24.9,7.3,Safe
1.26,32.53,19.17,0.01,5.88,30.6,6.4,Safe
3.66,33.32,40.11,0.318,4.16,26.3,16.4,Safe
4.68,41.04,43.08,0.088,1.39,30.4,20.4,Safe
1.41,48.75,23.48,0.402,2.73,33.2,12.1,Safe
0.3,38.6,28.43,0.103,0.17,25.0,12.4,Safe
2.48,46.87,31.45,0.178,0.85,28.6,11.8,Safe
1.33,25.35,32.6,0.011,2.21,23.4,11.2,Safe
1.24,30.85,36.76,0.205,7.18,21.9,13.2,Safe
16.08,27.76,16.37,0.062,2.61,25.2,0.0,Safe
4.79,38.14,38.81,0.065,3.53,20.5,20.8,Safe
4.07,31.41,17.05,0.019,8.28,22.2,0.0,Safe
2.69,42.3,30.45,0.024,1.48,28.4,12.1,Safe
2.8,25.69,42.31,0.031,4.83,23.9,16.2,Safe
3.89,35.43,29.89,0.06,7.91,28.8,13.2,Safe
5.96,41.87,19.92,0.334,0.91,27.2,4.3,Safe
6.06,14.35,47.51,0.069,1.76,33.4,21.5,Safe
0.94,56.22,44.35,0.193,15.61,28.1,27.9,Safe
3.47,32.17,40.45,0.013,16.35,30.5,24.0,Safe
2.65,14.75,28.58,0.134,1.01,27.6,8.3,Safe
10.22,36.58,21.07,0.099,0.28,27.2,3.2,Safe
4.99,35.33,46.07,0.572,1.26,30.7,23.8,Safe
3.8,34.18,32.57,0.281,2.03,28.7,13.9,Safe
0.61,44.91,43.13,0.091,2.33,26.8,20.5,Safe
4.65,42.47,26.29,0.224,3.86,26.8,8.3,Safe
0.62,37.98,26.06,0.032,9.19,28.2,11.5,Safe
2.06,39.5,47.52,0.124,1.6,23.3,20.2,Safe
0.77,33.96,32.22,0.012,7.59,23.1,10.4,Safe
5.89,52.75,19.64,0.064,0.39,31.7,7.3,Safe
1.15,20.21,22.25,0.038,0.17,33.5,3.4,Safe
2.49,36.4,30.9,0.19,2.81,22.3,6.9,Safe
11.3,35.65,16.4,0.101,0.25,23.3,0.6,Safe
1.14,43.13,30.26,0.209,1.99,30.6,13.1,Safe
3.54,26.56,28.83,0.109,9.08,28.1,9.6,Safe
2.72,17.56,40.72,0.014,1.11,28.7,13.7,Safe
0.09,36.57,26.71,0.199,4.9,29.6,10.0,Safe
7.87,37.81,47.42,0.269,1.44,25.0,24.8,Safe
0.36,49.9,20.97,0.351,0.18,27.3,7.3,Safe
3.21,22.3,34.5,0.127,3.25,27.0,3.5,Safe
4.11,46.55,17.96,0.21,7.2,22.6,5.3,Safe
4.95,58.67,39.22,0.209,2.11,27.3,20.3,Safe
5.83,31.22,47.83,0.025,3.84,31.0,22.1,Safe
1.46,22.09,42.03,0.027,9.21,24.7,19.9,Safe
0.05,30.93,33.34,0.011,6.24,26.6,9.8,Safe
6.43,35.14,31.0,0.058,0.86,26.8,11.6,Safe
3.84,40.64,42.56,0.096,5.29,24.9,22.0,Safe
9.04,29.09,45.89,0.925,2.79,28.7,22.4,Safe
8.61,50.55,47.64,0.085,5.48,23.3,24.5,Safe
9.27,23.85,28.09,0.194,2.73,31.3,6.2,Safe
3.32,17.61,47.7,0.177,0.55,28.5,18.0,Safe
2.03,46.07,20.15,0.034,3.38,22.3,4.1,Safe
7.84,12.25,23.37,0.01,2.71,32.8,0.5,Safe
3.0,32.96,17.94,0.118,2.92,26.7,1.5,Safe
1.01,66.18,23.97,0.181,8.44,23.1,8.2,Safe
9.65,34.88,40.34,0.952,9.01,30.4,24.6,Safe
10.71,23.79,43.15,0.067,2.42,28.0,14.2,Safe
3.14,34.43,40.7,0.34,2.43,18.9,21.7,Safe
0.39,34.49,35.83,0.072,2.9,23.9,19.4,Safe
2.45,36.61,31.96,0.175,2.93,27.1,10.7,Safe
8.14,41.62,38.39,0.137,12.01,17.4,19.0,Safe
11.6,24.61,27.9,0.01,4.19,26.3,11.5,Safe
1.14,51.88,42.76,0.012,1.3,26.6,24.2,Safe
0.35,37.45,37.35,0.01,3.03,21.3,14.1,Safe
10.49,42.27,38.03,0.07,3.95,27.1,17.4,Safe
2.47,28.72,32.69,0.205,4.08,26.0,11.0,Safe
3.9,47.86,44.21,0.028,3.52,21.2,20.7,Safe
17.22,32.43,23.32,0.14,0.78,29.7,9.8,Safe
0.34,37.78,27.58,0.051,0.14,29.4,9.2,Safe
5.23,25.67,40.66,0.239,1.65,24.8,14.4,Safe
0.38,25.03,31.26,0.24,2.23,25.2,10.4,Safe
2.35,41.88,44.34,0.224,0.26,28.9,20.0,Safe
8.14,30.56,26.43,0.112,6.75,25.2,15.6,Safe
2.84,26.46,27.19,0.05,1.69,18.3,7.1,Safe
29.36,28.57,44.33,0.249,9.8,27.9,27.6,Safe
4.09,41.99,30.32,0.031,0.67,22.7,12.6,Safe
1.94,28.71,32.03,0.051,0.23,24.4,10.1,Safe
1.24,33.82,25.98,0.03,2.63,31.8,9.0,Safe
2.16,35.15,24.13,0.168,0.84,25.5,7.6,Safe
2.33,15.83,36.65,0.174,11.08,26.0,20.8,Safe
0.36,20.29,18.95,0.159,0.04,28.0,2.3,Safe
2.31,38.36,44.02,0.081,2.13,28.0,13.6,Safe
3.12,27.63,40.71,0.016,10.46,22.3,23.5,Safe
6.41,45.57,21.29,0.363,1.94,25.8,6.2,Safe
5.35,44.67,37.9,0.106,0.39,26.1,17.6,Safe
6.17,42.19,34.89,0.078,1.44,27.1,13.8,Safe
0.04,53.2,21.09,0.133,2.76,27.2,5.5,Safe
1.23,34.17,24.02,0.032,0.82,36.3,3.7,Safe
5.42,41.49,28.5,0.021,2.51,21.3,5.7,Safe
3.31,29.16,38.08,0.078,7.24,29.9,14.2,Safe
0.03,59.52,36.08,0.039,8.24,30.7,20.8,Safe
8.16,54.84,32.56,0.042,0.2,28.0,11.2,Safe
7.41,35.12,40.36,0.335,0.7,23.4,19.5,Safe
3.98,38.87,40.01,0.113,1.29,32.7,23.5,Safe
0.34,48.59,35.39,0.099,3.61,17.2,17.1,Safe
7.27,33.53,40.97,0.175,1.79,23.3,14.7,Safe
4.38,28.43,26.03,0.454,7.43,30.7,10.6,Safe
7.62,43.74,44.08,0.018,5.04,24.5,25.3,Safe
6.97,35.78,35.29,0.269,0.42,32.4,18.1,Safe
8.12,36.83,42.14,0.132,3.92,20.0,20.7,Safe
3.65,26.66,33.03,0.024,0.48,21.6,12.4,Safe
0.76,17.82,22.21,0.053,1.18,23.9,6.2,Safe
5.56,37.36,32.9,0.099,0.78,27.7,14.4,Safe
4.84,44.05,27.25,0.176,0.76,25.1,11.1,Safe
6.78,32.74,38.02,0.042,3.83,24.0,14.6,Safe
0.93,49.36,30.7,0.115,3.32,31.7,15.6,Safe
1.08,27.96,42.59,0.173,0.77,32.1,15.4,Safe
11.06,24.45,37.38,0.089,18.49,24.3,25.1,Safe
6.93,34.33,37.59,0.298,2.19,19.2,14.9,Safe
11.94,34.17,22.17,0.305,0.41,17.4,9.0,Safe
7.11,42.7,47.48,0.095,0.51,27.0,20.7,Safe
4.55,27.25,42.78,0.541,3.51,28.6,17.9,Safe
5.31,48.68,41.04,0.012,15.47,26.3,22.6,Safe
11.0,54.67,25.9,0.01,3.39,25.7,7.8,Safe
4.32,34.61,32.68,0.072,11.91,22.8,13.0,Safe
5.0,47.5,19.52,0.138,2.35,28.6,6.7,Safe
0.85,24.44,32.77,0.149,2.29,32.7,10.2,Safe
3.21,45.75,19.81,0.097,2.77,17.1,8.6,Safe
6.3,45.47,33.25,0.02,4.78,25.7,12.8,Safe
1.58,43.63,36.41,0.028,1.83,22.1,17.5,Safe
1.13,34.84,27.88,0.287,7.98,20.0,9.3,Safe
1.88,10.0,31.45,0.304,0.12,21.5,12.3,Safe
1.38,28.58,43.9,0.168,2.32,27.5,20.1,Safe
1.21,28.74,18.58,0.164,2.86,27.6,6.0,Safe
2.77,25.22,41.13,0.137,3.74,31.8,15.9,Safe
11.92,36.22,20.63,0.034,1.29,26.0,8.9,Safe
3.54,30.81,16.21,0.084,2.23,19.0,0.0,Safe
1.04,26.75,21.12,0.179,2.65,25.0,5.8,Safe
0.4,24.41,40.25,0.116,4.65,20.5,15.8,Safe
5.96,27.84,28.37,0.01,5.94,21.2,11.6,Safe
2.41,46.21,43.79,0.46,5.36,28.3,23.6,Safe
8.63,28.39,32.32,0.279,1.67,26.8,9.8,Safe
5.39,29.85,15.73,0.045,30.03,28.4,2.1,Safe
7.95,30.43,38.65,0.144,7.55,24.6,17.5,Safe
1.59,38.39,18.64,0.385,1.2,29.2,4.2,Safe
5.89,39.56,41.05,0.015,0.87,24.3,20.6,Safe
1.53,10.0,20.55,0.105,1.51,30.5,5.8,Safe
13.99,45.22,26.4,0.091,2.41,27.4,10.9,Safe
5.06,49.36,40.12,0.079,7.61,25.2,21.6,Safe
1.96,24.5,46.49,0.271,6.03,26.8,22.9,Safe
1.57,25.28,27.26,0.072,7.62,25.9,8.0,Safe
1.06,30.5,42.37,0.01,1.27,32.4,16.3,Safe
5.93,27.44,21.3,0.01,3.6,27.0,1.6,Safe
1.23,37.24,41.64,0.01,1.33,26.0,19.9,Safe
4.52,15.53,36.7,0.079,0.46,25.0,11.9,Safe
1.54,23.82,21.36,0.19,4.61,29.4,7.7,Safe
5.42,50.39,24.98,0.034,0.62,28.8,6.2,Safe
8.44,25.72,19.35,0.156,4.41,24.9,3.1,Safe
7.53,47.43,27.64,0.174,4.18,21.4,14.2,Safe
7.15,38.55,21.72,0.044,6.65,22.4,7.6,Safe
1.04,16.91,36.25,0.138,0.6,25.3,8.6,Safe
0.46,41.35,47.82,0.173,6.12,31.4,26.9,Safe
6.0,33.82,15.4,0.094,28.93,25.0,1.7,Safe
2.3,30.45,32.85,0.062,7.62,23.6,14.8,Safe
2.83,37.45,33.93,0.145,5.57,19.0,12.0,Safe
0.16,39.75,45.17,0.571,4.34,32.1,26.0,Safe
1.5,42.08,31.7,0.083,2.19,28.3,12.9,Safe
0.17,46.78,32.94,0.075,5.24,29.2,15.5,Safe
10.57,39.08,30.56,0.094,5.15,29.8,12.9,Safe
1.39,21.24,23.87,0.012,3.99,25.3,5.6,Safe
4.07,30.26,16.85,0.121,6.36,26.3,3.3,Safe
0.2,64.43,28.49,0.06,2.38,32.0,15.0,Safe
5.5,42.24,16.74,0.019,0.52,26.7,3.0,Safe
1.95,58.69,33.17,0.094,3.28,28.4,20.1,Safe
11.41,48.95,25.14,0.01,1.23,29.5,7.8,Safe
10.95,37.42,32.61,0.077,1.94,28.6,15.7,Safe
1.97,38.01,19.43,0.017,0.07,25.5,5.5,Safe
11.56,34.63,45.78,0.01,1.93,25.9,24.9,Safe
27.81,17.62,44.52,0.261,6.62,29.1,23.1,Safe
8.73,35.18,21.27,0.372,3.13,29.1,7.7,Safe
9.32,47.11,26.33,0.035,0.04,30.7,10.8,Safe
1.43,29.0,35.25,0.116,2.54,28.2,9.9,Safe
4.3,39.12,18.16,0.049,1.38,28.4,4.8,Safe
0.35,43.52,26.7,0.102,2.6,24.2,17.7,Safe
0.5,25.9,23.29,0.086,2.07,23.7,9.5,Safe
34.03,30.49,45.21,0.047,10.75,29.1,29.4,Safe
1.98,24.82,43.13,0.181,0.17,23.7,11.9,Safe
6.9,26.78,34.13,0.02,4.6,25.9,13.0,Safe
8.22,22.12,32.17,0.01,7.62,31.5,14.4,Safe
9.76,26.0,45.71,0.219,12.8,30.9,23.5,Safe
30.22,49.19,45.77,0.164,0.78,27.2,33.4,Safe
1.38,25.85,46.99,0.104,3.03,24.8,17.4,Safe
0.21,36.26,19.14,0.095,0.18,25.5,4.4,Safe
2.65,29.97,20.3,0.103,2.77,29.5,4.2,Safe
0.7,46.79,37.33,0.086,0.54,25.9,18.5,Safe
0.11,48.11,32.87,0.075,7.28,23.8,17.2,Safe
2.23,43.64,15.61,0.104,0.48,30.9,5.6,Safe
7.66,38.06,17.05,0.113,2.88,26.7,3.3,Safe
4.18,32.69,44.31,0.177,2.95,23.7,23.1,Safe
1.88,23.08,43.67,0.186,14.25,27.9,21.3,Safe
5.31,54.44,26.79,0.071,4.26,29.9,15.0,Safe
1.32,27.4,44.4,0.08,1.36,22.0,21.3,Safe
0.07,41.64,34.59,0.07,1.1,25.2,14.0,Safe
7.23,45.6,41.59,0.115,0.55,25.0,18.8,Safe
4.89,29.45,29.11,0.091,5.65,27.8,10.8,Safe
7.18,45.38,18.74,0.331,4.69,28.5,8.7,Safe
0.2,42.64,29.31,0.179,3.77,23.8,7.8,Safe
9.07,52.28,30.09,0.343,0.17,20.0,13.0,Safe
4.83,30.31,33.18,0.185,5.76,30.1,15.0,Safe
4.14,22.14,18.48,0.531,4.11,21.5,0.0,Safe
4.9,29.95,47.72,0.151,13.28,27.1,22.4,Safe
9.99,37.09,23.06,0.497,3.54,25.5,7.2,Safe
4.42,35.58,21.55,0.026,1.45,26.6,5.3,Safe
4.35,31.07,32.38,0.01,1.92,32.6,10.7,Safe
23.38,15.91,32.73,0.13,0.77,38.2,11.7,Safe
7.07,39.7,29.51,0.616,5.13,19.5,10.3,Safe
2.92,54.72,40.47,0.081,4.92,29.9,26.3,Safe
6.14,39.64,32.05,0.036,0.9,25.4,11.1,Safe
2.47,41.09,35.12,0.111,0.69,30.2,9.8,Safe
1.3,40.72,38.88,0.157,0.32,29.8,19.7,Safe
4.54,38.97,15.83,0.057,9.72,31.6,1.4,Safe
13.17,44.32,33.83,0.188,1.06,27.1,12.9,Safe
13.24,38.95,44.18,0.554,1.69,22.4,25.3,Safe
2.09,31.87,15.57,0.341,1.32,29.7,1.1,Safe
3.75,27.04,28.37,0.052,2.14,26.5,9.1,Safe
1.19,32.51,45.57,0.059,5.01,25.1,18.9,Safe
27.17,38.14,26.65,0.07,8.18,24.1,11.1,Safe
19.85,31.84,30.14,0.075,0.81,30.0,9.4,Safe
5.24,38.14,47.39,0.016,4.64,32.4,20.5,Safe
8.16,39.39,21.58,0.215,1.74,21.2,15.4,Safe
6.28,43.33,17.15,0.068,15.75,28.5,3.3,Safe
4.5,47.83,43.36,0.318,1.42,24.5,19.0,Safe
0.27,35.78,43.66,0.392,0.03,20.1,22.1,Safe
3.03,21.92,30.58,0.01,2.9,26.6,9.9,Safe
5.62,31.55,31.97,0.67,0.65,22.7,13.2,Safe
5.66,35.44,42.58,0.186,0.18,19.7,17.7,Safe
2.34,16.64,39.37,0.11,4.79,22.9,13.4,Safe
14.21,48.89,23.75,0.074,5.27,21.9,9.0,Safe
0.92,36.42,15.56,0.11,2.47,23.4,5.0,Safe
3.47,38.81,30.83,0.059,4.52,20.7,11.6,Safe
5.87,48.66,43.34,0.146,3.09,24.4,25.8,Safe
5.97,28.7,44.56,0.015,3.97,23.1,19.3,Safe
5.23,40.74,46.56,0.146,3.63,27.5,23.1,Safe
1.61,33.9,44.03,0.048,4.38,28.4,17.1,Safe
0.85,33.16,34.14,0.01,0.89,27.0,17.6,Safe
5.05,27.28,29.67,0.121,1.25,25.1,9.7,Safe
4.57,51.66,40.57,0.13,2.32,25.0,21.0,Safe
0.99,31.24,39.41,0.083,2.36,22.7,20.3,Safe
6.11,41.99,32.76,0.011,5.96,22.7,15.5,Safe
3.04,16.25,17.88,0.336,1.83,28.8,4.1,Safe
5.51,46.8,45.56,0.142,0.71,19.0,23.5,Safe
9.08,45.52,30.03,0.018,1.16,25.7,10.5,Safe
0.93,35.97,26.99,0.107,0.97,24.7,11.7,Safe
0.1,32.73,35.78,0.103,5.26,28.4,10.8,Safe
7.55,39.0,37.24,0.01,2.54,20.3,14.0,Safe
4.7,57.89,21.95,0.14,4.93,26.0,6.8,Safe
6.01,17.37,42.62,0.248,2.15,27.4,17.1,Safe
9.11,42.82,24.57,0.207,8.82,18.4,10.1,Safe
8.12,25.88,21.16,0.034,16.42,21.7,1.9,Safe
16.21,34.8,28.41,0.297,4.43,25.6,17.9,Safe
3.84,32.52,39.11,0.063,7.97,28.1,19.4,Safe
3.35,30.72,46.86,0.439,2.84,26.7,20.5,Safe
2.57,34.9,41.71,0.011,10.91,28.2,21.3,Safe
0.83,23.66,46.03,0.1,7.13,21.7,20.6,Safe
4.25,45.29,19.64,0.136,19.2,19.6,6.9,Safe
1.62,17.06,17.35,0.043,3.9,26.3,2.9,Safe
12.71,40.4,33.4,0.221,6.04,21.1,17.1,Safe
4.38,31.73,24.58,0.148,3.13,22.5,10.2,Safe
4.49,23.29,42.33,0.01,1.2,29.7,16.0,Safe
2.19,37.02,37.18,0.141,1.75,26.8,16.3,Safe
0.27,19.43,47.03,0.101,8.98,23.7,19.2,Safe
0.16,35.4,23.41,0.033,0.23,23.2,5.0,Safe
2.75,20.77,31.03,0.819,3.58,28.5,9.7,Safe
0.44,39.61,31.54,0.341,1.86,26.8,10.7,Safe
4.67,25.76,22.89,0.052,1.96,21.1,4.3,Safe
10.64,30.49,34.47,0.117,8.64,18.2,14.7,Safe
10.72,37.94,29.63,0.057,7.69,33.5,15.2,Safe
5.38,27.27,29.74,0.224,3.65,21.1,9.5,Safe
1.19,34.42,26.97,0.4,1.27,28.1,8.5,Safe
9.94,19.86,15.56,0.067,2.58,32.0,0.6,Safe
10.86,41.31,32.23,0.246,2.1,26.6,14.3,Safe
1.09,52.65,26.06,0.103,1.75,23.6,14.4,Safe
6.69,62.92,15.04,0.076,0.43,20.3,3.0,Safe
1.69,35.91,25.16,0.418,3.13,20.2,10.3,Safe
8.11,42.88,24.19,0.107,1.44,27.5,9.3,Safe
29.46,17.19,27.98,0.095,4.32,31.8,10.8,Safe
0.15,50.03,19.35,0.167,1.54,24.4,3.2,Safe
11.38,42.76,31.75,0.045,2.26,23.8,15.1,Safe
4.87,30.16,37.85,0.059,0.22,28.8,9.7,Safe
18.13,47.37,35.8,0.403,19.59,23.3,21.0,Safe
3.13,32.46,41.52,0.17,2.83,27.1,16.5,Safe
9.4,30.42,29.92,0.263,0.1,26.2,10.3,Safe
0.32,39.75,32.13,0.047,3.12,24.4,12.7,Safe
2.04,24.37,41.74,0.118,8.17,25.9,21.0,Safe
0.35,45.22,29.11,0.533,5.92,33.1,14.9,Safe
18.51,24.44,38.15,0.058,4.83,28.4,17.2,Safe
8.49,24.5,29.34,0.026,0.6,30.4,8.2,Safe
9.57,25.9,28.79,0.107,4.29,22.3,9.1,Safe
13.9,42.6,40.09,0.074,5.81,30.4,18.3,Safe
0.44,28.83,20.77,0.026,3.4,28.6,0.0,Safe
2.44,21.52,26.17,0.329,8.93,20.0,5.3,Safe
0.37,28.94,22.4,0.702,1.3,28.2,9.8,Safe
1.18,34.68,26.85,0.126,1.11,23.9,6.7,Safe
1.3,23.19,22.6,0.224,8.15,19.8,4.8,Safe
3.17,23.48,34.12,0.294,3.93,26.5,15.0,Safe
1.56,56.11,41.34,0.181,0.01,28.2,14.9,Safe
0.53,26.39,40.96,0.01,1.74,26.6,13.7,Safe
0.92,31.77,27.03,0.026,7.8,25.6,6.3,Safe
0.8,31.33,47.63,0.011,0.11,24.7,20.4,Safe
18.07,30.79,34.6,0.01,0.01,35.9,15.5,Safe
7.12,41.21,28.18,0.055,1.32,21.3,12.0,Safe
17.17,44.48,42.57,0.075,9.81,29.5,28.9,Safe
2.9,31.94,39.09,0.041,9.27,26.1,18.9,Safe
1.63,22.64,39.73,0.01,2.93,22.6,14.9,Safe
8.0,47.74,21.47,0.113,3.22,25.8,13.5,Safe
1.97,34.05,30.45,0.048,1.61,20.4,5.2,Safe
1.78,52.3,43.44,0.238,1.12,23.6,28.3,Safe
1.32,12.54,31.63,0.01,6.75,25.8,14.4,Safe
0.69,36.95,37.55,0.277,0.45,19.8,15.2,Safe
1.48,54.19,34.4,0.464,2.67,28.0,15.9,Safe
2.2,31.47,42.8,0.189,4.02,22.1,17.1,Safe
5.6,32.75,24.39,0.198,0.44,20.2,6.6,Safe
0.32,37.96,33.99,0.407,2.93,21.7,17.4,Safe
1.18,29.41,19.07,0.035,3.45,34.7,0.0,Safe
8.28,31.88,37.78,0.782,5.43,18.1,23.7,Safe
0.79,31.62,39.15,0.223,1.07,27.7,15.6,Safe
2.1,28.73,16.41,0.195,1.39,23.0,5.2,Safe
10.0,47.29,37.3,0.067,3.37,24.6,15.6,Safe
0.84,39.61,28.68,0.118,16.33,28.4,14.7,Safe
0.43,37.51,19.1,0.159,0.98,28.2,5.2,Safe
3.31,43.09,28.86,0.145,17.05,23.3,15.4,Safe
1.8,32.36,21.41,0.183,5.01,20.6,4.1,Safe
4.14,27.26,28.71,0.013,7.0,28.5,8.7,Safe
8.14,28.97,27.68,0.066,0.38,28.2,5.6,Safe
0.74,35.02,39.37,0.085,1.43,24.9,18.0,Safe
4.35,24.41,40.55,0.045,0.24,27.8,18.2,Safe
3.52,30.0,35.03,0.028,1.86,24.2,13.6,Safe
0.78,29.84,15.75,0.022,15.91,22.7,0.0,Safe
4.89,56.25,45.72,0.068,0.44,26.0,28.6,Safe
1.6,10.0,37.65,0.102,3.31,28.1,13.3,Safe
3.35,33.2,16.13,0.01,0.02,27.2,0.0,Safe
0.43,52.26,42.02,0.439,4.99,28.0,19.0,Safe
3.08,36.22,21.61,0.217,0.88,23.0,3.3,Safe
1.83,42.53,34.11,0.197,0.56,32.3,14.3,Safe
8.64,36.0,30.4,0.028,1.64,24.6,8.9,Safe
0.29,28.33,28.85,0.139,5.9,25.5,7.5,Safe
2.71,12.58,44.36,0.113,0.45,20.7,18.3,Safe
3.07,37.05,29.43,0.607,1.04,25.2,14.9,Safe
6.46,27.24,17.49,0.207,0.03,28.1,5.3,Safe
4.27,27.0,46.24,0.129,13.82,29.1,19.1,Safe
5.5,30.01,45.38,0.285,3.59,32.2,23.1,Safe
7.5,52.45,37.59,0.025,5.09,28.1,18.5,Safe
9.91,59.05,30.44,0.01,4.22,27.1,20.1,Safe
1.88,37.17,18.06,0.176,0.62,24.2,4.4,Safe
3.86,30.35,41.09,0.016,3.61,23.4,20.1,Safe
9.17,23.23,17.49,0.018,0.56,29.9,3.7,Safe
22.76,39.69,17.26,0.205,2.05,29.8,6.2,Safe
11.01,52.83,32.73,0.047,3.37,21.7,15.3,Safe
2.32,32.53,20.28,0.149,3.27,28.9,7.9,Safe
1.09,11.21,15.26,0.374,0.51,28.6,3.6,Safe
3.36,41.7,28.96,0.057,0.14,21.5,9.7,Safe
6.77,44.85,19.53,0.037,6.4,28.2,4.8,Safe
3.39,19.14,20.3,0.017,5.18,21.8,1.9,Safe
3.3,36.76,17.54,0.021,0.34,16.3,5.0,Safe
9.11,39.51,21.77,0.01,0.55,25.4,6.8,Safe
2.24,34.27,38.61,0.014,8.92,27.0,18.1,Safe
9.82,27.09,41.69,0.085,5.86,25.5,17.7,Safe
2.61,45.16,29.93,0.058,22.25,37.5,19.3,Safe
1.99,30.97,31.72,0.184,1.17,27.5,7.4,Safe
3.03,20.15,16.08,0.306,2.68,26.6,3.8,Safe
7.19,14.51,17.29,0.23,1.08,27.7,4.9,Safe
0.67,47.61,23.5,0.113,3.9,24.2,7.4,Safe
1.09,41.17,32.95,0.016,0.49,29.7,9.1,Safe
15.13,35.88,39.41,0.186,0.54,27.4,19.4,Safe
0.96,30.6,34.97,0.068,0.3,27.3,15.4,Safe
4.19,29.71,27.94,0.013,4.73,23.5,13.6,Safe
4.33,24.24,18.9,0.277,2.73,19.7,5.4,Safe
3.36,30.69,40.77,0.062,3.85,24.0,15.5,Safe
5.17,13.8,27.0,0.037,8.46,27.1,9.9,Safe
1.31,27.64,39.29,0.308,5.39,24.2,17.6,Safe
4.02,31.89,31.93,0.349,2.48,27.2,13.2,Safe
2.33,41.1,39.38,0.062,16.63,25.1,19.1,Safe
5.42,34.6,44.94,0.066,2.44,27.7,22.0,Safe
0.76,42.95,45.39,0.13,0.48,22.1,22.6,Safe
4.23,48.49,32.66,0.198,19.65,26.8,24.6,Safe
1.02,45.58,31.88,0.01,0.09,23.4,12.8,Safe
1.63,39.71,23.77,0.135,3.19,19.8,11.8,Safe
1.23,35.12,45.88,0.458,1.48,25.3,24.8,Safe
1.01,25.19,30.11,0.046,2.8,32.1,9.4,Safe
8.74,42.4,19.21,0.359,3.27,20.2,9.3,Safe
1.68,51.8,29.28,0.45,1.1,26.5,11.3,Safe
13.09,38.42,19.19,0.047,3.26,29.2,4.7,Safe
17.52,54.17,31.58,0.21,5.64,35.2,15.9,Safe
4.23,19.74,33.52,0.041,1.24,24.0,10.0,Safe
0.77,23.46,26.15,0.201,1.93,23.5,2.1,Safe
2.35,43.55,17.36,0.239,1.25,21.3,8.6,Safe
7.99,37.64,46.14,0.043,6.87,30.6,23.0,Safe
2.29,48.14,40.52,0.189,5.16,22.5,22.9,Safe
0.46,34.85,42.68,0.251,8.2,24.5,21.1,Safe
4.07,26.32,27.11,0.067,0.75,18.6,7.0,Safe
9.33,32.86,40.11,0.028,0.31,29.5,13.8,Safe
7.95,19.67,31.02,0.014,0.51,30.6,7.0,Safe
0.96,23.71,21.64,0.128,0.7,29.4,3.7,Safe
5.59,44.72,19.11,0.573,3.05,19.6,5.6,Safe
1.25,43.73,26.39,0.26,14.15,28.4,9.4,Safe
1.23,38.63,19.54,0.086,1.77,19.3,2.8,Safe
10.36,17.79,47.94,0.115,12.73,26.2,24.6,Safe
1.44,31.42,16.62,0.049,0.16,26.8,4.2,Safe
1.53,22.75,29.56,0.027,10.46,27.2,7.1,Safe
0.0,46.77,29.92,0.099,0.8,28.1,9.5,Safe
10.23,29.16,24.92,0.093,9.74,26.0,9.3,Safe
7.87,24.14,33.85,0.111,0.23,18.2,11.3,Safe
4.94,35.3,19.95,0.458,11.84,28.1,6.2,Safe
6.94,28.6,40.87,0.139,0.9,26.4,19.0,Safe
0.82,49.84,25.97,0.14,1.44,22.4,10.3,Safe
3.07,27.65,34.51,0.021,2.7,19.7,8.2,Safe
2.16,21.01,38.62,0.848,1.92,32.2,13.4,Safe
0.49,13.47,44.34,0.222,4.4,30.9,12.9,Safe
3.33,34.69,42.58,0.315,14.72,28.8,22.5,Safe
12.68,29.38,35.07,0.08,3.73,23.3,11.2,Safe
0.2,20.71,27.82,0.105,5.11,15.9,3.5,Safe
1.72,46.89,31.61,0.111,0.37,29.1,7.9,Safe
1.16,41.67,40.37,0.032,3.95,27.5,23.5,Safe
1.36,34.72,43.96,0.175,2.42,24.5,16.1,Safe
11.95,48.64,18.42,0.35,8.68,30.5,6.4,Safe
3.16,41.63,27.7,0.027,1.97,29.4,10.1,Safe
3.14,26.77,40.61,0.014,4.55,26.7,16.5,Safe
7.15,24.61,29.24,0.201,1.04,26.1,11.0,Safe
0.84,43.18,25.96,0.048,1.2,26.2,8.6,Safe
3.34,38.96,28.57,0.147,1.89,28.7,9.4,Safe
2.81,36.7,34.89,0.178,1.45,22.6,14.7,Safe
4.54,26.54,47.99,0.058,1.17,27.7,20.5,Safe
38.62,41.08,31.27,0.253,0.2,22.3,16.7,Safe
7.34,27.45,21.88,0.12,7.25,31.3,7.8,Safe
2.54,33.98,20.37,0.305,0.27,28.1,3.6,Safe
8.79,49.47,16.4,0.216,8.73,23.2,4.7,Safe
0.94,28.39,33.44,0.304,0.54,26.3,8.5,Safe
0.15,19.27,32.97,0.01,0.27,22.6,8.7,Safe
1.14,24.47,21.77,0.042,3.31,32.0,3.0,Safe
2.08,44.94,37.95,0.014,2.79,32.5,19.9,Safe
3.57,37.55,39.46,0.088,2.7,28.8,13.7,Safe
4.77,33.71,23.55,0.331,3.42,32.2,6.5,Safe
12.07,29.91,26.36,0.095,1.35,26.6,7.3,Safe
3.57,39.85,47.69,0.284,4.35,29.1,26.2,Safe
3.48,26.51,27.35,0.059,2.79,30.9,4.9,Safe
0.26,38.06,40.11,0.062,1.63,26.0,17.0,Safe
0.18,27.69,29.94,0.339,7.01,26.3,11.2,Safe
4.01,26.02,41.18,0.083,5.2,29.7,19.2,Safe
2.88,28.63,40.38,0.234,2.0,28.6,14.2,Safe
9.14,31.25,37.04,0.041,7.53,23.0,13.2,Safe
0.88,34.51,43.21,0.446,10.12,17.3,23.2,Safe
0.13,37.35,45.99,0.128,3.08,25.3,17.8,Safe
2.98,10.0,34.14,0.214,0.97,17.6,9.7,Safe
1.36,26.92,22.84,0.014,9.9,22.0,5.7,Safe
0.25,31.08,28.15,0.102,0.84,22.5,10.2,Safe
6.45,50.05,40.02,0.347,0.2,23.7,16.9,Safe
0.59,24.2,36.48,0.314,1.59,29.3,12.3,Safe
4.69,36.63,20.87,0.01,5.19,30.2,5.7,Safe
1.65,49.95,16.69,0.054,10.27,28.0,2.5,Safe
0.95,21.87,37.54,0.088,4.06,28.5,12.4,Safe
2.39,38.94,23.29,0.028,12.13,28.6,10.4,Safe
8.08,26.98,31.49,0.196,0.39,16.0,9.8,Safe
2.49,29.95,39.64,0.031,0.25,26.0,14.2,Safe
6.95,26.97,33.57,0.064,3.71,18.8,14.7,Safe
0.67,27.68,17.75,0.163,13.54,28.0,3.6,Safe
7.41,62.22,21.12,0.099,2.79,17.6,11.7,Safe
1.35,43.44,22.24,0.201,0.21,25.3,2.7,Safe
5.66,46.02,23.51,0.487,1.0,28.2,8.5,Safe
4.17,39.92,33.66,0.019,1.12,21.5,15.4,Safe
13.24,18.94,31.63,0.185,1.65,29.8,9.1,Safe
2.45,38.95,21.7,0.039,0.18,28.0,5.0,Safe
0.34,45.73,17.23,0.08,9.41,27.5,7.7,Safe
0.1,26.47,20.66,0.01,2.9,28.8,2.0,Safe
8.77,44.65,47.48,0.022,4.45,24.6,26.9,Safe
3.72,42.04,30.46,0.058,0.28,26.6,13.5,Safe
7.46,53.52,43.62,0.063,0.22,26.0,23.6,Safe
1.34,30.82,43.01,0.345,3.53,25.9,19.0,Safe
2.12,24.02,31.88,0.203,8.73,23.3,9.3,Safe
0.15,31.38,38.32,0.537,3.01,21.0,18.2,Safe
16.28,49.36,21.36,0.137,8.41,24.7,5.7,Safe
5.51,16.72,37.72,0.042,6.66,24.4,15.2,Safe
13.53,14.32,23.99,0.06,0.32,23.1,4.7,Safe
1.54,35.89,42.46,0.058,0.9,29.4,17.1,Safe
4.73,30.57,17.76,0.059,4.29,21.3,2.8,Safe
5.67,35.08,40.51,0.168,2.34,25.3,19.3,Safe
1.91,44.45,18.3,0.114,1.37,30.7,8.3,Safe
9.42,29.47,44.08,0.073,2.17,29.6,19.8,Safe
14.7,16.27,25.04,0.024,2.36,30.9,5.1,Safe
10.81,55.44,36.59,0.01,9.66,23.6,17.3,Safe
6.72,25.03,31.09,0.037,0.44,29.1,12.8,Safe
1.62,24.41,27.09,0.017,1.31,21.7,7.6,Safe
1.65,46.04,36.3,0.231,3.08,24.9,16.4,Safe
16.53,31.16,46.27,0.018,4.79,25.3,23.4,Safe
0.05,34.37,16.36,0.193,3.98,23.7,4.7,Safe
6.29,39.83,45.32,0.073,11.36,24.6,23.8,Safe
6.13,45.84,35.1,0.011,6.35,24.0,15.1,Safe
4.87,31.67,41.64,0.251,3.26,22.1,15.2,Safe
23.08,50.2,27.67,0.13,0.97,29.4,10.4,Safe
1.87,13.64,30.57,0.04,2.4,25.3,7.9,Safe
2.08,42.6,43.67,0.338,4.73,26.8,25.0,Safe
0.41,26.6,28.69,0.01,7.28,26.7,8.0,Safe
2.92,48.72,32.64,0.034,12.85,26.2,17.1,Safe
1.51,36.42,15.67,0.209,3.72,26.4,5.5,Safe
2.1,28.27,20.23,0.185,2.99,24.8,5.5,Safe
9.0,41.63,36.18,0.051,0.07,31.7,20.9,Safe
13.7,43.93,38.66,0.01,0.3,29.0,18.8,Safe
1.03,41.42,34.23,0.293,0.68,26.1,14.0,Safe
2.33,24.7,19.73,0.056,0.23,24.2,2.2,Safe
13.2,30.16,29.7,0.033,2.05,25.5,15.8,Safe
0.32,34.96,26.72,0.109,1.64,27.7,11.5,Safe
0.48,34.59,31.36,0.362,4.06,32.0,8.7,Safe
0.89,42.5,43.72,0.01,3.07,20.5,25.9,Safe
4.52,14.85,40.6,0.218,3.63,28.6,16.7,Safe
0.82,38.34,17.77,0.127,2.55,30.5,4.0,Safe
17.22,32.1,44.38,0.083,1.3,20.1,22.7,Safe
2.96,26.61,30.57,0.204,12.22,25.3,9.8,Safe
3.48,27.58,39.55,0.506,0.36,21.7,16.6,Safe
1.42,32.85,19.62,0.039,11.18,27.7,4.3,Safe
3.18,10.0,37.13,0.023,1.49,24.6,11.3,Safe
5.42,27.99,22.8,0.366,2.88,25.5,9.1,Safe
6.96,26.24,29.47,0.166,0.46,24.4,8.9,Safe
7.01,40.33,15.56,0.086,0.29,28.9,2.8,Safe
4.31,26.94,20.0,0.128,2.25,26.9,5.0,Safe
11.74,32.85,18.04,0.205,5.41,26.9,7.0,Safe
8.5,50.42,22.91,0.222,1.26,26.6,11.9,Safe
7.07,44.94,18.3,0.379,3.31,28.3,5.9,Safe
0.29,44.02,37.83,0.083,1.31,25.0,15.7,Safe
0.03,30.0,15.96,0.052,1.97,32.8,6.4,Safe
1.19,40.43,35.39,0.153,9.48,21.1,10.1,Safe
5.45,32.66,19.64,0.081,7.75,19.1,7.3,Safe
2.65,33.04,46.19,0.135,2.9,18.8,20.5,Safe
2.57,39.1,45.79,0.082,1.09,17.7,22.6,Safe
10.8,29.03,22.44,0.025,0.86,28.7,5.9,Safe
11.3,49.93,35.28,0.095,12.32,28.2,23.1,Safe
11.99,33.4,15.92,0.176,0.91,30.8,3.9,Safe
1.88,41.18,45.75,0.241,6.6,21.8,20.2,Safe
5.87,49.56,32.26,0.102,1.84,29.0,10.9,Safe
1.58,45.32,16.43,0.027,16.98,26.2,4.2,Safe
1.06,20.91,26.3,0.08,1.84,26.7,8.1,Safe
1.02,39.45,17.54,0.231,1.73,28.5,7.1,Safe
2.09,43.51,27.97,0.08,4.06,23.0,9.1,Safe
2.81,43.92,37.11,0.179,13.03,36.3,14.1,Safe
8.89,23.87,30.51,0.106,14.95,31.3,13.7,Safe
0.64,28.43,27.66,0.041,4.91,23.9,8.7,Safe
6.64,44.95,18.93,0.239,5.62,21.6,6.4,Safe
3.79,27.38,23.08,0.013,3.31,25.6,3.0,Safe
1.7,32.0,18.3,0.112,5.64,26.7,6.8,Safe
3.39,50.76,41.65,0.035,7.86,30.3,20.7,Safe
1.78,34.52,19.46,0.01,2.66,21.3,4.8,Safe
4.53,27.73,34.65,0.105,3.87,27.1,13.8,Safe
2.84,26.22,26.31,0.104,3.08,19.9,9.0,Safe
0.9,38.33,22.46,0.184,3.31,27.7,4.9,Safe
0.62,21.67,36.1,0.205,8.83,25.6,11.5,Safe
3.96,32.53,30.08,0.195,1.76,33.7,12.9,Safe
11.64,38.33,28.2,0.079,0.93,19.8,12.1,Safe
2.11,47.99,34.56,0.15,2.44,31.5,16.6,Safe
6.6,41.68,31.21,0.129,0.93,19.2,15.5,Safe
5.37,27.86,25.01,0.082,2.76,20.7,8.0,Safe
13.41,46.78,33.45,0.136,9.35,19.3,16.7,Safe
8.6,32.0,37.09,0.441,3.84,27.0,18.2,Safe
4.18,22.64,15.88,0.032,7.74,21.3,3.0,Safe
5.35,33.28,30.37,0.354,0.73,20.6,12.7,Safe
11.43,49.38,16.9,0.01,9.25,26.8,2.9,Safe
2.55,36.65,21.15,0.055,3.68,27.8,3.1,Safe
1.98,35.13,33.5,0.051,0.13,26.2,14.5,Safe
0.05,51.37,43.58,0.148,4.01,25.4,22.6,Safe
8.76,20.69,44.13,0.021,12.1,33.3,15.4,Safe
8.07,22.14,17.31,0.321,0.33,26.6,0.0,Safe
0.55,18.84,28.83,0.265,3.49,29.2,5.2,Safe
4.3,38.73,34.24,0.158,9.88,26.6,18.7,Safe
3.12,36.66,19.85,0.092,0.04,21.6,4.4,Safe
0.63,50.43,40.26,0.405,3.99,28.2,21.3,Safe
19.7,37.43,39.56,0.266,2.58,23.4,19.5,Safe
1.21,30.96,44.81,0.104,1.7,25.6,16.1,Safe
0.35,35.02,15.28,0.182,3.95,27.2,4.2,Safe
4.52,36.18,22.15,0.126,0.22,18.2,7.7,Safe
6.71,18.28,42.3,0.133,5.59,19.6,15.3,Safe
0.16,62.1,37.13,0.06,0.02,29.6,22.4,Safe
5.38,40.2,44.51,0.093,1.47,23.3,23.1,Safe
3.8,37.1,16.89,0.012,2.8,23.5,0.8,Safe
0.54,41.15,34.7,0.066,1.89,26.7,13.5,Safe
0.95,42.09,33.78,0.179,1.47,24.5,13.1,Safe
4.2,33.59,16.18,0.459,7.11,27.7,4.8,Safe
1.76,28.69,31.95,0.495,10.92,25.8,10.3,Safe
13.93,40.99,35.11,0.122,8.28,26.8,16.0,Safe
8.54,38.86,21.31,0.14,2.96,23.2,8.5,Safe
20.54,26.9,24.02,0.031,8.62,26.8,4.5,Safe
1.5,49.19,36.13,0.178,10.15,30.4,18.4,Safe
17.49,37.93,30.45,0.011,2.11,23.7,9.7,Safe
2.82,42.3,43.31,0.05,1.33,29.7,22.6,Safe
2.13,48.92,26.3,0.166,0.41,25.8,10.8,Safe
0.26,35.22,23.8,0.056,2.61,28.9,3.0,Safe
0.27,38.17,47.5,0.01,11.7,26.5,22.3,Safe
5.89,43.1,45.07,0.267,3.29,25.9,23.5,Safe
3.06,27.75,15.96,0.056,4.41,27.4,0.0,Safe
1.28,35.54,40.43,0.01,0.48,30.9,13.7,Safe
4.76,36.26,18.64,0.012,0.62,26.9,1.6,Safe
1.46,25.44,15.91,0.044,2.5,27.9,4.6,Safe
4.31,58.18,24.03,0.029,12.09,24.5,9.5,Safe
2.23,20.93,23.89,0.223,1.79,32.3,7.4,Safe
8.67,22.02,42.04,0.058,8.4,28.6,17.1,Safe
8.59,48.14,38.45,0.245,0.51,26.3,21.2,Safe
3.24,42.13,47.39,0.029,3.84,25.5,20.0,Safe
2.16,24.74,38.48,0.102,3.67,29.9,12.6,Safe
2.25,41.07,28.8,0.175,7.86,23.6,11.7,Safe
8.19,49.68,38.06,0.158,0.01,18.9,19.3,Safe
1.99,34.7,47.98,0.138,0.84,26.3,22.4,Safe
1.17,60.99,38.43,0.388,0.99,30.8,21.6,Safe
0.44,17.76,40.14,0.039,11.98,32.4,17.5,Safe
3.14,41.94,45.97,0.102,0.67,25.6,22.0,Safe
3.29,46.67,18.75,0.323,0.15,26.2,5.9,Safe
9.19,43.91,38.26,0.012,3.06,28.1,15.9,Safe
1.25,32.96,43.08,0.01,3.01,24.9,14.2,Safe
2.4,32.1,46.49,0.04,7.43,28.1,19.1,Safe
8.26,39.44,21.96,0.15,11.89,25.7,4.0,Safe
8.68,43.16,31.63,0.045,3.09,30.0,14.2,Safe
2.43,41.02,37.46,0.032,10.64,28.9,20.6,Safe
3.07,45.4,23.17,0.092,5.17,29.2,5.7,Safe
1.81,24.81,34.82,0.143,1.23,25.2,14.4,Safe
13.48,32.72,23.5,0.043,10.55,33.7,9.6,Safe
0.63,25.6,26.0,0.054,4.4,27.9,5.8,Safe
13.57,31.14,29.57,0.143,2.14,27.0,10.4,Safe
5.76,45.15,32.46,0.437,4.56,23.0,18.5,Safe
3.79,36.08,29.83,0.168,2.05,25.6,5.3,Safe
0.17,61.07,31.28,0.229,0.48,26.5,17.8,Safe
3.23,36.93,24.85,0.069,5.08,22.8,10.4,Safe
2.62,35.6,20.25,0.048,6.95,24.8,3.8,Safe
0.88,36.06,16.56,0.091,5.22,25.3,2.7,Safe
5.34,28.62,21.47,0.247,1.04,26.2,9.5,Safe
17.73,34.42,34.2,0.091,12.55,18.9,14.1,Safe
4.13,46.28,40.94,0.281,0.1,25.5,19.6,Safe
6.27,36.14,20.59,0.673,1.62,24.5,8.6,Safe
0.35,27.07,18.58,0.011,1.2,25.9,3.2,Safe
2.7,25.75,39.73,0.01,0.2,30.1,14.4,Safe
0.62,30.5,25.07,0.024,2.08,34.2,11.3,Safe
4.74,35.74,46.4,0.073,3.9,28.7,19.3,Safe
13.94,46.94,38.57,0.021,8.57,21.1,18.6,Safe
5.42,21.6,25.78,0.307,18.3,24.6,3.7,Safe
0.4,31.8,24.55,0.01,6.6,28.4,4.6,Safe
2.19,36.44,32.28,0.057,2.53,27.9,10.6,Safe
4.0,16.66,17.61,0.031,5.15,29.9,3.1,Safe
2.58,26.66,18.88,0.402,7.42,25.6,7.2,Safe
8.97,28.2,20.8,0.166,2.5,24.5,2.8,Safe
8.43,27.04,40.57,0.365,6.15,33.0,18.2,Safe
4.73,36.92,31.96,0.538,2.64,26.2,17.3,Safe
2.34,33.39,15.35,0.103,1.95,21.9,1.4,Safe
1.47,29.45,37.23,0.04,2.99,31.9,15.4,Safe
0.56,39.28,28.98,0.032,4.51,20.0,13.5,Safe
2.19,52.23,31.86,0.038,5.19,12.0,10.4,Safe
2.67,51.39,22.07,0.185,1.76,29.1,4.9,Safe
5.63,15.77,33.21,0.01,3.39,29.6,14.8,Safe
5.37,40.77,47.31,0.01,9.63,27.7,27.1,Safe
0.36,33.22,17.42,0.141,14.97,20.8,1.1,Safe
2.51,36.55,24.37,0.154,1.03,25.8,4.8,Safe
1.0,31.02,23.02,0.164,0.86,24.9,5.4,Safe
0.85,36.18,23.2,0.07,4.52,23.9,10.3,Safe
8.78,36.51,27.5,0.246,2.14,31.6,12.9,Safe
0.21,29.21,42.0,0.114,0.1,21.8,18.8,Safe
2.72,26.04,45.12,0.017,1.7,27.3,16.8,Safe
0.92,30.51,21.67,0.239,6.57,30.8,6.1,Safe
10.57,37.34,32.92,0.459,6.39,27.5,13.8,Safe
4.07,40.99,36.02,0.01,2.73,31.0,14.5,Safe
1.32,43.53,32.22,0.074,2.56,28.3,10.4,Safe
3.49,30.06,29.32,0.1,3.47,27.7,7.8,Safe
6.57,37.84,21.34,0.024,0.99,27.5,3.8,Safe
15.86,44.63,31.11,0.303,2.99,28.5,14.7,Safe
1.25,46.66,28.24,0.05,0.04,24.5,11.5,Safe
10.87,34.41,41.25,0.229,2.58,20.8,23.6,Safe
13.61,32.79,40.2,0.167,1.64,29.8,17.5,Safe
12.41,36.91,19.42,0.137,4.49,30.6,7.1,Safe
5.04,23.5,17.92,0.032,4.07,27.0,2.2,Safe
4.97,33.06,44.97,0.037,1.92,23.8,22.3,Safe
2.58,42.45,32.67,0.01,0.03,19.8,9.6,Safe
6.98,41.42,43.31,0.041,1.16,26.3,19.4,Safe
3.79,32.3,16.92,0.064,4.01,20.6,4.5,Safe
5.66,37.18,32.38,0.269,0.3,20.0,14.4,Safe
2.8,26.75,32.8,0.068,0.46,25.9,12.3,Safe
6.57,42.03,43.4,0.211,4.17,22.9,25.8,Safe
8.7,34.22,18.22,0.087,5.64,27.4,0.0,Safe
0.79,32.24,22.93,0.23,1.55,25.4,3.1,Safe
8.95,31.38,28.42,0.561,2.69,23.6,12.8,Safe
3.89,34.37,43.57,0.041,11.65,19.2,24.0,Safe
9.31,30.52,45.98,0.297,11.64,22.6,26.2,Safe
2.82,41.58,47.76,0.146,1.47,22.7,30.2,Safe
2.38,31.05,46.65,0.255,6.64,21.1,19.9,Safe
12.33,50.93,15.2,0.158,3.61,24.7,5.0,Safe
1.45,49.65,16.57,0.083,14.83,21.4,5.0,Safe
9.3,26.08,19.87,0.039,2.6,25.3,5.7,Safe
3.31,35.7,26.51,0.011,5.96,27.0,10.0,Safe
3.61,28.49,42.39,0.115,5.85,22.7,17.1,Safe
1.84,31.73,44.46,0.696,2.75,27.7,21.8,Safe
4.26,55.02,21.17,0.201,6.35,20.6,8.5,Safe
1.97,31.92,35.45,0.059,1.21,21.6,13.5,Safe
0.2,38.6,45.27,0.263,0.52,25.5,23.5,Safe
1.59,40.41,30.3,0.22,2.21,28.7,18.1,Safe
0.03,24.99,18.42,0.05,11.5,29.5,0.0,Safe
19.16,26.45,30.11,0.01,2.78,32.4,14.5,Safe
16.87,22.94,27.4,0.019,4.03,24.5,10.7,Safe
2.51,26.14,34.06,0.315,3.91,25.5,11.0,Safe
6.52,10.0,29.48,0.272,0.57,21.9,8.1,Safe
2.12,40.45,15.57,0.052,1.98,21.0,4.6,Safe
5.56,55.54,47.8,0.05,4.91,26.9,28.3,Safe
8.18,36.48,32.94,0.236,14.3,22.9,16.3,Safe
14.66,20.84,30.63,0.416,0.74,30.9,9.4,Safe
2.56,28.57,46.5,0.227,2.11,20.2,18.1,Safe
7.65,30.41,20.14,0.14,0.4,27.9,2.2,Safe
1.55,24.82,21.24,0.042,1.11,22.0,2.8,Safe
23.19,43.6,41.66,0.112,1.89,22.7,22.7,Safe
0.13,43.1,23.61,0.04,3.11,28.2,8.3,Safe
4.63,23.45,41.37,0.248,1.05,23.3,13.9,Safe
5.39,42.25,23.96,0.073,1.03,23.9,9.7,Safe
5.82,50.27,16.1,0.269,6.02,22.8,2.5,Safe
0.64,54.03,32.06,0.072,13.15,33.1,18.6,Safe
13.95,63.65,21.49,0.261,1.56,23.5,7.5,Safe
1.0,25.98,40.01,0.061,4.66,26.2,20.6,Safe
4.87,63.24,36.16,0.087,1.19,25.2,21.0,Safe
1.26,31.46,45.48,0.143,10.52,26.9,24.2,Safe
1.84,29.08,40.84,0.011,4.47,23.5,16.2,Safe
3.95,38.27,20.97,0.444,6.49,25.2,8.8,Safe
2.7,29.18,41.41,0.128,0.2,27.6,13.1,Safe
0.87,38.99,36.18,0.106,3.65,22.5,12.9,Safe
0.94,21.8,37.08,0.274,3.0,30.4,12.5,Safe
2.71,32.61,42.46,0.301,1.39,30.7,22.2,Safe
7.08,47.86,33.94,0.111,1.22,28.4,18.1,Safe
11.41,34.43,30.38,0.393,3.47,26.3,7.4,Safe
0.44,36.42,36.01,0.01,4.9,14.0,10.3,Safe
2.5,39.75,24.83,0.018,0.13,27.7,7.3,Safe
0.53,46.71,21.03,0.136,3.35,24.4,9.6,Safe
0.08,18.45,35.35,0.066,0.75,25.0,11.4,Safe
5.42,40.85,22.72,0.094,0.6,18.4,0.5,Safe
4.61,32.32,17.64,0.06,3.9,28.0,0.4,Safe
0.89,36.67,15.02,0.078,1.49,20.2,3.5,Safe
1.33,45.6,35.07,0.259,2.33,26.5,16.5,Safe
0.12,23.06,26.95,0.135,1.79,29.6,7.5,Safe
9.01,24.87,39.83,0.89,4.18,24.1,21.5,Safe
18.38,15.65,27.38,0.232,2.54,30.9,8.4,Safe
0.73,29.51,31.04,0.048,13.24,23.0,14.1,Safe
1.32,48.3,28.43,0.046,1.74,28.4,15.2,Safe
10.14,33.79,36.47,0.061,5.39,20.8,16.8,Safe
13.05,21.6,26.75,0.278,1.19,30.1,6.2,Safe
2.72,30.14,46.8,0.01,2.84,29.5,19.1,Safe
0.26,20.12,45.89,0.039,3.22,27.9,14.8,Safe
0.2,23.75,42.98,0.353,1.6,24.4,11.0,Safe
4.27,38.89,45.37,0.153,2.55,20.4,19.9,Safe
2.5,23.26,29.82,0.039,1.31,24.4,10.3,Safe
0.15,46.13,32.7,0.037,0.02,30.4,13.2,Safe
4.38,34.29,39.49,0.298,0.97,26.5,20.4,Safe
0.06,35.86,37.97,0.336,4.82,19.8,17.2,Safe
7.74,32.22,44.39,0.044,5.9,21.5,23.2,Safe
1.83,42.73,38.64,0.082,1.32,31.0,12.8,Safe
0.21,42.83,47.93,0.27,2.1,28.0,22.9,Safe
4.44,38.35,26.5,0.221,0.15,21.1,8.5,Safe
2.53,40.65,42.49,0.252,1.08,18.9,17.8,Safe
18.21,32.88,38.02,0.11,6.04,23.5,22.4,Safe
3.93,40.42,37.82,0.364,3.73,18.6,13.1,Safe
1.61,31.62,25.75,0.059,0.92,25.4,7.0,Safe
6.18,35.02,40.92,0.026,1.19,35.8,20.5,Safe
1.58,32.25,44.71,0.185,6.79,19.6,22.7,Safe
11.73,30.43,22.21,0.116,0.94,25.3,5.2,Safe
2.35,28.11,35.64,0.289,1.63,31.2,11.2,Safe
3.99,39.68,27.94,0.013,4.37,29.0,13.0,Safe
0.26,48.11,47.66,0.278,3.29,25.4,24.2,Safe
2.78,46.71,30.8,0.052,2.47,25.4,10.7,Safe
8.93,22.43,22.53,0.16,9.2,21.4,9.1,Safe
8.19,47.89,27.6,0.01,0.99,24.9,11.7,Safe
1.27,31.82,36.58,0.141,5.41,27.0,14.1,Safe
1.28,41.01,17.51,0.189,0.69,30.4,4.5,Safe
8.5,25.94,34.92,0.069,3.83,23.5,14.5,Safe
13.32,36.42,45.73,0.036,8.18,25.2,24.4,Safe
0.5,38.14,43.06,0.116,2.45,22.2,19.7,Safe
2.99,20.15,17.23,0.269,5.15,26.9,0.0,Safe
2.06,41.08,47.78,0.059,6.87,29.1,24.5,Safe
10.23,48.46,38.06,0.044,0.58,28.5,17.1,Safe
0.44,33.25,20.36,0.049,4.89,21.3,2.8,Safe
1.19,48.6,15.41,0.447,10.09,26.6,3.2,Safe
6.98,33.1,20.65,0.067,3.44,23.3,4.0,Safe
0.26,43.5,42.66,0.01,0.82,30.0,18.7,Safe
3.39,12.81,15.71,0.228,0.54,25.4,1.7,Safe
2.92,59.19,22.69,0.18,1.2,19.9,7.1,Safe
2.04,49.95,39.99,0.021,0.44,25.1,20.3,Safe
2.51,32.15,34.34,0.629,2.88,27.8,16.5,Safe
3.77,15.28,40.83,0.14,0.29,27.0,16.1,Safe
0.88,37.88,39.62,0.104,1.01,24.0,19.1,Safe
4.24,20.56,16.67,0.072,2.32,23.7,0.2,Safe
8.18,39.45,44.45,0.343,2.57,22.0,21.9,Safe
7.14,39.12,22.49,0.042,3.33,24.4,7.5,Safe
0.84,25.59,33.26,0.05,4.89,22.6,10.4,Safe
0.81,46.21,36.26,0.02,0.19,29.9,12.7,Safe
1.56,43.06,20.56,0.214,0.34,22.4,4.5,Safe
2.24,44.76,47.22,0.136,0.25,26.5,27.4,Safe
2.63,35.09,31.11,0.141,2.2,26.2,9.7,Safe
5.69,20.84,16.9,0.037,0.17,29.8,0.0,Safe
0.29,44.78,45.93,0.158,5.48,30.4,22.4,Safe
0.18,32.3,34.35,0.218,1.01,28.8,14.1,Safe
2.49,21.1,38.07,0.066,11.2,27.4,16.2,Safe
5.97,48.52,32.33,0.242,2.67,21.8,16.9,Safe
1.07,55.99,42.55,0.064,2.36,21.7,29.0,Safe
5.13,34.59,16.09,0.213,6.07,22.6,5.4,Safe
1.5,56.59,23.86,0.01,5.0,29.0,11.6,Safe
10.86,35.91,30.5,0.12,3.74,26.3,19.6,Safe
11.3,31.2,17.53,0.524,10.94,29.5,7.0,Safe
1.76,28.7,38.29,0.596,2.19,30.0,15.1,Safe
1.31,51.37,27.99,0.05,6.61,23.1,11.3,Safe
2.65,27.2,24.0,0.087,1.91,26.1,8.8,Safe
1.38,42.35,15.11,0.01,7.29,25.9,0.0,Safe
5.58,29.41,38.75,0.31,1.2,24.7,11.1,Safe
8.75,30.4,42.52,0.126,1.37,23.9,16.4,Safe
5.59,45.3,28.04,0.073,4.53,30.7,13.5,Safe
8.7,31.2,33.62,0.018,0.96,26.2,14.1,Safe
2.53,30.95,22.51,0.44,1.04,26.1,6.2,Safe
0.85,46.33,35.53,0.113,1.46,22.8,18.4,Safe
6.7,50.97,15.4,0.05,4.54,28.7,5.1,Safe
2.24,41.45,31.13,0.065,8.81,22.0,14.3,Safe
5.56,28.45,36.26,0.047,4.49,27.8,14.2,Safe
1.58,29.89,45.3,0.138,7.04,27.9,22.9,Safe
0.42,35.8,27.58,0.399,3.14,24.3,12.0,Safe
24.52,38.21,40.25,0.291,0.29,27.3,20.6,Safe
0.85,25.12,34.72,0.093,0.42,26.7,13.5,Safe
22.29,42.23,45.59,0.263,3.23,25.8,25.0,Safe
18.92,35.86,28.15,0.083,1.59,26.1,11.8,Safe
7.89,17.84,25.53,0.044,1.0,26.2,7.4,Safe
5.39,25.71,44.28,0.615,2.51,26.5,18.9,Safe
4.31,29.96,16.63,0.054,4.39,26.2,2.9,Safe
10.05,34.27,19.5,0.059,1.94,21.6,6.2,Safe
1.71,53.89,17.72,0.686,6.49,25.4,4.5,Safe
3.15,37.38,42.82,0.022,5.37,27.1,20.5,Safe
4.83,26.59,15.35,0.214,5.31,26.4,7.7,Safe
2.65,37.21,43.43,0.412,16.85,29.8,22.8,Safe
2.79,31.48,29.89,0.108,1.4,28.5,12.6,Safe
2.0,38.25,15.13,0.01,4.14,22.5,1.8,Safe
4.15,40.81,28.25,0.071,7.74,25.3,14.4,Safe
9.5,47.09,21.16,0.018,3.47,24.8,5.2,Safe
1.13,34.76,35.61,0.081,6.23,26.0,14.9,Safe
13.62,51.39,37.42,0.234,2.14,26.0,25.7,Safe
5.84,44.08,31.09,0.087,3.57,28.4,12.8,Safe
8.67,27.93,16.34,0.085,0.23,26.7,3.7,Safe
4.06,57.1,36.65,0.122,17.01,30.9,23.9,Safe
7.56,38.27,42.79,0.131,6.44,27.0,16.5,Safe
0.08,26.65,38.77,0.291,8.12,22.7,17.5,Safe
8.53,51.53,42.39,0.055,4.74,24.1,20.4,Safe
0.2,55.78,21.62,0.259,0.82,28.4,9.4,Safe
11.03,34.67,44.33,0.125,0.13,19.5,20.9,Safe
24.12,29.96,25.63,0.054,8.0,20.6,7.4,Safe
1.74,33.28,15.44,0.052,2.02,26.0,0.0,Safe
1.18,42.15,42.83,0.067,1.23,29.8,19.5,Safe
7.25,47.78,46.08,0.146,3.3,31.2,31.3,Safe
1.46,40.7,36.63,0.039,2.19,25.1,19.6,Safe
10.03,36.02,22.64,0.379,4.22,30.2,9.0,Safe
0.54,49.98,23.31,0.128,2.64,26.3,9.5,Safe
0.67,31.87,30.4,0.379,4.78,19.9,13.1,Safe
19.35,45.31,44.63,0.01,7.68,26.0,25.2,Safe
5.6,32.12,19.94,0.063,0.87,23.5,2.6,Safe
9.38,39.31,42.26,0.01,1.6,29.7,22.1,Safe
1.96,33.86,24.61,0.048,2.3,25.9,5.6,Safe
5.64,34.44,41.68,0.297,13.09,20.9,25.7,Safe
4.51,31.23,45.37,0.01,1.82,20.0,16.1,Safe
4.62,48.45,29.11,0.086,1.92,25.9,9.8,Safe
5.74,27.67,27.05,0.019,4.24,16.3,12.0,Safe
4.28,27.6,41.47,0.081,2.17,23.9,15.9,Safe
2.8,56.21,32.47,0.274,12.08,26.9,17.7,Safe
1.61,44.78,37.59,0.146,8.99,21.8,20.5,Safe
7.32,11.15,35.55,0.2,2.88,30.0,15.6,Safe
1.28,29.35,20.05,0.064,4.14,30.8,5.8,Safe
5.89,16.88,42.88,0.433,0.24,21.9,17.3,Safe
1.33,25.49,21.46,0.185,4.76,24.8,7.1,Safe
4.91,10.0,45.77,0.082,4.91,30.0,19.5,Safe
6.87,33.63,23.27,0.083,1.78,26.0,9.4,Safe
1.23,23.58,39.22,0.376,0.99,20.4,21.7,Safe
0.31,35.6,24.39,0.129,9.86,25.4,9.7,Safe
0.7,18.75,25.49,0.184,2.23,22.6,4.2,Safe
4.66,35.83,25.23,0.081,4.24,30.4,10.9,Safe
9.47,30.85,39.68,0.038,0.14,28.4,16.0,Safe
0.23,50.02,33.37,0.193,2.14,24.7,16.0,Safe
6.62,49.11,44.14,0.14,6.8,26.6,25.8,Safe
2.09,42.85,25.14,0.104,1.96,20.8,7.1,Safe
3.26,31.73,37.84,0.147,3.7,23.0,14.7,Safe
13.22,54.85,39.85,0.035,0.94,32.2,16.0,Safe
2.02,19.47,20.0,0.237,2.16,26.2,3.4,Safe
3.13,20.96,28.22,0.444,10.5,29.7,11.7,Safe
0.07,34.16,30.93,0.333,3.34,26.9,11.8,Safe
0.43,57.54,26.74,0.058,9.29,31.3,11.1,Safe
1.5,32.98,25.63,0.078,9.29,18.0,9.7,Safe
0.14,33.17,37.65,0.248,11.54,25.2,15.2,Safe
4.99,20.58,22.12,0.136,9.03,32.6,3.1,Safe
2.78,44.46,38.41,0.119,0.01,29.8,18.6,Safe
3.97,44.53,45.86,0.392,10.87,31.3,28.2,Safe
0.96,42.89,33.65,0.115,0.59,26.0,15.0,Safe
1.75,28.71,35.18,0.109,0.16,23.9,11.6,Safe
5.45,27.93,17.27,0.01,0.23,21.9,5.0,Safe
16.81,22.07,43.53,0.011,1.72,21.6,15.7,Safe
0.26,35.84,24.42,0.01,3.88,29.2,6.4,Safe
11.05,24.2,35.3,0.367,2.06,28.1,15.9,Safe
4.3,23.23,47.31,0.079,0.1,25.7,20.6,Safe
4.15,30.76,34.65,0.095,2.59,28.0,11.3,Safe
3.47,30.11,38.92,0.28,2.33,26.6,21.4,Safe
0.36,29.62,29.7,0.141,5.66,29.8,10.0,Safe
0.47,39.66,16.99,0.141,1.31,29.8,3.4,Safe
4.59,35.79,41.32,0.053,0.98,21.7,20.3,Safe
2.08,32.12,16.15,0.269,1.18,27.1,6.4,Safe
12.46,36.83,38.12,0.027,1.45,19.3,17.3,Safe
2.61,25.08,15.76,0.01,3.66,26.5,4.3,Safe
0.77,36.05,43.46,0.032,2.55,28.4,17.9,Safe
6.27,36.51,20.2,0.047,1.64,20.7,9.1,Safe
1.74,19.97,31.97,0.05,1.88,24.3,9.5,Safe
3.73,44.96,34.71,0.167,1.85,26.0,16.3,Safe
5.98,26.19,30.1,0.037,14.36,26.9,11.2,Safe
11.53,35.9,26.25,0.169,1.06,24.9,9.9,Safe
7.86,46.64,30.44,0.014,6.82,21.3,12.0,Safe
5.64,44.26,25.28,0.024,4.93,25.8,9.2,Safe
5.69,35.34,29.46,0.107,0.02,19.4,10.4,Safe
14.59,31.38,26.84,0.382,19.95,25.1,10.7,Safe
1.75,44.48,33.68,0.294,5.65,24.2,14.3,Safe
0.01,41.75,22.85,0.52,4.59,25.5,3.2,Safe
1.59,28.82,47.63,0.158,2.08,23.8,17.2,Safe
1.23,27.05,31.53,0.169,3.24,20.0,10.7,Safe
5.42,14.28,21.41,0.147,1.17,24.5,6.7,Safe
5.02,36.54,30.74,0.146,0.14,29.7,10.5,Safe
4.5,34.17,43.59,0.024,7.23,31.0,20.6,Safe
0.08,46.36,15.72,0.118,9.07,35.8,6.6,Safe
6.52,38.59,37.43,0.073,0.71,32.8,18.2,Safe
1.95,48.34,33.08,0.088,6.19,21.2,17.4,Safe
5.47,28.03,20.6,0.111,5.41,24.4,5.3,Safe
4.07,46.38,41.98,0.021,0.79,25.9,18.9,Safe
2.1,29.71,27.17,0.067,2.19,25.7,9.2,Safe
0.72,42.78,24.7,0.01,2.2,26.3,11.1,Safe
0.5,20.41,42.33,0.584,5.71,35.6,22.0,Safe
8.9,37.35,36.07,0.019,7.27,21.7,22.7,Safe
12.53,15.15,44.64,0.045,0.4,23.1,21.5,Safe
5.25,32.33,35.79,0.333,3.31,32.6,15.3,Safe
0.55,39.4,39.45,0.099,5.74,23.5,15.1,Safe
2.57,29.79,42.6,0.022,6.17,27.6,20.0,Safe
6.53,24.5,16.81,0.073,0.64,30.1,4.7,Safe
7.57,43.46,40.61,0.018,2.98,27.9,13.4,Safe
0.63,33.97,35.25,0.034,7.8,26.8,10.9,Safe
0.0,30.1,17.29,0.01,1.53,29.8,1.1,Safe
6.23,35.42,31.78,0.086,2.21,22.4,10.3,Safe
2.2,61.37,17.72,0.246,6.53,24.0,2.5,Safe
1.47,46.54,39.29,0.132,0.37,28.1,19.1,Safe
0.06,46.63,33.03,0.14,7.85,17.7,18.5,Safe
3.89,39.36,46.47,0.034,1.49,31.7,21.5,Safe
9.52,36.66,21.04,0.063,0.01,27.2,1.4,Safe
15.81,11.04,35.0,0.28,1.07,26.6,13.9,Safe
4.17,28.21,21.98,0.014,0.38,19.5,2.0,Safe
3.61,30.19,35.26,0.293,0.39,20.9,11.0,Safe
0.44,16.25,38.85,0.099,4.72,24.4,16.2,Safe
3.98,23.43,38.84,0.272,0.96,29.2,17.5,Safe
2.39,15.19,41.9,0.057,10.92,17.7,16.7,Safe
4.67,34.62,43.17,0.062,2.91,29.2,21.2,Safe
2.46,43.19,17.55,0.209,2.47,24.6,1.6,Safe
1.37,46.07,26.33,0.231,2.28,25.1,11.4,Safe
0.5,39.15,37.68,0.039,4.72,27.0,15.4,Safe
1.89,25.37,31.45,0.541,2.41,27.1,8.1,Safe
0.51,15.68,21.29,0.013,0.55,23.2,1.1,Safe
0.97,17.43,33.24,0.011,8.49,28.5,12.3,Safe
21.85,22.31,28.45,0.136,2.24,16.7,6.5,Safe
2.94,26.11,27.87,0.192,0.31,24.2,7.6,Safe
3.8,33.4,41.72,0.486,3.01,26.6,22.0,Safe
10.34,24.86,28.45,0.078,4.17,24.6,8.3,Safe
27.1,38.39,15.87,0.01,1.29,18.7,0.0,Safe
4.37,32.68,16.92,0.139,6.44,29.0,2.7,Safe
8.37,35.11,43.26,0.051,4.43,21.0,22.3,Safe
1.98,46.4,46.7,0.085,4.2,25.7,21.2,Safe
1.82,23.2,37.72,0.101,2.18,26.6,16.3,Safe
2.58,39.19,27.02,0.01,13.07,26.1,12.8,Safe
5.58,34.86,45.97,0.1,1.28,30.7,21.9,Safe
5.73,31.67,36.87,0.083,3.45,25.8,16.6,Safe
1.89,43.85,42.86,0.187,1.48,27.7,20.9,Safe
0.71,43.79,40.27,0.156,5.46,25.8,20.4,Safe
5.0,25.54,27.51,0.031,0.2,28.5,7.9,Safe
0.69,33.18,30.8,0.035,0.19,31.6,12.4,Safe
4.32,37.81,21.14,0.043,6.66,26.6,9.4,Safe
5.91,32.27,24.64,0.03,2.28,29.1,5.2,Safe
6.03,40.85,40.68,0.161,1.67,31.8,17.4,Safe
7.0,37.81,44.5,0.779,3.74,31.4,22.8,Safe
10.31,53.33,38.91,0.158,4.84,24.5,20.2,Safe
3.47,19.7,30.35,0.14,0.9,30.1,11.7,Safe
6.55,33.78,17.85,0.079,0.82,27.0,0.0,Safe
4.83,25.91,16.88,0.056,12.69,30.5,4.7,Safe
1.03,41.04,27.35,0.363,3.56,28.3,14.2,Safe
0.13,18.83,30.31,0.521,1.98,27.1,8.2,Safe
1.67,38.46,35.1,0.103,6.47,27.7,19.0,Safe
2.93,28.7,15.21,0.051,2.98,27.0,4.3,Safe
4.8,27.66,47.66,0.221,1.11,27.2,19.6,Safe
9.48,20.54,27.01,0.021,0.93,25.4,9.4,Safe
1.09,30.35,42.99,0.218,2.02,25.0,15.9,Safe
0.67,45.85,32.65,0.256,7.86,33.1,12.7,Safe
16.55,34.75,19.3,0.02,0.25,27.9,3.6,Safe
0.57,41.28,41.32,0.565,0.99,23.7,23.2,Safe
3.26,51.65,38.42,0.635,8.95,24.9,21.4,Safe
4.4,37.64,32.41,0.414,0.52,30.2,13.5,Safe
3.9,29.41,31.98,0.103,3.97,23.1,9.1,Safe
0.45,39.67,17.89,0.042,0.96,20.1,5.5,Safe
0.29,29.56,36.64,0.131,3.72,20.4,16.1,Safe
0.56,29.96,45.07,0.082,1.93,19.1,16.8,Safe
4.4,19.8,18.08,0.035,0.43,20.8,0.0,Safe
3.93,44.26,23.7,0.083,3.49,21.3,7.2,Safe
1.33,31.14,44.78,0.164,4.6,31.5,21.0,Safe
5.08,36.82,24.38,0.011,4.56,25.8,7.8,Safe
8.58,24.64,36.58,0.061,4.05,24.5,14.4,Safe
0.21,39.36,32.65,0.01,2.77,20.2,13.5,Safe
3.45,27.38,34.68,0.208,2.93,25.4,11.7,Safe
5.84,33.58,28.72,0.154,4.04,19.1,7.4,Safe
1.45,43.78,24.9,0.01,4.69,24.5,10.4,Safe
1.84,42.91,16.6,0.502,4.26,34.3,2.5,Safe
4.75,34.78,39.56,0.01,3.54,28.7,14.1,Safe
11.41,17.32,39.62,0.134,0.68,25.2,16.2,Safe
8.3,64.93,37.13,0.225,0.95,28.8,18.6,Safe
4.37,52.46,36.24,0.233,1.21,23.9,16.0,Safe
6.55,42.23,23.04,0.01,10.09,22.8,12.3,Safe
2.27,27.47,15.74,0.355,5.7,32.8,6.7,Safe
5.12,33.86,41.69,0.376,3.22,21.4,22.3,Safe
3.14,29.57,31.21,0.124,1.16,24.6,12.5,Safe
1.05,47.64,25.13,0.099,0.47,27.2,11.6,Safe
6.05,37.63,18.36,0.01,9.16,22.3,9.6,Safe
4.06,27.16,17.07,0.124,8.93,28.6,6.0,Safe
2.22,30.29,26.51,0.079,0.47,24.8,8.3,Safe
12.11,46.21,41.56,0.222,6.38,28.7,25.5,Safe
0.11,51.0,45.32,0.078,2.37,28.3,22.3,Safe
1.9,50.28,44.59,0.173,1.57,25.0,23.5,Safe
0.29,42.57,45.36,0.016,5.37,32.8,22.9,Safe
7.27,32.47,44.95,0.021,3.81,23.3,20.3,Safe
6.06,10.0,32.4,0.023,6.06,31.4,10.2,Safe
2.01,37.97,22.24,0.01,0.31,30.7,9.0,Safe
5.63,34.98,41.34,0.117,1.53,33.1,15.8,Safe
2.52,36.4,22.05,0.237,1.54,26.7,6.7,Safe
7.06,35.54,23.82,0.141,1.6,22.8,4.2,Safe
3.03,21.74,22.7,0.128,2.79,34.3,0.1,Safe
2.66,40.57,31.99,0.171,1.33,24.7,15.8,Safe
13.65,41.32,25.62,0.062,2.35,22.7,12.9,Safe
1.44,41.82,20.09,0.067,1.83,25.2,3.9,Safe
0.64,44.47,29.95,0.057,5.32,22.1,12.3,Safe
4.39,41.04,43.84,0.187,3.7,28.1,21.0,Safe
17.42,30.9,33.83,0.026,4.24,23.6,13.8,Safe
2.37,34.29,43.99,0.01,0.95,24.9,17.5,Safe
0.32,35.91,21.46,0.136,1.58,29.9,6.6,Safe
2.07,36.08,20.51,0.428,0.09,28.5,4.8,Safe
3.53,44.98,33.99,0.141,0.46,26.1,15.7,Safe
0.88,41.44,30.29,0.229,1.23,26.7,16.0,Safe
5.37,55.77,36.79,0.168,0.27,26.0,19.7,Safe
30.48,57.06,41.22,0.103,3.69,24.3,27.3,Safe
3.01,35.8,39.79,0.19,25.13,26.0,21.9,Safe
2.19,10.0,46.09,0.261,0.43,28.0,17.2,Safe
2.56,47.37,28.14,0.038,6.89,25.5,7.6,Safe
0.61,29.6,21.81,0.061,0.51,27.7,8.6,Safe
10.74,26.99,33.18,0.038,4.43,22.7,10.4,Safe
2.68,31.02,18.65,0.09,4.12,23.6,0.0,Safe
2.45,30.53,24.53,0.325,9.32,23.1,8.4,Safe
5.39,41.12,21.86,0.064,0.48,23.7,7.1,Safe
2.92,19.41,28.09,0.07,1.52,31.1,10.8,Safe
5.22,24.22,18.67,0.295,0.38,28.9,4.1,Safe
0.32,38.43,16.05,0.109,2.09,21.7,4.9,Safe
8.4,41.23,36.67,0.115,9.7,27.7,20.9,Safe
14.11,41.42,35.14,0.296,6.08,24.4,20.0,Safe
5.23,27.13,38.38,0.101,5.13,23.3,12.8,Safe
15.46,25.22,36.79,0.172,3.05,20.1,16.7,Safe
0.82,29.93,18.77,0.013,8.6,29.9,0.4,Safe
3.24,37.4,24.61,0.03,2.39,20.5,12.6,Safe
4.6,49.85,19.27,0.078,0.65,25.8,7.2,Safe
4.36,14.53,42.82,0.102,7.27,22.2,15.8,Safe
2.57,32.79,39.65,0.506,1.31,29.1,18.2,Safe
2.06,21.67,21.65,0.529,0.22,24.7,2.7,Safe
0.68,18.48,26.26,0.286,0.54,25.5,2.8,Safe
2.49,44.67,46.9,0.057,3.76,25.6,26.2,Safe
0.89,40.45,34.61,0.499,3.74,27.2,13.3,Safe
6.63,39.49,41.44,0.175,1.21,26.1,18.9,Safe
1.17,44.21,23.73,0.075,5.2,25.8,8.6,Safe
0.3,30.2,21.93,0.181,5.94,23.9,5.4,Safe
4.02,30.67,40.87,0.01,10.13,19.7,16.2,Safe
4.52,56.86,37.63,0.024,3.52,21.5,19.9,Safe
10.28,32.53,37.47,0.266,6.05,28.9,17.8,Safe
4.3,42.35,33.24,0.156,5.6,24.8,17.1,Safe
2.12,35.06,33.6,0.068,1.19,23.3,18.7,Safe
8.12,16.52,39.28,0.104,1.49,20.4,9.4,Safe
3.89,14.55,23.91,0.353,2.6,19.1,4.3,Safe
0.41,29.21,26.64,0.15,0.08,23.2,8.1,Safe
4.17,45.56,43.76,0.076,1.41,29.6,24.1,Safe
11.93,42.88,25.19,0.019,2.57,23.8,10.2,Safe
2.52,44.14,33.03,0.052,0.46,27.6,16.3,Safe
1.76,25.13,38.19,0.575,0.54,23.6,11.1,Safe
0.77,51.16,48.0,0.086,2.49,28.6,24.9,Safe
0.82,25.35,29.36,0.096,5.25,24.6,13.1,Safe
2.83,37.13,29.13,0.104,7.18,21.1,9.2,Safe
4.53,34.9,42.81,0.323,3.16,24.9,12.8,Safe
0.42,33.26,41.58,0.139,2.58,33.3,15.5,Safe
14.03,48.39,39.13,0.177,1.94,33.2,21.9,Safe
7.04,27.95,30.29,0.074,0.86,27.9,9.9,Safe
4.42,21.5,25.69,0.01,0.63,25.5,3.0,Safe
8.81,35.2,35.09,0.401,6.28,27.2,14.8,Safe
0.42,31.0,43.92,0.447,2.5,27.3,16.0,Safe
3.24,68.77,44.16,0.447,6.25,25.8,26.4,Safe
4.97,41.77,18.58,0.432,4.87,27.8,3.7,Safe
8.82,30.91,29.14,0.253,0.86,26.8,10.8,Safe
7.65,24.44,30.34,0.173,2.86,24.7,4.4,Safe
1.62,16.2,47.26,0.279,2.35,21.2,21.8,Safe
14.14,24.75,37.37,0.138,2.21,24.2,15.0,Safe
0.66,36.15,28.44,0.022,3.13,29.2,6.9,Safe
10.4,49.27,15.86,0.074,16.09,25.9,2.9,Safe
17.69,46.22,33.66,0.533,6.7,27.2,17.4,Safe
0.97,37.29,18.17,0.065,9.36,24.9,4.4,Safe
6.4,31.77,42.54,0.304,0.12,21.8,18.9,Safe
0.21,37.69,39.83,0.015,0.6,25.0,15.9,Safe
2.6,29.81,30.2,0.061,0.35,21.9,7.8,Safe
3.63,52.18,29.16,0.065,1.22,21.7,12.3,Safe
4.35,33.11,44.61,0.01,2.33,30.8,14.4,Safe
13.74,34.14,24.52,0.019,4.11,24.3,5.3,Safe
5.58,12.84,23.22,0.032,2.78,23.0,3.5,Safe
3.28,33.05,45.99,0.273,9.34,32.5,19.9,Safe
8.3,43.36,41.71,0.01,11.24,29.3,22.4,Safe
15.03,24.32,42.08,0.053,0.71,24.5,14.3,Safe
0.11,27.49,21.44,0.01,7.67,27.7,9.4,Safe
20.23,42.93,19.73,0.178,2.63,25.1,3.2,Safe
0.45,20.23,15.86,0.145,2.42,23.2,4.9,Safe
8.42,45.58,22.82,0.155,6.15,27.9,3.6,Safe
1.64,29.68,40.55,0.07,0.39,24.7,20.6,Safe
0.71,31.11,22.92,0.035,8.57,26.3,8.0,Safe
2.9,23.76,39.06,0.191,4.45,30.1,17.1,Safe
5.16,38.78,23.31,0.25,8.33,29.6,5.2,Safe
2.4,59.6,28.04,0.022,20.8,23.8,14.8,Safe
0.28,42.81,47.44,0.1,2.92,27.9,22.8,Safe
4.57,26.36,23.08,0.043,0.39,21.5,5.1,Safe
11.63,46.36,27.42,0.028,0.73,27.8,14.1,Safe
2.42,31.83,24.94,0.199,1.56,26.6,9.2,Safe
1.22,48.74,18.62,0.116,0.44,27.5,4.4,Safe
2.92,43.07,31.17,0.037,6.76,24.8,15.8,Safe
0.25,10.0,27.5,0.056,1.41,34.3,9.8,Safe
8.59,24.96,37.93,0.51,14.9,22.4,17.7,Safe
8.75,44.44,41.98,0.283,4.85,29.9,21.0,Safe
4.43,36.52,32.96,0.318,0.76,21.9,18.7,Safe
2.18,24.76,16.06,0.092,2.59,28.0,1.0,Safe
8.04,28.66,35.42,0.147,2.52,28.3,12.4,Safe
4.04,15.94,16.83,0.071,2.71,26.2,1.3,Safe
8.74,34.12,35.34,0.012,3.07,24.0,17.3,Safe
4.99,57.11,37.61,0.077,0.13,26.6,21.0,Safe
7.67,43.05,21.53,0.135,4.64,27.1,6.9,Safe
4.56,56.9,42.04,0.051,2.67,33.2,24.6,Safe
2.67,43.82,45.07,0.283,6.26,22.5,24.6,Safe
15.84,45.27,41.83,0.025,6.76,23.8,23.1,Safe
3.89,54.74,25.07,0.069,1.05,27.1,9.0,Safe
4.65,38.77,34.36,0.02,0.2,25.0,14.0,Safe
1.25,33.13,45.19,0.078,4.86,25.6,19.3,Safe
4.91,45.33,25.58,0.01,15.22,30.3,11.3,Safe
4.24,49.54,42.06,0.048,2.37,14.7,19.3,Safe
1.02,30.2,15.31,0.077,1.2,23.6,0.0,Safe
0.31,27.78,15.12,0.098,0.68,19.0,0.0,Safe
4.64,36.39,40.07,0.118,1.36,21.2,16.8,Safe
7.21,43.31,40.13,0.048,1.59,35.6,23.7,Safe
3.71,42.98,41.04,0.111,2.21,28.4,19.0,Safe
1.29,20.76,45.69,0.107,4.26,29.8,18.5,Safe
5.49,54.12,18.89,0.057,1.28,25.7,11.0,Safe
0.42,28.59,22.66,0.266,0.21,29.0,1.7,Safe
2.92,32.35,44.82,0.118,1.87,18.9,15.6,Safe
0.89,25.97,20.85,0.061,7.74,30.2,2.9,Safe
1.02,61.98,37.51,0.442,2.76,22.7,20.4,Safe
1.13,37.42,32.51,0.28,13.38,23.9,14.7,Safe
2.44,26.49,17.75,0.608,2.8,28.0,2.9,Safe
0.26,43.64,24.41,0.177,1.29,27.3,5.1,Safe
2.54,42.69,32.17,0.071,0.86,26.3,15.3,Safe
3.58,33.12,43.13,0.049,4.74,20.5,18.2,Safe
3.3,43.41,38.35,0.163,3.07,26.4,20.9,Safe
2.41,26.75,35.52,0.593,3.71,29.8,12.0,Safe
9.14,30.07,31.37,0.148,5.63,23.9,17.3,Safe
0.79,14.9,24.86,0.32,5.18,31.3,2.6,Safe
3.52,21.76,18.94,0.06,0.18,22.5,2.6,Safe
0.32,53.08,28.5,0.078,6.49,26.0,10.1,Safe
0.37,51.41,15.94,0.355,3.04,32.1,4.5,Safe
4.27,35.66,21.96,0.212,1.99,23.3,3.9,Safe
4.17,51.63,29.27,0.598,3.08,30.2,9.0,Safe
10.52,33.4,28.81,0.224,3.79,33.9,9.3,Safe
4.08,32.57,16.46,0.089,0.65,26.7,6.3,Safe
16.07,35.57,34.44,0.114,2.16,23.9,12.8,Safe
0.25,33.75,33.14,0.346,1.64,22.9,14.0,Safe
0.52,32.85,17.58,0.12,1.73,31.2,3.0,Safe
0.23,46.43,46.12,0.044,0.38,31.1,21.2,Safe
1.02,36.5,18.28,0.086,0.7,31.8,8.6,Safe
3.9,42.12,43.21,0.109,0.71,25.9,19.6,Safe
5.19,45.31,15.01,0.015,1.87,30.2,2.9,Safe
0.23,38.88,44.12,0.204,9.0,25.8,22.6,Safe
14.59,25.3,15.65,0.017,0.92,22.5,5.7,Safe
9.23,21.47,40.01,0.078,2.15,30.5,11.6,Safe
1.76,36.49,26.94,0.245,1.49,32.5,14.9,Safe
0.4,33.29,39.36,0.095,6.19,21.9,20.7,Safe
0.93,35.87,28.26,0.277,0.21,21.8,10.7,Safe
0.68,34.84,17.34,0.063,0.88,26.2,4.3,Safe
0.66,60.84,40.33,0.474,0.95,29.8,22.2,Safe
3.65,21.7,17.35,0.035,19.83,21.5,4.3,Safe
1.41,15.1,45.43,0.01,3.38,26.9,18.0,Safe
2.22,38.32,16.68,0.309,0.6,23.6,1.2,Safe
22.78,31.24,30.82,0.209,1.27,28.8,16.9,Safe
5.77,38.16,38.86,0.04,0.73,22.8,17.3,Safe
14.88,40.84,27.98,0.627,0.53,29.1,13.1,Safe
0.77,47.84,22.17,0.105,6.38,25.4,5.5,Safe
2.41,19.93,40.05,0.453,2.74,22.3,18.1,Safe
4.05,29.43,40.88,0.105,3.99,26.3,17.1,Safe
0.4,39.29,45.45,0.096,1.61,18.2,19.5,Safe
0.02,42.7,27.41,0.089,3.23,23.8,7.3,Safe
5.55,56.93,31.71,0.061,1.19,27.3,14.6,Safe
5.13,44.56,26.98,0.114,1.47,18.9,7.3,Safe
2.64,34.43,23.48,0.09,4.22,15.7,7.8,Safe
3.36,26.1,39.78,0.01,0.65,16.6,16.5,Safe
2.68,29.36,26.21,0.045,3.84,31.3,6.9,Safe
0.12,29.07,29.13,0.036,7.65,25.7,10.5,Safe
2.04,41.55,28.32,0.303,0.51,23.9,13.8,Safe
0.97,37.57,38.52,0.137,9.11,29.8,17.7,Safe
0.52,21.76,45.29,0.216,0.33,24.4,16.5,Safe
15.7,30.64,37.0,0.471,1.72,27.1,17.2,Safe
4.57,43.78,30.56,0.155,3.77,26.1,11.9,Safe
6.52,38.52,40.71,0.608,3.28,24.1,19.7,Safe
1.89,40.69,36.15,0.056,0.41,27.2,13.0,Safe
2.5,38.83,17.0,0.031,6.42,29.1,4.6,Safe
1.35,51.26,18.16,0.077,14.47,25.3,6.1,Safe
0.51,37.36,16.25,0.095,0.8,24.2,3.9,Safe
0.99,31.14,30.07,0.339,9.02,24.6,14.6,Safe
7.99,25.84,42.25,0.123,3.26,16.8,15.2,Safe
5.66,37.5,25.33,0.052,10.99,27.1,7.6,Safe
3.96,10.59,27.68,0.204,0.77,21.2,9.3,Safe
3.22,33.16,45.01,0.106,6.28,28.5,20.5,Safe
12.78,32.94,42.62,0.027,0.25,25.6,19.3,Safe
0.38,21.36,36.95,0.129,8.59,26.4,14.2,Safe
1.65,25.72,23.8,0.364,4.49,28.8,4.6,Safe
2.15,43.1,18.86,0.277,1.85,22.3,6.4,Safe
7.63,37.31,15.53,0.133,0.85,27.5,3.2,Safe
24.47,36.02,18.53,0.071,6.78,27.1,3.3,Safe
1.38,38.06,24.66,0.014,3.7,25.3,7.2,Safe
10.37,35.93,33.21,0.095,1.79,22.3,13.4,Safe
8.88,47.43,17.11,0.209,2.35,28.4,6.7,Safe
1.27,36.23,19.5,0.067,7.01,28.8,7.8,Safe
2.55,20.42,20.98,0.04,1.66,26.5,3.6,Safe
2.64,51.3,35.86,0.402,0.38,21.7,13.4,Safe
19.13,38.7,35.32,0.259,9.69,23.9,20.8,Safe
1.0,29.11,33.18,0.153,1.96,25.8,17.2,Safe
8.03,22.47,23.27,0.022,1.71,28.8,7.3,Safe
2.03,38.96,27.25,0.023,0.91,19.7,8.3,Safe
6.56,33.83,18.19,0.016,9.11,23.7,5.3,Safe
2.72,50.74,22.47,0.144,0.98,24.4,9.7,Safe
4.32,31.54,44.62,0.018,4.05,25.7,20.1,Safe
8.94,26.63,47.33,0.277,8.51,20.8,26.7,Safe
8.15,43.96,36.37,0.744,0.14,25.1,15.6,Safe
10.07,44.25,45.26,0.068,7.06,24.8,24.1,Safe
0.31,36.69,36.21,0.091,2.11,21.8,15.7,Safe
5.89,41.76,16.1,0.187,4.29,25.5,5.4,Safe
0.75,34.62,47.89,0.415,1.86,23.8,21.0,Safe
2.69,37.34,18.27,0.337,4.76,28.0,3.7,Safe
3.98,46.65,37.53,0.01,1.17,22.5,15.5,Safe
2.58,41.25,23.34,0.028,0.09,26.4,4.9,Safe
3.67,33.31,27.94,0.211,11.81,22.8,12.6,Safe
28.31,48.52,36.32,0.175,0.07,23.6,20.1,Safe
0.73,11.35,29.4,0.021,6.95,27.2,12.0,Safe
5.63,55.52,23.27,0.105,0.74,26.9,6.1,Safe
2.52,17.94,26.04,0.228,1.99,24.3,6.5,Safe
0.71,28.73,26.27,0.037,6.91,24.9,9.9,Safe
0.86,34.59,46.66,0.308,0.92,20.2,21.9,Safe
14.91,33.54,41.35,0.01,8.03,31.6,18.1,Safe
10.58,45.06,30.13,0.229,2.75,28.7,16.4,Safe
11.88,24.42,21.59,0.143,1.82,28.6,5.6,Safe
23.86,37.61,41.76,0.057,4.34,19.6,27.3,Safe
1.17,29.22,20.19,0.191,1.67,23.6,4.0,Safe
2.2,37.95,21.95,0.229,1.71,24.7,9.3,Safe
5.53,34.35,27.08,0.407,5.29,18.3,9.7,Safe
3.31,35.93,44.05,0.069,1.48,29.6,19.0,Safe
2.71,29.5,19.35,0.174,0.9,31.8,5.1,Safe
2.21,29.9,19.03,0.138,6.59,34.2,0.0,Safe
4.5,37.87,31.3,0.112,6.55,21.8,8.0,Safe
4.29,44.44,24.12,0.332,2.75,26.5,7.4,Safe
0.88,29.02,33.77,0.01,2.99,31.3,8.6,Safe
3.19,26.31,29.9,0.05,4.76,25.0,4.2,Safe
4.03,41.13,29.35,0.116,2.85,23.7,13.3,Safe
4.22,34.67,18.7,0.029,2.16,18.5,1.8,Safe
1.18,43.3,19.65,0.358,21.11,30.5,7.4,Safe
6.78,25.94,42.1,0.156,0.64,25.9,17.2,Safe
0.13,17.21,44.23,0.097,3.59,23.1,17.7,Safe
2.19,29.67,22.74,0.253,8.68,27.1,7.8,Safe
7.58,27.34,18.74,0.09,4.65,26.6,4.4,Safe
4.15,34.21,16.76,0.123,8.51,26.7,4.8,Safe
1.51,28.63,35.07,0.01,1.64,25.1,11.1,Safe
5.94,42.41,38.61,0.068,1.27,32.5,15.8,Safe
4.19,32.12,27.3,0.022,7.62,25.5,3.8,Safe
7.95,36.5,37.43,0.176,2.0,32.5,18.2,Safe
6.64,36.58,38.53,0.098,4.95,28.3,15.9,Safe
4.71,36.95,45.87,0.054,0.64,27.4,25.9,Safe
3.35,34.76,17.14,0.095,5.64,25.5,5.3,Safe
0.71,40.11,21.35,0.035,3.18,29.9,8.1,Safe
1.51,27.04,17.26,0.389,1.25,26.5,4.8,Safe
2.72,48.99,43.64,0.01,2.73,22.3,23.5,Safe
4.57,32.63,41.16,0.301,4.78,22.1,20.0,Safe
3.6,21.88,33.96,0.107,0.05,27.7,12.2,Safe
1.7,36.88,17.76,0.145,4.06,22.4,4.3,Safe
0.03,26.49,24.02,0.054,3.12,25.8,4.4,Safe
3.43,41.65,24.82,0.51,1.0,30.2,6.5,Safe
1.68,57.1,33.5,0.05,5.59,27.2,17.8,Safe
6.63,27.13,23.52,0.133,1.45,23.1,9.5,Safe
0.12,38.32,17.41,0.753,1.3,31.6,4.8,Safe
4.4,17.44,39.12,0.319,2.55,28.2,15.0,Safe
14.19,39.54,24.87,0.115,4.51,30.1,6.2,Safe
0.96,26.14,29.93,0.697,10.57,16.9,11.5,Safe
3.19,28.75,19.21,0.181,0.61,27.3,0.7,Safe
0.48,23.99,41.48,0.035,2.02,29.4,12.2,Safe
4.91,42.32,33.66,0.078,0.28,32.8,14.2,Safe
4.0,45.07,44.75,0.061,5.68,20.1,23.3,Safe
2.62,35.23,31.35,0.063,2.37,30.8,13.5,Safe
3.68,26.36,46.07,0.214,4.91,32.6,22.2,Safe
11.34,50.9,44.43,0.132,1.56,17.9,22.5,Safe
1.09,27.5,34.02,0.01,7.44,27.9,7.9,Safe
0.11,13.38,45.82,0.315,3.06,28.5,15.3,Safe
9.89,39.58,25.66,0.053,11.5,24.7,8.8,Safe
4.3,23.95,27.07,0.875,0.33,24.0,10.9,Safe
11.07,44.89,16.5,0.462,2.89,28.7,6.7,Safe
4.54,31.19,34.44,0.423,5.82,23.5,14.7,Safe
8.31,41.04,38.82,0.25,3.67,25.1,20.9,Safe
2.81,49.02,40.53,0.037,0.09,29.2,25.7,Safe
6.93,22.91,19.94,0.114,14.35,33.0,5.1,Safe
12.21,29.34,29.66,0.038,1.42,28.2,9.9,Safe
4.24,34.24,20.84,0.045,1.15,26.5,2.8,Safe
1.0,50.38,36.85,0.142,2.66,23.9,18.5,Safe
1.57,28.42,20.21,0.01,3.12,22.0,6.8,Safe
1.11,29.05,44.84,0.523,5.81,30.4,19.6,Safe
1.42,39.78,22.61,0.376,2.0,25.4,6.4,Safe
1.83,29.23,24.62,0.072,2.32,30.6,5.4,Safe
4.05,36.53,43.08,0.109,3.06,24.7,16.9,Safe
4.43,19.48,30.13,0.094,2.01,23.4,9.2,Safe
2.78,57.14,15.79,0.321,9.84,27.7,6.0,Safe
4.78,21.52,31.32,0.175,7.62,25.7,11.0,Safe
0.43,31.78,17.79,0.049,2.43,21.2,7.5,Safe
0.46,34.68,47.52,0.089,0.0,33.3,21.5,Safe
0.94,54.13,34.41,0.084,9.25,23.5,15.0,Safe
3.65,21.75,23.47,0.48,0.53,29.7,7.8,Safe
1.2,54.84,33.6,0.029,1.12,29.4,14.6,Safe
1.67,42.57,17.54,0.014,0.66,21.0,2.6,Safe
2.56,39.17,41.4,0.319,0.79,22.0,18.5,Safe
8.35,25.15,45.54,0.34,6.5,24.8,20.6,Safe
0.07,40.71,43.86,0.308,3.47,22.5,21.9,Safe
5.24,27.77,26.28,0.107,12.5,32.9,14.8,Safe
5.53,47.67,25.75,0.162,1.05,25.2,8.9,Safe
8.01,25.29,16.16,0.124,2.66,29.6,2.4,Safe
13.5,33.87,36.5,0.011,15.16,28.1,19.4,Safe
0.1,29.45,32.65,0.136,7.01,27.1,11.0,Safe
0.83,25.12,30.16,0.01,5.22,26.2,8.6,Safe
10.87,42.41,44.95,0.059,0.84,30.9,25.2,Safe
3.07,40.35,20.54,0.404,5.87,22.7,5.6,Safe
4.16,47.09,15.32,0.054,1.71,32.9,0.6,Safe
5.44,17.2,17.42,0.422,3.02,20.9,7.6,Safe
5.68,45.64,22.37,0.043,3.76,29.1,4.4,Safe
13.42,60.05,16.1,0.057,3.76,20.4,7.3,Safe
28.96,30.48,31.59,0.148,5.19,24.7,14.3,Safe
6.37,53.95,25.36,0.215,4.34,26.4,8.0,Safe
1.69,32.37,20.96,0.104,0.28,24.1,3.7,Safe
10.59,21.28,39.75,0.321,2.45,25.3,15.6,Safe
0.25,31.94,21.75,0.01,4.36,20.5,1.2,Safe
1.31,45.48,37.69,0.383,1.4,22.1,18.9,Safe
11.38,26.62,26.53,0.033,1.5,28.0,8.9,Safe
1.48,29.0,31.89,0.323,0.53,26.1,10.3,Safe
1.25,40.94,45.82,0.077,2.17,23.2,22.9,Safe
0.74,35.03,16.23,0.268,17.32,31.3,5.1,Safe
9.8,40.85,31.51,0.167,1.34,21.1,16.6,Safe
3.47,37.38,43.2,0.029,3.03,24.6,17.0,Safe
5.62,39.8,34.4,0.375,5.44,24.0,15.4,Safe
1.37,30.68,24.14,0.042,0.05,28.5,8.6,Safe
7.09,37.32,28.12,0.042,9.23,26.2,12.7,Safe
7.14,25.73,37.45,0.252,1.95,25.6,9.0,Safe
1.87,47.88,44.4,0.017,8.13,18.6,19.8,Safe
2.64,28.66,16.36,0.038,0.16,29.5,1.7,Safe
1.18,46.29,17.36,0.105,0.63,25.1,7.9,Safe
18.77,32.66,25.73,0.266,1.56,26.5,8.6,Safe
5.19,37.02,22.68,0.024,1.7,23.0,8.0,Safe
13.63,30.05,23.74,0.119,7.53,22.4,8.4,Safe
1.81,24.84,22.3,0.186,0.05,32.0,6.3,Safe
7.61,17.55,21.46,0.296,4.1,18.9,8.0,Safe
7.26,24.45,19.31,0.411,0.56,21.8,6.7,Safe
5.88,31.76,45.82,0.23,6.93,31.9,24.7,Safe
16.85,37.12,19.76,0.159,6.03,28.6,4.9,Safe
2.5,45.1,21.75,0.085,2.77,24.7,6.3,Safe
0.7,30.54,23.13,0.018,0.96,31.0,6.8,Safe
5.57,26.18,45.79,0.186,4.03,27.8,21.2,Safe
6.53,20.57,39.94,0.739,0.68,26.9,17.6,Safe
4.28,39.8,41.06,0.2,0.84,26.9,14.4,Safe
1.16,48.83,18.46,0.01,3.94,27.9,7.8,Safe
3.51,47.66,42.6,0.103,18.94,28.0,21.9,Safe
1.87,42.1,28.47,0.143,8.87,34.8,10.0,Safe
2.79,41.39,23.67,0.176,3.6,25.2,8.5,Safe
5.18,51.98,34.0,0.191,3.09,25.3,16.6,Safe
6.84,38.32,42.13,0.123,25.71,21.1,29.9,Safe
1.32,41.46,40.7,0.038,3.17,25.8,15.6,Safe
2.6,31.79,44.37,0.428,2.18,33.5,19.1,Safe
1.57,21.38,45.63,0.179,9.61,29.9,14.9,Safe
1.11,28.16,22.86,0.041,1.07,23.8,5.6,Safe
7.65,34.91,28.99,0.058,0.41,26.1,9.7,Safe
12.0,35.61,15.48,0.383,4.02,20.8,0.7,Safe
2.31,54.26,44.02,0.328,0.4,22.1,27.1,Safe
6.96,35.81,20.1,0.078,1.87,26.6,7.7,Safe
11.36,46.79,43.43,0.01,2.2,24.0,23.1,Safe
9.36,30.65,25.87,0.01,3.17,21.8,11.1,Safe
1.01,31.88,27.15,0.05,19.15,28.0,10.9,Safe
15.65,21.71,16.29,0.149,1.0,25.7,4.1,Safe
2.36,27.58,25.79,0.132,1.88,19.7,9.5,Safe
2.07,40.27,44.32,0.151,0.57,17.7,17.8,Safe
0.32,35.08,15.84,0.189,3.74,23.7,3.7,Safe
3.33,44.43,28.41,0.01,5.2,19.6,11.7,Safe
0.58,36.81,16.04,0.017,2.63,18.5,0.0,Safe
1.43,31.48,27.24,0.067,1.13,30.5,5.0,Safe
1.91,56.48,20.7,0.025,3.88,25.6,8.3,Safe
8.27,34.06,23.32,0.012,3.1,24.9,6.2,Safe
10.42,46.63,43.96,0.154,0.75,25.2,19.4,Safe
1.8,30.99,29.39,0.253,2.08,21.4,11.6,Safe
9.78,42.1,24.04,0.21,2.29,27.6,11.1,Safe
9.73,44.28,34.45,0.255,16.21,25.5,16.5,Safe
7.23,37.08,19.69,0.164,7.57,23.0,5.9,Safe
0.79,11.46,23.56,0.199,5.3,23.6,9.6,Safe
5.86,35.18,33.03,0.048,8.78,21.1,12.0,Safe
14.5,47.3,22.84,0.744,5.32,24.4,15.4,Safe
5.74,40.27,37.41,0.03,9.35,25.0,17.4,Safe
2.01,39.46,31.22,0.036,0.22,24.3,11.3,Safe
3.47,17.78,40.48,0.051,2.44,26.2,10.9,Safe
5.19,27.8,46.29,0.555,5.5,25.7,18.8,Safe
3.57,39.11,18.82,0.667,3.5,26.9,4.6,Safe
0.64,39.1,26.04,0.238,0.77,29.8,11.0,Safe
1.87,47.15,25.55,0.149,1.67,28.4,15.2,Safe
8.11,33.55,19.99,0.11,1.53,29.8,11.4,Safe
9.88,39.06,41.74,0.529,1.21,22.6,20.8,Safe
0.74,35.16,40.08,0.178,1.68,24.0,16.0,Safe
15.22,25.13,30.99,0.434,2.89,28.6,10.0,Safe
1.99,12.44,32.75,0.057,7.72,28.7,13.9,Safe
5.43,39.31,16.96,0.061,5.42,23.3,1.9,Safe
6.97,36.74,33.33,0.289,7.21,28.4,14.6,Safe
8.36,28.82,41.11,0.024,8.6,22.2,20.1,Safe
14.57,18.81,33.94,0.438,2.15,27.9,14.4,Safe
1.88,41.3,23.76,0.106,1.7,25.9,5.9,Safe
9.78,32.34,37.03,0.391,0.24,20.5,15.8,Safe
0.71,40.57,26.93,0.062,10.67,24.3,9.2,Safe
6.1,53.64,32.98,0.189,0.27,34.7,13.6,Safe
6.77,13.59,31.09,0.099,5.41,26.8,7.8,Safe
5.66,28.0,27.58,0.148,1.9,35.2,5.1,Safe
1.45,32.91,38.72,0.105,11.89,20.2,19.0,Safe
10.32,49.55,44.17,0.512,2.18,29.0,24.8,Safe
0.92,18.64,15.17,0.177,6.78,15.9,0.0,Safe
0.28,54.36,45.81,0.043,1.33,26.0,21.2,Safe
6.32,36.36,31.88,0.361,1.42,28.5,10.0,Safe
3.23,34.04,38.12,0.052,3.62,29.4,14.4,Safe
9.46,33.02,43.24,0.07,24.82,22.8,29.1,Safe
2.42,30.64,30.41,0.016,2.92,30.2,8.5,Safe
0.92,45.48,42.55,0.345,11.01,23.9,25.2,Safe
9.05,24.31,20.86,0.051,6.17,25.3,8.9,Safe
3.98,38.45,20.25,0.045,6.36,24.3,6.0,Safe
1.05,31.16,36.7,0.379,2.29,21.5,12.9,Safe
6.37,27.38,43.71,0.246,1.95,32.3,18.5,Safe
3.58,60.86,44.45,0.023,0.85,26.2,24.9,Safe
4.64,39.19,36.24,0.22,13.29,30.3,22.9,Safe
3.09,41.13,32.34,0.366,12.82,30.2,11.8,Safe
8.82,46.38,25.94,0.012,5.5,22.1,13.2,Safe
8.85,20.79,47.34,0.262,1.41,30.9,15.3,Safe
6.18,52.52,25.55,0.119,1.13,28.0,12.3,Safe
0.56,10.0,39.56,0.166,17.9,21.8,16.8,Safe
9.13,27.31,32.56,0.102,0.28,27.8,16.1,Safe
5.56,30.41,35.08,0.18,7.42,21.9,16.6,Safe
5.97,40.82,27.98,0.01,1.76,32.4,11.6,Safe
2.25,37.19,46.84,0.216,2.17,29.3,19.8,Safe
10.57,33.33,33.87,0.01,7.13,25.7,19.2,Safe
6.46,34.88,45.95,0.091,0.38,31.1,27.9,Safe
0.6,25.22,15.25,0.025,1.75,19.7,5.8,Safe
2.62,20.03,33.9,0.26,12.15,23.0,10.9,Safe
10.87,42.27,38.67,0.056,4.8,25.0,18.7,Safe
0.24,41.94,39.59,0.091,5.62,34.9,15.6,Safe
16.27,50.84,44.86,0.084,5.67,21.7,25.5,Safe
5.68,27.1,15.15,0.222,0.25,19.2,2.3,Safe
4.99,41.93,15.01,0.098,0.91,20.2,4.2,Safe
1.58,32.16,30.58,0.233,2.7,29.6,12.4,Safe
1.43,46.9,15.97,0.011,1.84,23.6,0.0,Safe
14.24,45.22,47.16,0.032,2.12,25.4,25.8,Safe
1.77,37.11,22.33,0.12,6.08,29.1,8.1,Safe
7.47,31.6,30.6,0.441,0.06,25.4,14.1,Safe
2.5,44.61,17.02,0.012,4.32,26.8,4.8,Safe
0.75,41.47,32.23,0.01,0.0,28.1,13.4,Safe
0.05,28.16,27.54,0.026,0.26,24.3,7.0,Safe
3.93,21.72,16.47,0.154,2.1,25.3,2.5,Safe
18.6,32.11,26.06,0.076,7.35,27.0,16.7,Safe
2.3,50.15,27.92,0.262,0.63,29.5,14.6,Safe
2.21,46.46,47.67,0.011,3.24,22.8,25.5,Safe
2.11,23.88,21.86,0.033,4.54,13.9,4.6,Safe
3.68,23.32,32.98,0.054,1.04,28.7,10.7,Safe
2.91,47.75,47.58,0.148,2.87,29.7,25.5,Safe
10.6,23.64,41.14,0.173,9.69,26.8,21.4,Safe
3.52,40.09,47.78,0.02,2.87,27.1,21.8,Safe
3.54,28.84,46.95,0.432,0.68,23.7,20.3,Safe
0.74,51.17,31.15,0.063,3.95,28.0,10.3,Safe
20.3,27.3,37.98,0.187,3.59,29.4,19.4,Safe
1.44,46.43,18.64,0.111,0.11,26.2,7.3,Safe
0.38,36.85,29.56,0.038,0.38,36.0,11.5,Safe
5.44,37.52,41.7,0.281,0.68,19.7,18.6,Safe
4.52,15.3,31.68,0.256,0.59,26.7,9.8,Safe
2.68,12.97,38.19,0.076,1.2,21.3,13.2,Safe
2.74,32.79,39.61,0.133,2.42,29.5,19.2,Safe
7.69,37.47,23.36,0.045,1.86,19.7,9.7,Safe
1.09,23.75,43.9,0.176,8.85,20.7,15.4,Safe
8.58,24.11,30.17,0.055,3.79,23.5,8.0,Safe
5.23,40.61,21.94,0.279,8.35,27.1,9.1,Safe
2.71,40.63,43.56,0.037,2.99,23.6,17.2,Safe
3.06,33.62,28.79,0.01,0.38,23.7,11.6,Safe
1.48,42.8,39.76,0.047,2.49,25.3,17.4,Safe
6.97,23.26,33.09,0.032,6.9,25.0,13.9,Safe
3.6,31.44,27.6,0.106,0.86,31.9,8.8,Safe
1.93,51.48,41.73,0.034,0.38,28.7,20.4,Safe
4.53,35.68,34.29,0.216,1.6,24.7,11.2,Safe
27.29,36.26,27.89,0.041,1.97,34.4,10.5,Safe
2.86,58.06,18.62,0.184,1.46,28.0,5.8,Safe
12.67,21.01,44.55,0.13,0.58,22.1,17.8,Safe
2.12,42.96,16.17,0.643,1.16,27.0,6.4,Safe
0.28,51.64,43.49,1.383,4.59,28.1,25.4,Safe
1.14,31.75,26.88,0.305,1.95,23.2,8.7,Safe
2.71,43.6,36.1,0.214,4.0,21.8,20.5,Safe
1.24,25.18,45.43,0.073,3.07,26.3,20.2,Safe
0.0,28.13,20.01,0.21,3.19,24.6,4.6,Safe
12.33,38.85,33.71,0.471,1.14,31.9,12.1,Safe
9.29,42.99,40.23,0.01,2.95,29.0,16.2,Safe
6.78,46.21,40.0,0.116,0.1,23.4,20.9,Safe
0.92,50.7,32.35,0.037,2.26,27.7,16.0,Safe
0.64,34.33,35.62,0.122,3.4,31.1,9.3,Safe
0.35,46.94,40.0,0.094,0.8,20.4,20.3,Safe
6.44,31.58,42.75,0.129,1.19,21.9,17.0,Safe
13.21,44.02,40.14,0.12,0.99,26.0,19.2,Safe
2.82,37.07,26.68,0.483,0.29,26.1,12.0,Safe
0.63,39.46,47.89,0.121,1.71,25.8,24.5,Safe
3.59,39.24,29.34,0.281,15.45,24.8,13.7,Safe
2.14,18.95,15.81,0.058,1.75,24.7,2.6,Safe
2.35,23.76,26.97,0.086,2.47,27.5,6.6,Safe
4.86,36.03,19.22,0.095,4.23,30.5,2.7,Safe
6.34,18.13,19.01,0.049,4.18,24.1,6.3,Safe
0.59,43.31,24.29,0.072,11.97,35.8,12.7,Safe
0.18,43.72,16.76,0.137,7.8,33.8,2.5,Safe
25.86,38.27,37.72,0.13,6.32,31.3,19.2,Safe
1.32,23.79,17.44,0.152,12.12,28.5,5.7,Safe
0.28,48.8,21.71,0.065,1.05,34.0,4.9,Safe
1.05,55.37,18.07,0.057,3.84,24.8,7.2,Safe
0.2,36.47,17.08,0.142,8.73,22.7,1.2,Safe
2.49,40.11,23.84,0.021,3.91,23.9,6.8,Safe
8.11,37.02,33.87,0.044,15.16,22.0,19.2,Safe
2.09,40.3,46.83,0.01,0.42,26.5,19.2,Safe
2.94,33.8,43.89,0.011,2.31,27.2,17.6,Safe
5.63,34.65,43.91,0.042,15.15,26.8,24.5,Safe
3.56,44.06,20.81,0.01,1.91,26.0,1.3,Safe
9.88,58.46,23.74,0.042,5.38,26.5,10.5,Safe
10.05,21.0,17.52,0.16,0.12,32.9,5.4,Safe
0.05,33.96,40.69,0.01,4.75,28.5,19.4,Safe
7.53,23.2,17.3,0.086,10.91,29.7,3.3,Safe
3.09,50.92,33.37,0.366,1.93,26.8,16.1,Safe
22.48,29.12,23.18,0.235,0.09,19.5,11.4,Safe
3.3,20.57,23.03,0.055,0.11,18.7,8.1,Safe
21.67,41.38,47.69,0.388,8.9,34.3,30.0,Safe
7.02,52.44,39.97,0.06,5.13,23.9,20.1,Safe
1.43,41.64,42.62,0.011,0.45,23.5,21.2,Safe
3.87,37.05,33.88,0.769,0.22,27.0,18.0,Safe
24.23,39.09,43.74,0.306,6.54,28.2,29.3,Safe
9.74,49.15,36.3,0.094,6.64,28.7,20.5,Safe
0.51,26.26,46.22,0.165,0.51,33.1,17.3,Safe
6.13,33.88,24.28,0.167,1.44,32.0,3.3,Safe
2.12,30.47,34.65,0.032,6.06,22.8,18.3,Safe
0.04,23.32,37.77,0.033,2.98,29.9,17.1,Safe
2.58,31.72,27.97,0.095,12.55,24.5,8.9,Safe
1.34,46.08,44.03,0.364,2.62,25.4,23.1,Safe
8.54,40.67,47.33,0.01,4.52,21.6,24.1,Safe
2.06,41.44,31.29,0.229,2.85,19.2,13.1,Safe
8.79,36.46,27.89,0.01,11.46,25.9,10.5,Safe
0.0,40.23,30.57,0.098,2.03,22.2,13.2,Safe
1.84,26.99,43.14,0.152,1.04,29.7,14.1,Safe
1.38,31.9,36.3,0.174,1.58,24.9,13.0,Safe
1.33,36.92,16.48,0.01,7.66,27.2,5.2,Safe
0.35,37.78,32.89,0.081,2.76,31.5,7.8,Safe
1.04,38.2,15.57,0.132,1.75,20.1,3.1,Safe
4.05,33.62,40.69,0.01,3.14,23.1,16.0,Safe
1.72,31.23,25.83,0.022,0.57,26.7,11.2,Safe
2.7,66.58,30.58,0.163,0.02,27.3,16.1,Safe
2.36,44.07,41.36,0.111,1.32,30.4,17.4,Safe
10.43,39.13,16.53,0.026,3.72,29.5,7.1,Safe
11.79,32.67,20.23,0.115,4.97,26.4,5.7,Safe
3.4,30.49,28.13,0.366,7.01,27.2,11.0,Safe
2.0,33.69,22.59,0.01,10.45,27.3,9.1,Safe
0.56,37.93,26.15,0.154,2.12,20.1,7.1,Safe
15.33,16.2,47.94,0.011,5.4,25.4,25.3,Safe
0.31,19.31,42.24,0.01,0.31,27.0,15.6,Safe
1.77,28.63,44.17,0.024,0.24,27.8,15.7,Safe
1.77,37.07,45.92,0.082,0.53,22.3,19.4,Safe
1.93,32.61,26.25,0.243,2.38,20.9,5.4,Safe
0.9,49.78,24.8,0.05,0.95,25.1,9.5,Safe
7.64,20.18,22.72,0.147,1.35,33.9,4.8,Safe
0.65,27.49,42.39,0.079,4.18,22.7,17.9,Safe
5.04,50.2,37.43,0.04,1.78,30.7,13.8,Safe
0.66,36.31,22.79,0.108,3.26,32.3,5.2,Safe
0.37,43.85,27.44,0.24,2.13,26.2,8.0,Safe
12.01,55.51,31.72,0.268,0.74,23.3,17.3,Safe
1.05,28.06,32.43,0.281,0.31,28.1,9.6,Safe
8.61,34.01,44.33,0.062,1.08,26.8,21.3,Safe
3.93,32.28,27.56,0.237,0.24,22.6,7.7,Safe
0.41,15.45,44.98,0.036,3.86,23.4,20.8,Safe
15.56,31.9,29.57,0.201,6.35,27.8,12.6,Safe
1.42,43.81,39.63,0.445,1.66,29.7,21.4,Safe
9.82,40.41,45.7,0.01,1.96,24.7,22.5,Safe
0.92,41.19,44.95,0.087,6.78,25.7,24.9,Safe
9.62,31.24,16.88,0.157,1.01,28.7,1.1,Safe
0.07,28.44,21.79,0.181,0.51,25.3,4.8,Safe
3.58,47.69,30.74,0.029,2.78,24.8,11.8,Safe
7.34,30.03,29.24,0.537,4.16,23.0,16.4,Safe
13.65,37.94,36.15,0.143,3.66,22.9,14.1,Safe
12.0,36.63,46.18,0.027,5.01,36.7,28.9,Safe
8.56,49.62,18.71,0.01,0.23,25.2,1.7,Safe
10.95,44.71,29.91,0.229,2.24,31.5,15.1,Safe
1.11,22.05,21.35,0.012,1.09,32.7,2.2,Safe
1.67,23.12,44.51,0.023,5.69,25.3,18.6,Safe
1.71,40.79,46.83,0.128,8.25,27.5,24.1,Safe
2.37,34.36,30.8,0.139,1.32,26.4,9.0,Safe
2.5,30.45,18.43,0.174,0.4,19.6,3.6,Safe
3.93,45.16,40.91,0.075,1.17,19.8,18.4,Safe
0.87,36.87,38.01,0.223,0.44,26.2,17.2,Safe
5.88,35.52,26.7,0.55,1.56,24.3,7.8,Safe
0.92,42.8,44.28,0.047,3.09,33.6,22.4,Safe
1.86,31.25,47.2,0.182,14.55,25.1,27.0,Safe
3.5,50.69,33.41,0.396,2.04,33.8,16.0,Safe
7.96,27.12,33.67,0.174,0.99,24.1,9.1,Safe
6.73,41.57,24.82,0.171,0.73,33.6,13.0,Safe
5.19,49.34,34.29,0.038,0.76,28.0,16.7,Safe
0.85,21.23,29.51,0.115,0.86,28.3,6.4,Safe
3.96,31.57,24.97,0.124,5.75,24.0,9.2,Safe
0.46,46.42,17.22,0.181,0.25,28.3,0.0,Safe
2.37,46.57,23.34,0.863,23.81,32.8,16.5,Safe
2.67,33.29,21.53,0.01,2.96,25.4,10.6,Safe
0.2,27.65,32.89,0.01,3.14,24.6,13.1,Safe
1.6,44.56,34.86,0.012,1.77,25.0,12.3,Safe
15.58,46.84,35.08,0.204,4.69,32.5,13.4,Safe
15.36,23.35,27.81,0.022,2.55,29.4,12.4,Safe
2.17,22.96,28.9,0.146,1.6,31.8,8.1,Safe
0.22,37.25,42.53,0.059,1.23,27.3,17.3,Safe
0.99,41.29,30.72,0.092,10.4,26.2,16.3,Safe
2.49,32.01,47.6,0.036,1.38,27.7,19.2,Safe
14.76,41.79,29.51,0.302,2.29,30.3,15.2,Safe
0.76,27.9,36.44,0.132,1.73,25.0,13.3,Safe
7.21,13.85,16.66,0.434,0.36,31.5,3.2,Safe
0.58,30.76,36.56,0.128,0.82,27.5,17.6,Safe
19.88,35.63,43.1,0.02,0.84,16.4,20.1,Safe
2.4,32.24,46.1,0.028,4.73,29.5,19.3,Safe
7.46,23.41,47.91,0.677,2.09,20.9,21.3,Safe
2.1,16.84,24.31,0.194,6.09,29.4,3.4,Safe
4.94,29.86,33.99,0.01,4.94,29.6,15.4,Safe
1.07,43.98,29.87,0.182,0.85,27.3,13.7,Safe
0.79,47.56,33.61,0.08,3.31,28.2,14.8,Safe
13.91,46.88,20.2,0.055,5.43,30.4,4.7,Safe
12.48,26.84,43.25,0.025,4.01,24.0,12.4,Safe
10.92,23.46,45.02,0.275,3.67,29.2,18.0,Safe
4.91,39.97,29.84,0.01,5.38,30.7,11.3,Safe
8.26,41.35,24.25,0.051,0.23,33.0,3.2,Safe
0.36,39.0,19.65,0.055,5.26,21.6,11.1,Safe
2.04,14.86,37.56,0.026,1.27,27.6,13.3,Safe
1.88,26.33,25.3,0.106,3.39,22.2,8.4,Safe
5.05,34.7,45.01,0.01,1.11,22.0,19.6,Safe
2.2,39.87,37.14,0.054,7.3,27.4,18.9,Safe
0.8,42.67,36.31,0.407,2.62,26.3,16.0,Safe
4.54,36.44,33.46,0.056,4.12,30.6,13.2,Safe
8.42,38.31,16.51,0.067,6.32,24.6,7.2,Safe
2.41,35.85,45.75,0.096,9.03,25.5,25.7,Safe
0.71,41.86,35.72,0.124,5.27,26.8,15.9,Safe
1.1,38.13,47.8,0.248,0.64,22.6,27.4,Safe
1.36,35.66,32.73,0.032,7.71,23.1,13.1,Safe
1.78,32.32,38.43,0.308,3.86,30.5,15.1,Safe
5.15,35.81,16.85,0.213,3.76,23.8,3.9,Safe
4.59,39.85,35.85,0.192,10.17,30.7,18.3,Safe
5.95,37.67,40.23,0.014,1.14,28.4,14.7,Safe
2.25,38.81,40.69,0.01,1.1,19.8,18.8,Safe
8.69,48.43,40.41,0.135,2.88,28.1,26.4,Safe
1.14,37.65,22.47,0.298,5.56,28.1,9.7,Safe
3.17,28.51,47.19,0.132,2.37,27.7,22.0,Safe
8.07,43.84,47.84,0.036,4.02,25.4,26.8,Safe
0.99,21.34,17.49,0.014,2.41,22.2,0.0,Safe
0.58,24.19,45.9,0.18,3.77,31.4,16.1,Safe
10.76,38.36,24.55,0.192,6.91,25.6,9.9,Safe
2.1,40.16,37.75,0.028,0.8,22.5,14.8,Safe
5.76,22.55,26.16,0.01,4.75,27.8,3.7,Safe
0.13,31.17,46.94,0.079,6.19,23.0,20.4,Safe
5.86,28.94,18.35,0.131,2.37,22.2,4.7,Safe
1.9,30.13,31.43,0.184,1.56,24.5,12.4,Safe
0.29,44.44,29.13,0.249,0.05,23.3,9.2,Safe
4.71,42.07,25.76,0.141,6.38,22.4,9.8,Safe
1.38,34.81,36.3,0.018,1.59,29.2,15.1,Safe
2.45,29.54,19.32,0.172,1.77,25.5,0.8,Safe
0.42,21.5,38.65,0.622,1.64,31.0,12.7,Safe
0.8,49.2,47.36,0.354,2.76,22.6,25.6,Safe
1.77,40.92,41.55,0.308,4.85,19.1,18.1,Safe
0.47,27.93,43.38,0.054,5.91,26.6,17.4,Safe
12.09,42.2,26.87,0.208,1.99,33.4,17.1,Safe
0.03,34.3,25.72,0.286,4.35,28.1,4.9,Safe
3.31,32.13,32.06,0.17,5.1,38.9,16.0,Safe
0.66,39.35,16.51,0.043,1.41,27.3,3.5,Safe
1.84,27.59,46.2,0.461,0.41,26.9,16.5,Safe
13.02,31.56,19.74,0.09,9.0,17.4,7.5,Safe
0.88,36.21,44.8,0.021,4.52,27.7,20.6,Safe
16.88,30.01,17.76,0.017,4.18,26.7,6.9,Safe
1.15,41.69,42.15,0.156,0.24,24.4,20.7,Safe
6.77,53.69,20.01,0.086,6.81,25.5,7.7,Safe
3.96,27.46,16.26,0.015,3.34,25.7,1.1,Safe
10.79,18.35,38.74,0.202,7.53,25.3,19.2,Safe
4.04,14.98,24.25,0.241,14.69,34.4,7.0,Safe
3.82,33.5,38.58,0.194,12.6,24.5,15.4,Safe
1.09,28.37,33.32,0.034,7.75,26.7,7.8,Safe
0.91,37.08,18.59,0.176,0.04,24.4,0.8,Safe
12.41,36.33,45.76,0.01,8.68,29.1,26.5,Safe
1.99,18.97,29.93,0.055,0.31,26.7,7.2,Safe
2.33,16.85,39.24,0.076,7.62,24.9,13.0,Safe
7.13,37.96,31.53,0.27,1.31,18.3,11.9,Safe
2.07,36.35,34.94,0.074,3.77,27.0,16.3,Safe
15.19,30.74,24.99,0.01,0.16,24.8,9.3,Safe
6.7,18.43,21.61,0.065,5.9,25.8,5.3,Safe
4.55,39.71,32.9,0.104,0.47,21.3,11.6,Safe
10.64,47.72,29.53,0.446,2.12,31.7,13.1,Safe
0.25,37.78,27.87,0.425,6.8,29.4,11.0,Safe
1.49,26.53,37.19,0.03,4.75,31.7,11.7,Safe
3.13,35.45,37.79,0.031,0.02,30.6,14.7,Safe
1.29,21.34,16.52,0.027,2.06,28.4,0.0,Safe
6.81,45.58,26.18,0.233,0.17,21.4,11.0,Safe
12.58,35.82,28.59,0.01,4.48,33.4,12.3,Safe
2.76,17.32,18.2,0.02,13.89,22.3,6.3,Safe
2.09,31.99,22.78,0.116,4.26,24.9,7.0,Safe
16.29,39.63,16.7,0.043,1.02,28.8,4.3,Safe
2.94,31.67,47.88,0.015,1.76,29.0,18.8,Safe
3.36,32.24,39.31,0.067,15.03,28.3,19.2,Safe
2.17,22.76,17.89,0.048,1.01,24.4,0.0,Safe
12.01,40.67,15.67,0.107,3.3,23.6,0.0,Safe
4.21,28.52,38.74,0.581,2.05,36.1,15.9,Safe
7.18,13.44,29.49,0.02,5.85,25.8,8.1,Safe
8.35,31.29,40.96,0.07,8.08,25.4,20.8,Safe
2.09,44.81,45.47,0.403,1.67,23.1,20.9,Safe
2.84,31.13,34.78,0.314,4.32,27.0,21.2,Safe
9.43,52.38,21.17,0.075,3.19,26.8,6.4,Safe
2.26,39.29,40.81,0.18,1.31,25.9,18.1,Safe
7.9,38.39,46.54,0.014,1.27,27.5,21.0,Safe
14.15,33.72,34.15,0.187,3.09,33.1,17.0,Safe
4.88,34.32,37.51,0.541,0.67,23.6,16.0,Safe
6.77,32.37,26.14,0.116,6.66,26.2,6.8,Safe
8.18,31.98,27.59,0.104,0.29,23.4,4.5,Safe
9.32,40.31,39.24,0.031,0.4,27.2,19.3,Safe
2.51,25.64,45.62,0.151,1.68,23.7,20.0,Safe
0.26,24.24,35.76,0.134,0.5,23.9,12.8,Safe
2.57,23.77,41.06,0.158,2.58,20.2,15.2,Safe
5.6,55.46,20.66,0.01,2.04,26.4,6.1,Safe
2.99,40.3,21.99,0.119,5.12,27.7,8.8,Safe
6.91,38.04,32.56,0.136,12.23,33.4,15.2,Safe
2.21,24.42,20.83,0.035,5.6,27.9,7.2,Safe
5.04,41.23,35.95,0.035,0.79,24.2,15.0,Safe
1.03,33.83,24.62,0.048,10.97,20.6,8.0,Safe
6.92,37.14,41.12,0.187,1.99,21.1,19.9,Safe
3.94,25.23,41.67,0.14,2.57,20.8,20.0,Safe
1.14,36.6,30.3,0.28,2.19,33.5,14.4,Safe
1.73,30.76,20.97,0.053,1.32,27.2,4.4,Safe
6.9,27.34,36.34,0.365,9.02,23.7,15.4,Safe
3.29,42.34,47.76,0.204,1.62,22.2,20.9,Safe
1.22,19.62,35.55,0.075,3.46,22.6,13.4,Safe
17.1,40.65,16.18,0.015,1.1,23.6,0.0,Safe
6.28,41.84,15.57,0.045,6.39,31.3,7.4,Safe
15.75,26.2,25.57,0.471,5.95,25.9,12.0,Safe
2.79,26.8,21.46,0.056,1.41,20.2,2.7,Safe
3.22,32.77,41.83,0.06,4.58,35.2,21.4,Safe
11.41,37.82,42.88,0.032,4.87,21.4,22.8,Safe
3.72,33.47,23.53,0.247,3.31,23.6,8.5,Safe
6.14,39.34,25.75,0.048,3.67,31.2,8.4,Safe
1.45,52.63,22.8,0.06,3.42,27.7,9.5,Safe
2.96,29.92,44.98,0.08,0.34,24.1,14.9,Safe
0.66,17.85,31.59,0.085,4.44,21.1,9.9,Safe
1.15,43.26,36.65,0.079,2.54,22.1,14.4,Safe
0.0,51.83,28.71,0.105,2.31,22.4,11.2,Safe
0.2,38.93,35.82,0.253,7.86,26.0,14.7,Safe
18.92,24.12,27.73,0.257,0.09,26.8,8.1,Safe
1.39,33.76,26.21,0.24,1.16,25.4,11.6,Safe
5.44,23.81,35.94,0.016,0.52,25.8,8.7,Safe
9.13,41.43,34.51,0.241,0.14,21.8,16.4,Safe
4.0,21.49,24.69,0.019,1.29,27.2,2.9,Safe
0.83,32.0,19.93,0.02,17.85,31.1,9.2,Safe
6.51,24.96,27.16,0.443,1.26,25.3,10.0,Safe
4.58,36.27,28.7,0.257,4.36,25.3,7.6,Safe
6.57,31.34,35.75,0.121,0.5,26.3,14.7,Safe
7.34,36.77,45.18,0.312,3.68,30.5,20.9,Safe
18.53,35.22,16.19,0.682,16.66,22.4,7.6,Safe
4.26,25.13,23.04,0.141,1.38,31.8,2.3,Safe
2.09,41.27,21.39,0.142,7.54,27.7,10.0,Safe
5.23,34.51,31.58,0.211,24.08,26.1,11.6,Safe
0.35,25.11,29.18,0.04,3.55,30.9,6.7,Safe
11.38,57.41,39.06,0.027,1.48,21.3,18.7,Safe
0.64,39.76,23.0,0.214,4.48,28.1,8.4,Safe
1.99,33.47,34.62,0.063,7.45,27.7,13.1,Safe
8.46,49.15,44.17,0.022,0.75,22.3,22.6,Safe
4.55,53.42,45.05,0.057,2.41,27.8,23.0,Safe
39.25,65.12,34.08,0.427,21.01,19.9,24.6,Safe
32.32,50.31,35.02,0.115,13.94,23.6,22.3,Safe
47.94,59.76,28.73,0.627,11.09,21.2,18.2,Safe
26.42,57.39,31.63,0.303,32.17,25.9,19.9,Safe
39.05,59.59,37.03,0.207,12.57,24.3,28.9,Safe
33.02,79.35,48.41,0.702,27.11,21.0,54.7,Watch
25.78,73.98,38.0,0.175,20.34,26.1,34.5,Safe
42.54,68.53,24.42,0.371,30.27,24.5,23.4,Safe
31.88,71.5,20.21,0.22,16.09,18.8,14.8,Safe
12.9,49.86,45.53,0.314,8.35,18.0,25.5,Safe
7.98,70.83,30.93,0.014,18.01,19.0,25.0,Safe
46.84,72.52,29.45,0.216,9.08,27.9,15.9,Safe
16.69,47.08,44.02,0.285,34.06,20.0,32.5,Safe
39.19,71.12,48.36,0.238,21.78,28.6,51.5,Watch
35.82,53.61,42.44,0.658,22.67,19.8,37.7,Watch
29.47,49.24,25.22,0.13,22.67,19.5,13.3,Safe
64.35,75.61,31.74,0.754,13.84,25.6,31.9,Safe
37.7,56.94,42.78,0.181,17.21,25.8,33.3,Safe
46.33,59.27,47.21,0.415,18.66,24.7,42.0,Watch
39.27,72.92,49.96,0.032,29.66,25.0,48.6,Watch
31.53,62.56,35.35,0.078,11.06,20.6,28.5,Safe
34.71,63.56,44.68,0.501,13.63,25.5,35.2,Watch
56.88,63.38,21.4,0.01,15.82,23.7,17.6,Safe
51.32,67.78,28.57,1.211,13.96,21.9,26.6,Safe
64.28,63.19,31.15,0.074,9.25,23.3,26.3,Safe
38.32,65.91,49.27,0.81,1.77,26.2,36.5,Watch
21.85,60.97,20.1,0.254,7.04,24.2,12.2,Safe
28.39,67.81,29.24,0.291,24.59,16.5,24.6,Safe
17.18,67.51,47.91,0.031,17.95,25.7,36.0,Watch
46.51,80.18,29.2,0.159,23.01,25.4,31.3,Safe
26.21,61.95,26.75,0.059,14.5,21.9,12.4,Safe
0.0,63.53,41.9,0.261,17.41,23.4,27.2,Safe
71.96,66.91,42.36,0.28,27.68,23.3,47.4,Watch
26.44,72.72,34.17,0.433,27.32,17.1,28.6,Safe
26.35,56.27,48.41,0.737,23.65,21.8,41.1,Watch
60.07,65.83,26.08,0.221,19.21,21.9,24.1,Safe
16.88,44.94,47.4,0.093,21.11,22.5,28.1,Safe
52.05,62.83,42.67,0.142,20.22,21.4,37.6,Watch
26.19,73.58,31.05,0.657,17.0,25.0,24.3,Safe
15.14,59.19,44.21,0.055,15.57,20.6,29.0,Safe
60.59,66.41,24.0,0.345,24.73,25.7,23.2,Safe
48.85,60.77,23.93,0.01,10.23,24.8,12.3,Safe
48.8,58.12,47.9,0.099,26.92,27.1,42.5,Watch
40.51,72.77,22.84,0.313,16.35,28.2,14.0,Safe
43.99,56.64,20.12,0.213,10.12,28.2,18.0,Safe
16.52,67.34,31.67,0.238,14.73,19.4,20.2,Safe
36.67,67.47,23.12,0.378,12.75,24.0,14.5,Safe
21.07,58.19,45.89,0.094,14.55,20.8,32.7,Safe
14.17,66.25,47.68,0.115,14.44,32.8,38.7,Watch
41.16,57.52,34.47,0.404,14.2,24.8,29.8,Safe
52.37,69.17,32.76,0.27,16.15,27.2,22.8,Safe
29.25,54.48,36.17,0.01,17.61,24.3,23.6,Safe
31.82,62.28,26.79,0.388,22.58,15.1,16.5,Safe
17.93,62.98,28.94,0.339,16.53,20.6,18.2,Safe
35.11,73.9,23.03,0.029,19.96,20.9,15.2,Safe
46.4,66.12,33.39,0.482,18.05,21.8,23.6,Safe
46.87,72.64,38.35,0.258,21.24,24.1,35.6,Watch
43.18,69.44,47.91,0.08,18.28,24.5,42.3,Watch
25.72,69.39,42.17,0.287,14.12,15.1,35.2,Watch
25.25,62.34,41.69,0.317,12.49,22.3,31.0,Safe
46.93,73.17,29.24,0.885,19.26,21.5,22.0,Safe
47.18,62.15,46.65,0.474,25.64,27.1,46.4,Watch
32.42,51.16,48.41,0.126,16.63,24.8,33.7,Safe
28.61,63.28,47.97,0.044,13.79,22.5,34.5,Safe
52.51,68.63,21.16,0.672,16.46,23.7,15.8,Safe
29.6,52.15,38.13,0.655,14.63,17.9,27.2,Safe
46.19,57.92,39.3,0.067,14.0,25.0,25.9,Safe
32.95,55.16,28.85,0.022,9.34,21.8,16.4,Safe
19.29,71.29,49.77,0.436,16.53,20.6,41.8,Watch
59.18,78.38,28.74,0.449,19.41,26.9,29.7,Safe
36.8,63.32,26.5,0.068,11.51,23.8,12.4,Safe
24.34,69.25,34.52,0.386,12.73,21.0,25.5,Safe
14.14,69.04,29.69,0.114,12.31,21.2,19.8,Safe
15.65,77.43,47.72,0.106,9.68,24.1,40.5,Watch
29.41,59.78,33.2,0.137,12.27,23.9,19.4,Safe
63.88,63.24,32.3,0.257,16.81,23.1,29.2,Safe
26.23,62.27,38.78,0.571,9.95,19.4,32.3,Safe
56.71,65.6,22.43,0.242,17.17,19.8,15.8,Safe
33.04,85.03,42.7,0.124,13.78,20.8,44.6,Watch
17.28,65.25,43.05,0.754,12.43,22.4,33.5,Safe
27.9,58.16,34.22,0.02,20.26,22.9,27.3,Safe
15.79,55.76,48.67,0.558,14.16,22.5,33.7,Safe
22.16,75.02,37.38,0.537,15.18,22.7,33.3,Safe
21.71,58.13,40.86,0.102,25.79,28.6,30.2,Safe
6.44,70.31,47.73,0.077,12.48,25.5,30.9,Safe
57.69,59.56,39.99,0.727,27.4,26.6,41.5,Watch
38.17,54.87,32.95,0.286,15.91,24.4,24.1,Safe
24.71,69.84,20.74,0.016,11.18,23.2,5.9,Safe
38.33,59.95,41.85,0.775,14.68,24.2,35.0,Safe
22.47,68.4,48.95,0.15,18.41,23.7,44.8,Watch
0.0,68.99,34.11,0.147,25.53,25.4,24.2,Safe
79.35,69.37,30.19,0.361,22.79,20.1,33.0,Safe
37.84,62.85,35.58,0.379,18.38,25.2,26.9,Safe
26.16,70.49,41.85,0.153,25.56,23.5,38.3,Watch
5.99,57.62,20.02,0.054,6.71,17.6,10.7,Safe
12.59,45.37,46.62,0.281,19.5,23.3,31.4,Safe
59.82,70.66,46.59,0.343,19.86,19.1,45.8,Watch
57.53,66.32,36.24,0.689,19.93,21.4,36.7,Watch
46.3,60.12,23.67,0.232,8.34,22.5,16.0,Safe
18.27,53.23,40.15,0.363,11.9,18.5,28.9,Safe
57.65,48.71,24.14,0.02,17.0,22.8,16.3,Safe
41.75,65.41,35.23,0.787,24.69,23.2,31.7,Safe
44.82,78.19,22.81,0.139,29.49,25.3,21.1,Safe
41.69,63.89,37.67,0.35,14.01,21.6,29.2,Safe
12.4,62.11,29.54,0.867,10.14,23.8,20.2,Safe
17.03,64.81,44.93,0.582,22.89,22.7,37.0,Watch
27.35,82.43,44.0,0.355,33.69,21.7,52.9,Watch
44.65,71.02,49.95,0.426,24.64,18.0,48.3,Watch
14.29,57.53,27.73,0.888,13.51,22.7,15.8,Safe
32.37,65.22,21.85,0.585,35.17,25.2,19.0,Safe
32.35,67.66,33.29,0.329,22.12,20.2,27.5,Safe
46.89,56.55,22.5,0.376,13.25,22.3,13.4,Safe
45.12,71.07,25.35,0.056,29.61,22.8,23.4,Safe
19.85,58.46,37.92,0.222,12.78,26.3,23.3,Safe
56.7,52.91,37.76,0.125,14.27,23.1,30.7,Safe
17.55,65.61,21.3,0.198,22.36,23.9,13.7,Safe
51.38,64.34,33.29,0.38,17.85,23.0,27.8,Safe
26.75,64.99,35.91,0.057,18.22,21.5,29.4,Safe
37.46,58.88,28.04,0.01,18.23,19.6,22.6,Safe
38.39,60.0,46.16,0.177,24.69,22.1,37.8,Watch
37.97,74.03,24.83,0.136,4.05,24.2,9.8,Safe
45.12,68.53,27.62,0.191,19.71,23.4,19.8,Safe
40.87,57.35,24.71,0.937,16.26,27.4,16.2,Safe
46.75,49.39,23.5,0.43,13.49,25.8,13.7,Safe
41.97,57.68,46.37,0.139,13.47,26.7,41.9,Watch
16.03,66.26,28.34,0.069,2.18,16.9,21.7,Safe
39.05,59.94,41.68,0.337,13.21,27.7,30.5,Safe
26.54,59.32,32.84,0.375,25.74,23.8,25.5,Safe
18.36,60.29,39.08,0.231,22.99,24.2,29.8,Safe
30.65,64.42,47.85,0.084,16.85,25.7,40.1,Watch
37.75,71.28,45.34,0.01,9.53,23.1,33.4,Safe
38.75,65.0,22.07,0.108,22.93,19.8,17.7,Safe
50.84,65.5,45.36,0.214,25.86,27.3,46.0,Watch
54.61,63.2,33.55,0.543,24.21,20.7,29.0,Safe
40.04,61.01,30.5,0.673,12.19,20.0,25.9,Safe
42.76,72.15,40.17,0.186,12.81,22.3,30.0,Safe
36.43,70.94,48.51,0.557,27.94,21.8,44.1,Watch
46.51,81.36,22.82,1.755,10.74,23.0,27.3,Safe
42.3,69.88,43.04,0.441,20.87,22.7,40.8,Watch
34.18,61.01,26.11,0.456,7.33,27.0,16.0,Safe
67.28,57.76,31.4,0.841,16.2,24.4,30.8,Safe
26.81,72.62,46.21,0.144,21.51,20.4,38.7,Watch
56.82,58.48,36.37,0.01,17.82,20.8,32.4,Safe
14.69,71.48,22.02,1.519,21.14,21.8,20.3,Safe
47.2,58.92,35.24,0.236,10.64,21.8,30.9,Safe
56.55,67.79,43.69,0.539,13.08,21.5,36.1,Watch
6.39,56.52,35.87,0.586,20.89,19.7,23.3,Safe
37.08,71.24,25.01,0.177,22.18,23.9,15.9,Safe
45.73,55.13,33.35,0.273,19.32,21.6,27.4,Safe
38.78,67.18,47.73,0.272,23.68,20.1,48.3,Watch
40.67,63.42,39.75,0.087,8.06,24.5,28.6,Safe
37.04,65.81,41.9,0.044,15.2,25.5,35.0,Safe
18.59,61.83,43.58,0.275,28.94,22.3,39.8,Watch
70.52,61.65,22.72,0.045,25.7,28.3,22.4,Safe
27.45,66.24,37.45,0.149,21.8,29.6,31.1,Safe
41.51,56.98,31.28,0.072,17.07,24.5,17.0,Safe
25.3,56.94,24.17,0.43,24.21,21.6,19.9,Safe
0.86,62.13,26.08,0.72,20.57,23.8,15.7,Safe
21.13,61.82,43.43,0.302,8.9,19.3,37.4,Watch
13.29,56.96,24.84,0.185,23.97,20.4,12.5,Safe
51.37,72.39,29.37,1.994,12.8,18.0,31.1,Safe
25.9,62.32,28.55,0.01,22.56,21.1,21.1,Safe
27.29,63.19,21.46,0.127,8.3,19.3,4.8,Safe
19.04,54.38,33.86,0.114,27.59,24.9,28.2,Safe
36.41,81.57,42.98,0.154,16.35,20.8,47.7,Watch
24.25,84.42,20.66,0.092,11.34,23.8,12.3,Safe
49.89,58.76,23.38,0.107,13.87,25.2,15.8,Safe
39.53,74.81,41.61,0.104,15.98,26.5,36.7,Watch
26.42,64.27,37.81,0.247,17.97,21.9,28.3,Safe
47.75,77.83,41.46,0.174,25.91,23.9,44.9,Watch
35.12,67.69,26.9,0.357,18.42,24.0,19.4,Safe
35.32,65.8,44.11,0.253,4.97,26.8,35.5,Watch
13.06,45.01,34.4,0.071,10.62,25.4,20.2,Safe
33.93,57.97,38.31,0.581,34.55,26.9,34.7,Safe
39.82,65.16,22.76,0.224,18.81,18.0,15.8,Safe
55.0,66.59,26.15,0.058,23.7,21.0,20.0,Safe
23.72,55.28,43.2,0.064,16.15,26.1,28.4,Safe
69.17,59.17,26.72,0.558,11.97,24.7,21.3,Safe
43.35,69.43,22.78,0.425,15.11,22.6,14.4,Safe
12.21,53.93,37.92,0.247,18.77,21.6,22.6,Safe
22.32,66.07,36.44,0.128,15.24,25.4,19.9,Safe
56.31,74.9,38.24,0.216,29.51,17.1,37.2,Watch
53.65,68.08,38.55,0.354,14.3,25.4,35.6,Watch
35.27,67.68,35.01,0.74,11.67,23.3,31.0,Safe
37.25,48.84,34.81,0.284,22.85,21.5,26.8,Safe
17.53,58.42,47.72,0.113,23.59,24.5,34.3,Safe
54.82,81.43,36.02,0.015,18.18,21.8,38.0,Watch
20.18,60.21,38.52,0.068,14.39,23.1,23.3,Safe
47.67,75.12,28.01,0.368,6.6,22.9,28.9,Safe
55.28,60.11,46.13,0.061,25.32,25.2,42.5,Watch
35.72,62.78,20.73,0.23,23.21,23.5,12.2,Safe
49.51,69.12,36.72,0.42,15.36,17.3,34.0,Safe
62.71,65.81,31.52,0.129,18.36,18.8,26.3,Safe
39.02,68.05,38.12,0.387,16.64,19.7,34.4,Safe
32.37,58.45,30.81,0.305,27.77,24.4,20.8,Safe
34.0,55.91,41.53,0.202,11.77,24.7,30.4,Safe
23.86,57.91,20.61,0.796,14.28,28.0,14.1,Safe
23.52,60.74,32.18,0.412,13.7,20.0,15.2,Safe
41.64,63.17,44.94,0.157,19.86,26.9,37.2,Watch
32.54,73.3,27.51,0.571,18.34,17.2,19.9,Safe
39.91,65.7,21.58,0.469,19.2,23.1,15.4,Safe
12.65,68.88,34.9,0.549,12.72,23.7,23.7,Safe
33.61,66.13,49.3,0.359,26.91,23.7,47.2,Watch
50.45,56.08,21.92,0.167,15.28,22.1,13.1,Safe
18.22,65.14,22.1,0.15,25.13,23.4,16.4,Safe
35.25,66.05,37.85,0.372,36.83,19.3,40.8,Watch
7.18,71.08,27.5,0.049,12.76,25.6,12.0,Safe
15.42,56.45,32.31,0.6,20.05,23.7,22.3,Safe
47.11,48.68,44.92,0.162,17.21,24.1,38.6,Watch
30.36,66.41,25.97,0.348,30.19,22.2,18.2,Safe
62.33,67.83,41.58,0.242,16.32,22.0,39.4,Watch
41.49,63.56,35.13,0.256,19.49,24.6,27.2,Safe
42.96,65.22,47.15,0.469,19.36,27.8,40.8,Watch
18.85,72.03,49.19,0.345,17.4,18.8,38.9,Watch
29.22,61.33,34.55,0.101,22.53,18.7,19.5,Safe
24.01,62.77,37.54,0.027,18.56,23.8,27.5,Safe
19.02,65.63,42.38,0.642,20.89,22.0,35.4,Watch
44.96,55.24,29.56,0.757,19.28,23.4,21.0,Safe
47.97,63.78,26.8,0.063,14.37,22.9,17.8,Safe
40.98,64.49,48.94,0.13,16.39,24.9,39.0,Watch
22.58,78.1,32.98,0.116,21.33,22.1,31.4,Safe
39.96,62.62,20.05,0.97,21.31,19.4,14.7,Safe
6.31,66.6,45.13,0.08,25.47,20.6,37.0,Watch
54.85,72.35,37.99,0.064,29.16,22.5,35.7,Watch
15.53,58.3,25.06,0.07,14.87,19.2,10.9,Safe
18.19,76.01,20.9,0.458,18.81,22.9,15.1,Safe
36.73,79.11,28.74,0.766,16.84,23.2,32.5,Safe
38.06,64.77,47.84,0.175,11.36,21.9,44.5,Watch
33.91,60.68,48.0,0.051,21.39,23.6,36.8,Watch
18.35,78.02,29.33,0.308,22.67,18.2,28.5,Safe
52.0,71.37,45.08,0.082,11.54,20.1,37.2,Watch
9.71,65.66,33.26,0.023,15.75,19.6,19.0,Safe
12.75,76.41,39.63,0.761,15.17,25.6,37.8,Watch
33.4,75.57,30.03,0.716,8.95,29.9,32.2,Safe
16.04,62.31,35.48,1.304,17.78,20.4,26.5,Safe
53.34,66.99,28.81,0.225,11.13,22.3,23.1,Safe
17.33,69.61,21.83,0.122,18.95,20.9,15.6,Safe
58.36,65.23,24.18,0.514,19.61,23.7,21.4,Safe
50.53,53.87,28.72,0.07,20.36,21.2,18.1,Safe
53.53,57.49,49.29,0.098,20.65,23.8,44.0,Watch
63.31,54.13,48.97,0.103,27.19,25.0,50.2,Watch
36.22,68.94,44.83,1.06,13.15,19.3,44.4,Watch
19.81,55.53,26.98,0.458,13.45,23.8,13.0,Safe
33.45,66.54,33.25,0.05,21.93,17.6,26.1,Safe
26.5,79.66,33.19,0.034,17.21,22.2,32.0,Safe
24.36,76.42,31.61,0.648,24.75,22.0,27.5,Safe
37.26,50.3,21.35,0.567,21.37,22.3,16.4,Safe
30.32,54.77,36.04,0.389,29.51,22.1,34.3,Safe
23.72,58.79,22.18,0.076,17.45,21.5,13.7,Safe
31.32,55.65,44.06,0.229,9.11,22.2,32.9,Safe
43.23,51.77,40.74,0.323,20.04,23.7,30.9,Safe
49.35,64.91,30.58,0.942,17.57,23.8,25.5,Safe
10.96,70.64,39.41,0.065,21.21,23.3,27.8,Safe
30.45,72.63,26.99,0.254,21.98,21.3,17.8,Safe
32.88,61.2,27.96,0.06,14.79,26.2,17.2,Safe
17.26,62.82,29.42,0.205,11.95,27.6,18.6,Safe
33.2,67.85,43.91,0.078,17.12,19.1,34.0,Safe
37.22,64.13,26.32,0.633,3.71,23.5,16.5,Safe
42.78,71.48,36.88,0.103,18.48,21.6,31.6,Safe
36.16,68.44,26.01,0.189,15.56,25.8,12.5,Safe
21.79,61.99,28.55,0.183,23.17,23.0,21.7,Safe
65.18,50.15,27.06,0.704,6.08,23.2,20.3,Safe
47.44,76.99,39.35,0.496,18.04,24.5,42.8,Watch
43.29,59.51,35.8,0.021,27.46,22.1,32.3,Safe
50.07,67.86,41.64,0.024,22.05,28.0,43.9,Watch
38.67,49.67,26.6,0.28,23.88,24.5,19.6,Safe
54.29,64.91,20.27,0.195,20.04,25.8,14.8,Safe
35.85,65.8,40.42,0.113,8.03,22.3,30.0,Safe
35.03,66.19,23.45,0.551,19.0,22.6,15.4,Safe
44.53,89.11,27.39,0.048,20.45,25.4,25.9,Safe
58.65,59.95,29.17,1.278,11.53,25.1,26.6,Safe
57.68,71.57,42.4,0.01,17.24,19.3,40.0,Watch
43.89,69.19,38.78,0.044,0.59,23.4,28.4,Safe
42.75,59.57,25.53,0.131,16.0,24.4,13.4,Safe
45.44,71.45,37.94,0.249,15.38,22.6,25.6,Safe
49.78,63.69,41.24,0.085,26.41,24.1,37.7,Watch
54.48,72.0,31.67,0.466,14.38,22.7,22.4,Safe
31.45,80.69,27.38,0.155,16.4,16.3,25.1,Safe
54.77,66.21,40.37,0.014,17.52,19.1,40.0,Watch
40.14,62.75,38.33,0.736,14.46,25.9,32.7,Safe
44.76,73.41,22.34,1.008,22.32,22.3,18.7,Safe
55.73,76.17,40.0,0.337,6.05,23.6,37.6,Watch
46.21,57.93,34.66,0.575,24.82,23.0,28.4,Safe
48.74,61.38,42.6,0.045,17.93,20.5,36.0,Watch
29.16,70.4,25.72,0.11,25.81,21.6,21.1,Safe
57.47,63.94,27.75,0.138,1.52,24.0,18.8,Safe
45.44,57.37,36.3,1.133,3.38,24.3,27.5,Safe
36.89,69.33,34.45,0.251,16.25,29.6,32.7,Safe
51.52,70.37,31.59,0.01,21.04,21.6,29.5,Safe
73.82,62.32,42.38,0.167,14.67,28.0,44.5,Watch
17.47,65.49,36.94,0.01,21.5,20.4,27.2,Safe
22.94,60.39,41.31,0.095,23.89,24.5,27.9,Safe
75.28,56.24,24.6,0.212,22.0,23.5,16.2,Safe
41.4,61.02,41.87,0.137,18.62,22.6,30.8,Safe
37.86,65.59,33.85,0.012,18.57,23.0,25.0,Safe
33.27,53.2,21.01,0.043,14.31,21.1,8.6,Safe
53.13,61.61,27.03,0.28,17.67,25.7,19.1,Safe
74.17,65.7,20.77,0.416,11.85,20.5,13.9,Safe
25.02,74.56,33.71,0.181,13.29,24.0,22.8,Safe
33.55,62.5,29.78,0.46,21.09,25.3,17.9,Safe
29.74,55.03,49.62,0.062,15.22,27.2,38.6,Watch
45.99,63.32,46.06,0.046,13.57,25.9,40.4,Watch
53.34,60.47,44.77,0.64,20.7,24.7,42.6,Watch
59.31,69.42,35.03,0.145,20.28,21.1,32.0,Safe
46.5,62.3,44.21,0.198,16.71,20.6,39.1,Watch
72.79,43.32,28.01,1.032,17.11,19.6,24.9,Safe
26.38,94.53,36.82,0.193,20.5,19.3,44.6,Watch
22.48,66.14,31.79,0.01,23.81,23.0,25.6,Safe
57.04,65.71,25.14,0.973,19.21,20.8,26.2,Safe
36.84,52.67,22.18,0.01,10.85,26.6,6.5,Safe
14.36,53.28,36.75,0.38,16.67,21.3,25.3,Safe
30.26,64.26,22.93,0.136,15.56,23.3,10.7,Safe
38.83,67.69,41.54,0.222,11.68,22.2,37.0,Watch
25.31,70.62,47.64,0.277,20.99,18.8,41.8,Watch
19.78,66.9,24.86,0.184,21.45,26.3,16.6,Safe
31.89,55.51,34.13,0.521,22.36,25.1,26.5,Safe
19.03,44.96,42.16,0.934,12.05,25.4,29.2,Safe
44.53,64.2,28.61,0.032,18.94,24.8,24.8,Safe
5.84,60.73,47.62,0.564,17.96,20.7,38.5,Watch
36.36,54.9,46.65,0.048,19.84,20.8,41.6,Watch
42.79,71.62,23.11,0.029,18.78,24.4,15.3,Safe
33.64,52.4,20.82,1.092,17.92,27.6,9.5,Safe
51.4,69.94,49.29,0.235,17.2,24.2,49.0,Watch
14.44,53.72,48.69,0.058,24.64,25.9,34.1,Safe
24.48,66.07,32.67,0.295,12.83,21.4,21.7,Safe
30.05,72.47,21.52,0.107,16.96,26.3,13.2,Safe
45.69,62.3,38.57,0.218,24.49,21.7,33.5,Safe
38.28,78.52,28.8,0.343,13.13,23.7,27.9,Safe
67.15,80.34,48.1,0.712,13.44,21.9,57.8,Watch
22.91,66.9,43.84,0.01,22.4,25.7,37.0,Watch
14.08,69.33,39.49,0.084,9.46,25.7,26.2,Safe
61.84,73.49,28.54,0.035,21.96,18.6,30.6,Safe
13.54,69.36,41.04,0.036,15.06,27.0,25.5,Safe
45.25,68.5,28.68,1.02,20.46,30.1,29.9,Safe
20.32,60.81,21.13,0.963,10.68,21.9,14.8,Safe
3.96,51.5,35.25,0.484,25.11,22.6,22.4,Safe
29.38,53.88,34.66,0.361,10.7,26.7,21.5,Safe
48.49,84.06,42.89,0.659,22.35,23.2,56.4,Watch
16.67,67.58,45.97,0.021,10.95,23.0,35.4,Watch
43.64,63.03,30.63,0.045,28.85,28.7,26.5,Safe
46.44,75.11,33.48,0.133,17.57,18.9,28.1,Safe
15.92,59.0,34.11,0.625,29.71,20.6,28.2,Safe
31.58,69.66,29.73,0.224,13.09,24.3,21.6,Safe
58.66,65.62,42.3,0.245,15.34,18.1,39.7,Watch
44.76,68.68,35.66,0.091,25.26,21.9,30.4,Safe
31.08,62.31,47.42,0.366,9.44,21.9,39.1,Watch
41.23,57.28,39.51,0.766,13.8,25.9,36.2,Watch
24.72,58.42,26.36,0.14,20.97,25.1,20.4,Safe
51.71,58.73,24.94,0.338,11.89,18.0,15.0,Safe
51.7,64.98,31.17,0.141,21.13,20.9,31.4,Safe
36.81,52.55,30.41,0.551,19.02,20.9,23.7,Safe
38.46,55.02,32.21,0.225,8.92,22.4,17.5,Safe
20.02,66.08,25.51,0.145,23.81,19.7,17.8,Safe
14.72,63.98,49.35,0.191,10.43,24.4,36.4,Watch
29.35,66.52,24.37,0.033,22.63,20.9,15.6,Safe
33.69,64.64,39.58,0.704,18.77,24.8,33.1,Safe
50.94,85.15,20.39,1.11,15.27,23.0,24.9,Safe
48.84,66.01,32.21,0.227,11.37,20.1,26.3,Safe
37.77,61.97,29.28,0.088,19.98,27.2,19.3,Safe
52.86,65.81,31.46,0.382,12.76,27.3,23.7,Safe
20.85,73.16,34.94,0.211,25.25,23.9,26.5,Safe
51.16,64.6,38.01,0.102,25.47,22.3,33.4,Safe
23.14,70.48,37.51,0.014,27.85,19.8,32.7,Safe
53.6,68.17,38.92,0.772,19.69,26.2,40.2,Watch
34.8,62.68,45.34,0.558,15.57,25.5,37.7,Watch
5.03,65.89,46.6,0.618,16.22,20.6,37.9,Watch
45.95,77.79,42.12,0.203,15.78,20.9,45.5,Watch
47.14,66.94,22.37,0.49,19.49,24.4,17.2,Safe
28.15,57.11,48.84,0.305,20.62,19.5,44.8,Watch
29.43,62.44,48.42,0.164,25.39,21.1,43.2,Watch
32.61,48.09,41.35,0.647,18.12,19.9,31.3,Safe
6.12,66.1,35.52,2.342,9.58,20.0,31.2,Safe
0.0,75.5,27.52,0.803,15.56,20.8,19.1,Safe
54.52,54.27,42.69,0.524,27.34,25.7,39.7,Watch
22.64,66.2,46.34,0.482,8.66,17.7,36.0,Watch
62.83,72.88,39.96,0.368,22.43,24.3,41.7,Watch
55.56,73.73,38.87,0.673,15.66,23.8,37.6,Watch
58.51,75.24,25.79,0.238,12.7,25.9,20.0,Safe
25.25,50.05,30.73,0.07,20.37,23.8,17.0,Safe
10.87,69.04,41.69,0.511,27.37,21.9,33.7,Safe
18.7,52.96,20.51,0.882,20.04,20.6,13.5,Safe
28.3,57.01,39.24,0.146,16.42,26.0,25.1,Safe
0.0,71.57,43.0,0.535,10.22,24.5,33.5,Safe
27.87,66.26,30.04,0.112,17.41,21.5,21.4,Safe
31.97,70.81,22.29,1.0,10.01,25.7,17.1,Safe
15.58,57.57,44.57,0.403,16.14,21.7,32.0,Safe
19.39,76.79,24.26,0.295,17.62,23.0,15.7,Safe
31.69,70.51,31.12,0.53,3.84,21.2,21.9,Safe
40.34,72.11,41.22,0.587,26.33,24.6,41.6,Watch
21.64,56.36,44.51,0.78,10.57,20.0,32.4,Safe
39.38,74.37,45.87,0.81,16.88,22.1,46.5,Watch
37.05,62.47,35.91,0.019,21.2,21.0,27.6,Safe
35.7,60.11,34.28,0.046,25.85,23.8,28.3,Safe
25.22,70.0,45.45,0.612,13.25,24.2,37.5,Watch
15.0,69.67,36.89,1.022,2.94,19.7,27.1,Safe
60.45,58.23,37.36,0.129,24.47,24.2,35.3,Watch
44.45,81.45,33.02,0.01,10.5,18.6,28.6,Safe
50.09,79.51,31.18,0.136,20.16,29.6,37.0,Watch
33.75,69.84,34.42,0.169,20.53,21.5,29.9,Safe
32.54,68.44,30.95,0.501,0.0,26.1,25.9,Safe
42.36,67.64,30.31,0.017,8.31,23.6,20.8,Safe
7.48,52.6,49.81,0.084,15.24,23.7,28.0,Safe
18.28,65.9,30.09,0.785,2.5,19.5,14.7,Safe
23.03,65.8,27.69,0.059,9.97,25.5,14.2,Safe
28.18,60.39,30.62,0.498,18.74,23.1,25.3,Safe
21.8,62.53,37.72,0.157,17.47,24.4,32.6,Safe
39.99,45.95,47.33,0.38,19.82,22.7,37.1,Watch
36.22,56.22,43.64,0.027,20.7,23.4,34.9,Safe
55.89,72.37,45.27,0.118,7.91,20.3,33.7,Safe
72.11,78.85,45.77,0.194,10.29,22.5,54.8,Watch
16.06,57.45,47.62,0.681,22.57,21.7,38.9,Watch
37.21,66.46,27.05,0.29,27.15,20.9,20.4,Safe
37.18,73.79,33.75,0.016,12.2,23.4,22.8,Safe
34.79,60.84,31.56,0.567,19.55,24.1,23.5,Safe
18.73,70.41,31.46,0.02,22.84,23.8,19.0,Safe
21.24,64.73,39.57,0.953,19.43,22.7,30.6,Safe
38.61,74.52,32.05,0.083,16.51,24.2,21.7,Safe
20.82,54.74,38.49,0.234,14.16,23.7,23.2,Safe
37.39,56.16,31.47,0.026,29.91,23.3,21.0,Safe
31.31,67.24,29.33,0.289,18.58,23.5,22.8,Safe
37.12,65.77,30.59,0.241,20.33,26.5,20.4,Safe
20.7,64.55,44.11,0.185,19.95,19.4,34.6,Safe
37.36,69.61,38.03,0.013,13.13,22.0,26.6,Safe
21.79,57.55,49.22,0.739,18.3,24.0,37.5,Watch
37.41,54.04,44.98,0.568,16.07,18.3,33.8,Safe
55.09,61.0,34.57,0.351,15.96,27.1,31.0,Safe
38.91,61.89,27.27,0.297,19.9,23.8,19.2,Safe
39.83,62.73,40.22,0.416,12.51,25.9,30.3,Safe
47.26,75.15,41.8,0.054,10.77,26.4,38.3,Watch
13.95,71.16,33.93,0.944,21.02,24.2,24.1,Safe
60.78,69.27,26.9,0.117,14.81,16.3,19.0,Safe
19.17,66.78,36.72,0.374,15.93,23.4,23.4,Safe
48.19,61.53,27.61,0.327,6.43,23.6,17.6,Safe
46.2,58.17,48.2,0.354,23.78,19.7,42.8,Watch
21.47,55.42,38.87,0.739,21.14,17.6,28.0,Safe
50.13,59.44,28.76,0.123,22.25,24.4,24.8,Safe
42.47,64.66,26.47,0.484,20.32,19.3,19.7,Safe
63.35,55.76,41.5,0.319,8.9,29.2,38.1,Watch
37.9,66.36,41.23,0.028,19.37,23.8,37.3,Watch
33.37,63.44,37.91,0.187,14.35,27.1,25.1,Safe
27.28,61.82,38.43,0.637,12.22,23.1,27.7,Safe
8.85,74.29,38.12,0.133,21.0,25.3,24.7,Safe
30.23,45.32,30.8,0.23,27.95,23.2,21.4,Safe
30.86,61.93,48.12,0.235,26.96,26.0,44.5,Watch
38.93,46.18,34.38,0.337,21.73,16.9,19.0,Safe
13.65,66.91,20.61,0.754,17.82,25.7,15.4,Safe
31.41,71.1,30.45,0.067,16.71,25.0,22.6,Safe
43.64,54.19,23.91,0.246,12.57,22.5,14.7,Safe
45.13,55.22,30.9,0.193,16.38,21.8,18.9,Safe
7.1,51.41,38.25,0.123,23.45,22.1,26.8,Safe
45.6,65.51,20.68,0.882,28.94,23.8,22.0,Safe
31.3,62.27,46.11,0.01,13.1,26.6,34.5,Safe
32.22,62.77,38.31,0.046,6.03,21.4,25.2,Safe
0.0,62.06,28.86,0.463,14.81,17.9,16.8,Safe
57.4,57.21,29.34,0.107,23.42,30.5,26.0,Safe
37.65,74.05,33.97,0.45,30.43,25.0,30.8,Safe
12.03,67.18,27.44,0.625,25.86,21.8,22.6,Safe
40.63,55.52,20.13,0.103,25.71,26.6,12.2,Safe
40.17,59.4,20.8,0.075,12.9,25.8,12.3,Safe
53.34,58.02,30.73,0.055,13.07,24.5,27.1,Safe
30.35,76.25,23.73,0.078,10.06,21.6,21.2,Safe
35.18,70.69,20.67,0.109,14.01,25.0,9.8,Safe
25.36,63.99,45.78,0.711,23.48,26.3,44.7,Watch
43.97,78.66,28.22,0.514,27.75,17.8,33.0,Safe
23.25,76.62,35.09,0.01,20.07,23.7,35.2,Watch
21.61,63.15,25.38,0.725,16.47,23.9,15.8,Safe
33.98,61.72,21.4,0.029,11.6,23.8,12.0,Safe
16.61,62.1,42.35,0.373,17.32,23.1,30.6,Safe
59.03,57.38,23.75,0.057,19.22,26.6,16.7,Safe
63.91,78.87,20.77,0.023,9.22,22.4,21.7,Safe
28.2,56.95,37.62,0.499,23.53,23.0,30.1,Safe
14.2,71.95,20.4,0.22,15.46,23.9,7.0,Safe
40.05,70.52,33.09,0.32,23.17,22.5,27.0,Safe
27.77,62.56,28.67,0.194,17.93,18.8,17.6,Safe
52.62,79.48,29.58,0.024,19.78,23.6,33.4,Safe
23.19,52.53,20.12,0.471,13.79,23.7,8.6,Safe
43.17,64.36,48.93,0.601,15.93,21.9,43.6,Watch
36.71,61.09,35.51,0.015,21.85,22.6,26.2,Safe
24.86,72.68,37.18,0.165,17.21,13.5,30.8,Safe
38.6,67.83,39.98,0.285,11.37,26.6,34.3,Safe
48.18,51.18,43.93,0.325,18.67,25.7,38.0,Watch
36.3,74.92,38.24,0.302,20.31,19.0,33.9,Safe
36.46,68.88,42.87,0.413,26.24,21.0,40.3,Watch
21.91,56.72,33.46,1.192,24.92,27.3,27.7,Safe
52.16,62.2,31.14,0.173,17.61,19.5,29.4,Safe
50.67,54.6,44.69,0.285,14.72,24.4,34.1,Safe
28.84,63.63,45.96,0.42,16.63,21.5,30.9,Safe
33.14,66.2,24.13,0.314,14.86,24.2,17.0,Safe
56.21,62.32,36.28,0.171,21.04,23.2,34.8,Safe
18.0,61.4,40.51,0.342,24.25,22.2,32.1,Safe
44.06,52.1,22.51,0.368,25.44,24.2,10.6,Safe
26.62,67.7,47.89,0.308,15.53,21.5,41.6,Watch
61.67,49.6,35.6,0.08,14.93,17.6,24.7,Safe
35.95,65.25,39.36,0.247,15.48,20.2,28.1,Safe
53.91,50.61,25.35,0.755,6.41,19.9,14.9,Safe
23.58,65.4,27.93,0.71,10.78,18.2,15.0,Safe
16.27,64.95,23.63,0.486,17.79,24.1,15.4,Safe
31.49,68.23,27.92,0.418,20.28,22.5,19.3,Safe
38.94,71.9,34.77,0.058,20.95,24.1,25.0,Safe
27.34,73.38,45.01,0.215,13.32,24.6,42.9,Watch
46.37,52.12,36.01,0.041,15.05,25.3,24.7,Safe
31.85,64.53,27.33,0.595,16.38,24.2,20.0,Safe
3.78,81.09,21.34,0.12,15.71,20.1,19.0,Safe
43.29,65.95,38.66,0.51,22.13,24.7,36.2,Watch
21.76,58.35,32.6,0.59,10.15,23.7,26.2,Safe
29.58,64.36,49.53,0.781,11.1,29.6,39.7,Watch
58.3,61.93,43.39,0.491,16.21,23.0,42.6,Watch
61.59,55.59,44.25,0.291,9.81,24.1,38.7,Watch
26.37,71.95,20.37,0.319,6.6,22.7,13.9,Safe
43.67,69.67,43.33,0.135,9.04,23.1,37.7,Watch
26.72,54.32,25.84,0.068,16.54,22.9,12.9,Safe
30.7,64.25,37.57,0.049,21.78,21.7,36.3,Watch
25.91,60.47,33.42,0.07,21.91,23.5,18.1,Safe
9.13,52.19,37.15,0.951,27.53,24.9,26.1,Safe
36.43,53.68,24.0,0.063,18.61,21.7,16.0,Safe
39.32,54.87,33.71,0.45,19.42,25.5,26.4,Safe
24.93,64.53,21.11,0.071,16.5,25.1,12.0,Safe
51.32,61.34,21.23,1.295,16.79,20.4,20.1,Safe
28.46,57.33,39.73,0.16,30.48,20.1,30.5,Safe
25.44,61.86,48.55,0.186,19.57,24.3,41.8,Watch
42.9,70.98,43.32,0.181,20.09,21.2,38.8,Watch
11.86,67.85,34.07,0.593,11.13,19.9,26.8,Safe
48.6,73.01,21.68,0.086,20.46,28.2,18.6,Safe
28.97,63.17,21.35,0.622,21.95,20.1,16.0,Safe
49.84,77.82,24.74,0.375,24.66,18.4,25.9,Safe
54.32,67.78,49.27,0.087,21.78,20.6,50.4,Watch
44.6,61.09,31.96,0.024,17.24,23.7,23.5,Safe
22.82,65.74,45.3,0.522,16.98,23.2,36.3,Watch
16.24,55.02,41.15,0.086,17.57,28.7,26.1,Safe
13.49,62.55,38.16,0.77,18.64,20.7,30.1,Safe
51.54,68.44,48.43,0.049,25.61,23.7,43.0,Watch
32.98,69.89,26.91,0.335,24.44,26.4,21.4,Safe
26.01,61.72,33.65,0.412,22.52,21.0,26.5,Safe
33.02,86.87,45.94,0.375,30.18,25.1,62.5,Warning
51.21,63.62,36.55,0.133,2.06,17.5,24.8,Safe
46.68,51.57,27.39,0.729,15.24,28.3,24.5,Safe
41.58,74.71,26.27,0.514,17.93,26.0,21.4,Safe
44.57,69.86,42.59,0.25,13.97,21.0,34.0,Safe
37.7,66.85,20.38,0.324,12.42,25.5,12.6,Safe
39.53,61.28,47.43,0.292,7.7,26.9,34.2,Safe
38.32,68.15,20.55,1.026,16.13,19.1,18.5,Safe
35.0,77.95,38.93,0.794,23.36,21.2,44.4,Watch
46.3,66.61,38.14,0.094,22.64,27.0,34.0,Safe
40.42,53.24,37.35,0.107,13.49,23.2,25.0,Safe
21.79,37.37,34.23,1.395,19.32,24.3,27.8,Safe
42.93,68.08,45.57,0.094,26.15,23.2,40.0,Watch
38.71,57.11,39.78,1.074,8.88,25.7,31.9,Safe
44.17,64.2,43.46,0.367,17.05,24.5,34.9,Safe
33.44,58.53,23.47,0.018,19.72,23.3,13.6,Safe
47.18,57.95,21.5,0.143,18.06,16.7,16.7,Safe
34.08,58.88,20.86,0.226,23.1,24.9,14.2,Safe
45.86,59.6,24.42,0.627,9.01,25.2,14.5,Safe
28.15,71.21,40.01,0.139,11.97,19.3,29.3,Safe
29.19,69.59,34.82,0.13,22.09,19.5,26.4,Safe
44.03,55.34,42.57,0.885,7.79,24.6,32.1,Safe
30.02,56.43,25.75,0.029,22.87,23.6,16.8,Safe
68.09,68.03,31.01,0.281,20.7,17.1,33.2,Safe
43.5,73.42,46.65,0.246,22.45,20.5,43.5,Watch
35.37,73.3,48.07,0.021,15.18,23.9,46.6,Watch
47.3,56.98,47.65,0.032,21.06,25.0,41.6,Watch
27.79,72.91,44.55,0.168,10.97,21.2,36.3,Watch
48.85,50.79,40.65,0.05,15.51,22.6,31.8,Safe
48.43,63.38,47.41,0.228,18.22,20.4,38.7,Watch
53.8,68.9,41.43,0.329,12.61,27.0,37.8,Watch
28.39,48.37,48.62,0.411,19.31,23.5,31.7,Safe
16.66,81.74,20.74,0.277,11.13,21.0,16.2,Safe
25.85,75.61,47.65,0.167,19.61,19.5,48.7,Watch
30.78,70.18,36.67,0.049,28.45,19.2,27.0,Safe
60.01,57.28,23.35,0.1,10.46,28.4,19.2,Safe
67.93,64.46,26.45,0.19,17.86,22.5,20.4,Safe
40.17,71.32,45.56,0.902,8.29,21.8,40.1,Watch
35.14,56.02,35.18,0.079,13.0,22.4,23.7,Safe
29.75,63.56,49.48,0.187,22.21,21.1,41.5,Watch
47.37,72.28,23.53,0.461,15.42,22.7,18.0,Safe
67.83,53.04,32.38,0.428,22.45,23.1,30.3,Safe
61.79,67.66,29.96,1.179,20.14,23.0,28.8,Safe
52.07,50.96,35.48,0.074,17.61,19.2,26.6,Safe
51.85,57.45,39.0,0.01,11.82,25.7,31.6,Safe
47.48,60.96,39.85,0.136,22.11,21.3,39.7,Watch
34.29,69.11,20.04,0.057,19.82,21.0,11.7,Safe
23.95,59.39,22.67,0.278,8.83,20.9,7.8,Safe
34.69,66.0,21.05,0.802,12.21,19.8,12.4,Safe
41.34,59.5,45.94,0.408,1.39,23.8,35.8,Watch
13.2,60.76,29.4,0.051,9.81,25.7,19.9,Safe
32.71,75.01,31.01,0.043,16.12,20.8,24.1,Safe
22.61,55.8,33.51,0.848,11.66,17.5,23.1,Safe
50.21,71.07,45.48,0.234,13.01,19.9,41.1,Watch
26.75,64.99,20.42,0.9,26.34,21.7,13.8,Safe
39.92,60.4,23.56,0.466,24.17,19.3,21.1,Safe
24.5,55.26,40.55,1.755,13.83,21.2,36.6,Watch
58.97,55.83,48.92,0.717,22.76,21.3,49.3,Watch
9.49,59.09,39.28,0.187,25.29,23.0,27.3,Safe
42.14,63.8,27.83,0.497,21.71,18.6,24.3,Safe
15.84,69.83,35.6,0.223,19.79,24.7,27.5,Safe
27.36,62.6,49.25,0.093,24.59,28.0,41.3,Watch
38.09,63.13,35.84,0.097,22.62,27.3,31.0,Safe
38.83,64.33,31.21,0.177,10.72,21.2,22.7,Safe
38.44,68.81,31.5,0.041,16.87,25.0,19.2,Safe
37.28,70.16,49.01,0.069,14.69,24.7,40.0,Watch
25.37,53.9,41.57,0.243,24.91,22.9,28.9,Safe
32.54,62.74,40.62,1.077,14.52,23.5,37.0,Watch
35.47,74.82,26.96,0.302,13.49,25.0,17.8,Safe
37.93,54.47,36.78,0.184,24.16,25.7,30.3,Safe
34.01,65.59,30.7,0.097,19.56,20.6,27.7,Safe
45.94,63.63,27.21,0.076,30.67,25.2,23.4,Safe
36.4,60.47,46.87,0.376,12.83,28.0,37.1,Watch
38.02,77.73,31.49,0.66,14.89,25.6,29.1,Safe
29.26,65.29,28.48,0.178,24.73,27.6,19.9,Safe
19.21,77.09,47.95,0.28,10.33,15.2,43.0,Watch
37.31,65.05,25.92,0.429,25.92,24.8,17.2,Safe
53.11,68.68,42.37,0.021,10.76,23.8,33.9,Safe
41.66,60.38,39.58,0.151,21.66,26.1,34.0,Safe
22.74,60.47,47.61,0.458,6.94,19.6,33.3,Safe
47.22,68.27,44.96,0.404,18.27,21.5,41.0,Watch
29.97,68.42,41.16,0.019,9.78,25.7,31.7,Safe
45.72,69.78,29.44,0.095,29.56,19.8,26.4,Safe
29.47,68.01,34.87,0.399,11.57,23.7,21.0,Safe
40.3,54.31,48.33,0.111,13.03,22.9,33.7,Safe
27.22,58.55,20.7,0.589,21.21,22.4,12.5,Safe
27.6,71.8,43.83,0.01,14.39,24.7,32.1,Safe
11.51,49.33,27.55,0.074,22.2,19.7,17.3,Safe
42.68,67.34,25.55,0.116,13.73,20.7,16.1,Safe
40.55,64.1,26.97,0.908,13.27,22.6,25.5,Safe
41.4,71.8,21.79,0.557,17.83,19.4,15.1,Safe
39.13,68.33,49.76,0.754,10.7,26.7,45.3,Watch
23.57,59.69,46.1,0.203,20.38,20.6,34.8,Safe
49.49,59.33,35.63,0.605,23.26,25.4,32.6,Safe
49.89,60.82,41.45,0.672,21.32,20.4,39.5,Watch
23.18,69.64,36.7,0.179,21.86,25.1,30.9,Safe
42.98,46.58,44.35,1.819,6.45,18.2,36.3,Watch
48.12,66.26,45.34,0.667,15.23,27.2,45.0,Watch
27.95,57.94,26.98,1.279,16.64,26.4,21.6,Safe
30.56,66.53,33.79,0.705,26.73,21.3,27.5,Safe
43.01,67.76,39.05,0.524,14.51,20.5,31.7,Safe
12.35,51.7,49.35,1.008,4.19,24.4,34.5,Safe
18.67,63.19,40.48,0.191,11.98,18.4,31.4,Safe
20.15,66.24,46.93,0.535,14.03,23.1,34.6,Safe
8.06,65.7,45.38,0.084,5.06,20.6,31.0,Safe
51.27,64.02,37.46,0.462,23.81,22.2,30.4,Safe
5.18,55.23,46.81,0.539,8.58,21.1,28.5,Safe
40.15,56.45,31.32,0.441,20.68,20.6,25.1,Safe
47.18,53.98,31.38,0.664,11.45,28.1,25.2,Safe
30.6,69.43,43.43,0.187,27.04,25.3,42.5,Watch
24.97,64.08,24.04,0.275,16.34,18.6,16.4,Safe
38.49,64.59,29.17,0.01,15.13,20.4,17.0,Safe
35.03,51.36,38.26,0.055,21.17,25.6,29.8,Safe
50.05,64.73,32.6,0.362,11.96,25.9,22.2,Safe
0.0,70.07,48.22,0.289,21.45,18.8,37.4,Watch
21.22,50.27,48.76,0.077,15.11,25.1,36.5,Watch
43.42,60.72,35.08,0.098,14.43,23.8,27.9,Safe
35.76,52.44,36.17,0.148,17.47,17.2,25.5,Safe
46.28,61.64,41.74,0.441,11.46,21.8,33.6,Safe
38.93,57.79,33.72,0.329,16.85,22.6,22.2,Safe
32.98,68.05,25.7,0.025,20.04,23.1,17.7,Safe
30.47,66.35,42.41,0.499,4.15,19.0,33.6,Safe
69.88,75.33,42.13,0.107,24.55,20.7,54.3,Watch
58.02,64.57,27.35,0.39,22.9,21.1,21.7,Safe
42.43,67.71,44.99,0.046,6.87,21.4,37.9,Watch
36.18,60.54,38.41,2.162,5.94,21.4,35.8,Watch
43.07,56.18,27.09,0.029,23.05,22.6,17.5,Safe
47.4,71.68,39.56,0.474,22.59,23.9,39.1,Watch
41.28,74.95,27.01,0.273,21.74,28.3,23.4,Safe
23.73,70.65,27.96,0.031,9.44,25.6,17.7,Safe
61.77,66.05,45.44,0.01,28.97,27.0,45.5,Watch
38.69,57.21,47.88,0.158,13.47,21.6,39.4,Watch
65.21,74.13,27.71,0.567,19.44,20.0,26.7,Safe
37.81,69.64,47.84,0.015,19.51,25.4,41.2,Watch
31.32,81.2,27.16,0.427,27.56,23.0,27.3,Safe
55.76,55.76,23.52,0.373,18.75,25.2,16.6,Safe
39.52,71.9,21.75,0.108,20.5,20.4,12.0,Safe
37.0,69.39,27.26,0.028,17.54,24.9,18.0,Safe
16.99,62.26,31.56,0.864,10.82,22.5,20.2,Safe
44.9,75.91,47.83,0.125,4.09,21.6,44.2,Watch
27.6,68.22,27.26,0.041,18.2,21.9,16.0,Safe
28.28,57.5,30.96,0.4,9.53,24.5,19.2,Safe
27.64,64.05,42.02,0.085,20.1,25.3,33.4,Safe
41.59,57.41,29.06,0.226,18.89,21.9,17.6,Safe
11.97,61.25,40.53,0.018,18.75,24.0,31.0,Safe
31.84,70.63,32.96,1.736,11.68,24.0,31.2,Safe
49.7,72.91,25.89,0.208,24.22,25.2,20.7,Safe
16.31,66.77,42.02,2.458,20.85,26.0,37.9,Watch
37.59,59.0,20.81,0.171,10.91,28.4,14.9,Safe
25.53,68.05,28.77,0.15,30.41,21.6,21.2,Safe
28.94,70.79,30.69,0.861,16.74,27.4,22.1,Safe
59.83,49.22,33.75,0.14,9.99,23.4,21.3,Safe
10.24,65.93,40.4,0.198,13.45,19.7,29.7,Safe
46.48,63.48,33.78,0.028,8.95,21.0,23.4,Safe
27.83,72.63,37.83,1.089,26.16,24.4,38.0,Watch
27.09,68.09,37.87,0.031,24.48,25.2,30.3,Safe
18.33,68.87,31.2,0.516,22.44,20.0,25.5,Safe
46.31,61.14,48.02,0.271,21.31,20.7,45.7,Watch
32.13,65.01,48.68,0.022,25.49,21.4,44.5,Watch
30.23,72.55,37.46,0.01,16.55,20.4,32.0,Safe
36.65,64.48,22.15,0.96,20.54,17.4,17.7,Safe
32.45,66.4,34.73,0.474,13.13,16.3,22.7,Safe
4.99,52.71,25.53,0.406,17.08,21.9,10.3,Safe
27.64,64.45,34.5,0.202,20.7,23.8,24.3,Safe
48.43,48.9,25.65,0.095,0.0,25.0,15.4,Safe
12.4,60.87,41.12,0.399,14.28,18.9,27.7,Safe
18.65,65.51,22.41,0.328,18.99,19.0,14.2,Safe
28.6,71.14,48.6,0.454,17.53,21.4,44.3,Watch
24.12,57.01,25.86,0.159,15.29,23.0,15.4,Safe
34.58,67.99,39.82,1.518,21.53,26.0,32.9,Safe
18.6,76.75,47.51,0.024,13.75,25.2,41.9,Watch
29.18,59.87,27.44,0.029,10.67,21.9,20.4,Safe
34.28,52.62,48.03,0.871,25.1,24.1,43.8,Watch
44.73,67.32,31.66,0.365,24.26,20.5,20.0,Safe
53.67,55.46,48.82,0.138,14.41,23.2,42.2,Watch
31.08,58.45,49.14,0.502,17.59,22.8,45.6,Watch
63.32,72.39,25.64,0.211,23.08,27.2,22.4,Safe
32.24,80.02,44.93,0.01,18.26,24.5,47.1,Watch
47.43,56.99,25.8,0.369,21.18,20.7,14.3,Safe
63.97,59.1,26.79,0.097,20.85,20.7,20.0,Safe
37.09,61.48,22.52,0.043,16.08,22.0,9.3,Safe
14.4,60.62,24.7,0.089,21.1,18.3,11.1,Safe
36.36,80.47,38.97,0.226,12.21,22.3,35.3,Watch
25.83,60.76,33.48,0.018,20.37,22.6,27.6,Safe
30.88,61.9,43.73,0.751,17.56,24.4,38.8,Watch
64.77,77.93,29.96,0.287,15.84,24.8,34.2,Safe
16.66,69.61,49.06,0.121,10.52,23.3,33.8,Safe
39.51,72.89,21.5,0.407,18.79,18.1,16.0,Safe
21.83,57.75,21.89,0.571,18.23,19.3,10.9,Safe
30.39,60.76,41.04,0.333,12.96,21.2,28.7,Safe
46.17,56.68,46.63,0.079,8.42,25.0,37.5,Watch
39.77,71.41,43.87,0.041,8.13,24.9,35.7,Watch
31.62,74.8,34.69,0.688,16.48,22.3,30.0,Safe
25.25,60.2,28.09,0.094,19.84,30.1,14.9,Safe
39.74,62.09,20.4,0.01,29.1,27.7,13.6,Safe
60.62,62.44,35.28,0.36,17.73,26.7,31.6,Safe
21.48,52.62,34.27,0.058,8.25,25.1,18.1,Safe
63.67,59.61,30.33,1.648,16.76,24.4,29.3,Safe
52.99,71.19,37.34,0.713,25.51,24.2,32.9,Safe
55.54,58.0,41.86,0.328,13.9,17.6,30.2,Safe
39.63,65.74,41.03,0.628,24.71,19.8,42.8,Watch
52.57,54.54,27.9,0.223,19.05,22.3,20.8,Safe
19.87,63.85,37.56,0.544,21.88,23.4,28.6,Safe
24.98,60.49,24.46,0.364,29.15,22.6,19.2,Safe
46.49,55.23,23.65,0.01,6.98,23.8,10.9,Safe
39.44,71.32,43.58,1.04,23.38,16.7,43.6,Watch
32.77,71.77,40.81,0.69,17.43,24.5,38.6,Watch
0.0,57.24,43.04,1.073,12.3,23.2,26.5,Safe
28.47,63.27,24.57,0.46,17.4,22.4,15.2,Safe
17.39,65.35,47.44,0.186,28.15,25.8,37.1,Watch
42.4,50.48,23.99,0.081,26.01,19.9,17.7,Safe
32.13,53.82,46.1,0.069,6.0,22.3,32.2,Safe
25.58,75.29,30.57,0.055,13.38,23.9,27.7,Safe
74.64,56.48,23.16,0.087,23.66,20.4,19.9,Safe
50.57,75.07,28.6,0.28,17.87,17.0,26.2,Safe
50.84,54.24,25.44,0.403,17.89,19.5,19.2,Safe
68.03,70.27,34.72,0.132,8.59,22.8,30.4,Safe
47.03,62.51,48.49,0.279,13.53,22.3,44.2,Watch
23.44,63.63,29.84,0.146,9.85,22.9,22.0,Safe
21.68,79.85,38.36,0.417,8.08,21.0,32.7,Safe
49.47,54.97,46.75,1.562,10.45,19.1,38.1,Watch
4.11,69.76,38.9,0.409,12.43,23.4,24.0,Safe
33.83,69.43,30.87,0.021,13.43,22.5,22.7,Safe
2.43,91.84,49.73,0.227,12.95,24.9,55.2,Watch
36.48,56.38,25.62,0.515,24.12,20.8,17.2,Safe
47.81,59.99,35.7,0.273,12.56,16.9,26.8,Safe
39.19,71.53,43.9,1.056,26.56,15.2,42.7,Watch
49.07,63.4,20.02,0.02,15.1,21.8,11.7,Safe
64.47,61.3,41.06,0.12,20.64,23.4,36.1,Watch
32.85,72.66,27.99,0.087,20.83,22.3,24.6,Safe
77.11,62.87,25.09,0.511,12.61,21.3,24.2,Safe
38.19,57.87,28.23,0.26,16.03,18.2,21.0,Safe
49.24,70.81,49.0,0.052,14.98,17.3,45.2,Watch
25.83,68.0,46.76,0.118,20.23,24.1,42.1,Watch
59.29,62.5,26.41,0.259,17.23,22.3,20.5,Safe
50.63,62.12,23.51,1.944,13.51,21.9,22.8,Safe
57.07,57.68,30.92,0.159,18.71,18.4,19.7,Safe
35.82,70.8,37.77,0.06,20.04,20.1,31.6,Safe
16.17,62.12,46.01,0.241,29.1,23.1,35.3,Watch
41.91,58.84,48.98,0.13,18.41,23.9,41.1,Watch
9.54,54.72,42.53,0.292,18.06,22.5,29.4,Safe
29.96,68.14,37.97,0.22,20.57,27.1,28.4,Safe
37.87,60.93,24.27,0.409,12.3,21.3,17.0,Safe
70.66,48.9,22.22,0.86,7.65,26.9,19.1,Safe
39.78,55.37,37.88,0.078,16.13,23.7,25.8,Safe
37.09,63.13,36.17,0.602,24.43,23.3,31.5,Safe
34.05,63.36,45.38,1.043,25.4,25.8,40.2,Watch
14.87,63.05,29.68,0.164,6.72,21.1,13.8,Safe
36.29,61.94,21.19,0.042,22.0,22.0,13.7,Safe
36.54,53.19,32.71,0.604,4.89,19.3,23.3,Safe
20.47,58.0,49.08,0.423,20.76,25.8,35.8,Watch
17.2,74.47,43.87,0.084,20.4,24.0,40.9,Watch
27.78,73.29,21.01,0.206,7.66,26.3,10.7,Safe
35.97,69.62,46.24,0.302,24.0,23.6,43.3,Watch
28.14,68.92,34.15,0.065,28.46,26.3,26.1,Safe
19.24,72.24,30.94,0.439,17.63,20.8,22.0,Safe
39.34,56.03,30.4,0.41,18.85,26.0,26.1,Safe
43.08,65.26,37.85,0.764,26.87,21.8,39.4,Watch
36.82,56.04,35.92,0.293,11.24,23.0,21.2,Safe
26.56,56.18,39.7,0.299,11.39,25.2,26.2,Safe
43.92,67.94,37.21,0.338,12.96,30.0,41.7,Watch
32.14,72.57,24.32,0.112,18.22,25.5,15.3,Safe
17.16,63.45,27.72,0.497,18.21,25.7,19.6,Safe
50.54,78.19,45.23,0.38,14.68,21.4,53.1,Watch
40.3,66.69,39.9,0.64,16.2,23.5,36.6,Watch
33.21,58.79,33.45,0.512,14.76,22.7,17.5,Safe
11.43,56.31,25.48,0.356,15.05,27.2,14.9,Safe
23.83,73.15,20.23,0.061,13.39,22.6,15.5,Safe
65.28,66.03,29.36,0.88,13.44,27.0,26.4,Safe
12.37,70.41,21.65,0.16,5.99,19.1,8.0,Safe
31.23,43.74,34.47,1.166,16.66,27.2,22.9,Safe
34.75,66.96,44.65,0.18,6.27,20.4,33.7,Safe
39.81,60.91,28.56,0.055,22.5,25.6,22.1,Safe
12.54,53.85,45.43,0.757,14.64,20.4,39.8,Watch
37.61,64.5,41.14,0.555,17.28,24.9,34.3,Safe
9.71,73.73,23.76,0.54,15.76,20.1,16.6,Safe
36.46,83.13,39.34,0.033,16.54,26.1,37.1,Watch
25.21,66.94,24.55,0.74,25.58,25.5,14.7,Safe
22.01,59.33,39.64,0.318,9.89,21.2,25.8,Safe
47.52,58.84,24.28,0.222,8.26,24.7,16.2,Safe
31.47,72.71,31.78,0.855,18.72,25.8,26.7,Safe
42.11,57.03,37.0,0.384,15.02,20.2,28.7,Safe
42.6,69.98,21.51,0.05,20.16,19.9,13.6,Safe
54.05,67.35,24.6,0.257,22.3,19.8,19.1,Safe
16.88,66.46,29.61,0.354,11.36,19.4,18.1,Safe
48.79,52.46,33.87,0.801,21.62,19.8,25.2,Safe
35.25,62.14,45.75,0.115,11.87,25.8,32.1,Safe
29.33,53.33,25.62,0.553,18.45,24.7,20.2,Safe
17.76,60.29,30.42,0.563,10.58,17.9,17.3,Safe
44.1,72.34,34.27,0.048,18.79,21.5,27.4,Safe
21.17,74.85,28.87,0.01,17.87,19.5,22.6,Safe
42.77,66.71,38.77,0.305,11.38,25.6,30.4,Safe
63.92,60.44,27.7,0.545,9.85,21.7,23.8,Safe
49.7,77.7,43.17,0.283,22.5,18.4,46.5,Watch
55.87,60.33,35.15,0.587,15.28,23.5,33.8,Safe
24.21,55.91,22.59,0.341,24.07,24.8,14.6,Safe
46.44,70.57,38.81,0.371,14.74,20.1,33.5,Safe
17.84,68.66,37.08,0.01,25.81,22.2,28.1,Safe
31.5,60.66,30.16,0.032,12.31,20.3,21.1,Safe
61.12,65.8,20.33,0.452,26.84,26.7,17.3,Safe
25.88,68.54,26.02,0.504,19.05,21.7,10.6,Safe
51.67,66.63,32.17,0.273,20.4,20.8,25.8,Safe
50.23,68.67,26.0,0.312,11.98,22.8,19.8,Safe
51.12,60.95,37.32,0.334,22.38,22.4,30.1,Safe
15.99,69.21,41.37,0.039,22.58,25.1,31.0,Safe
42.88,65.14,45.68,0.386,16.05,26.6,39.2,Watch
32.65,61.23,39.41,0.228,5.2,26.7,31.3,Safe
51.33,63.03,40.67,0.323,11.32,21.9,35.3,Watch
10.17,64.22,38.25,0.29,11.32,23.9,26.0,Safe
40.52,53.44,49.56,0.504,20.7,27.5,40.4,Watch
38.4,59.91,27.83,0.134,15.21,27.6,16.8,Safe
5.15,65.52,27.99,0.164,15.33,20.4,18.2,Safe
21.72,54.19,23.79,0.174,14.6,24.8,14.3,Safe
7.55,60.04,34.57,0.503,26.82,24.3,21.6,Safe
24.1,84.08,22.88,0.197,18.27,25.8,23.3,Safe
43.24,55.97,28.1,0.068,19.19,26.7,17.0,Safe
37.93,61.93,34.48,1.427,14.28,19.9,30.9,Safe
37.54,58.33,48.73,0.238,17.82,20.9,47.8,Watch
19.4,64.07,48.91,0.04,12.15,25.7,35.3,Watch
51.81,58.48,42.31,0.388,20.06,23.4,38.0,Watch
34.72,63.05,31.68,0.47,11.12,16.3,21.3,Safe
35.51,59.25,45.95,0.243,22.47,18.0,39.7,Watch
49.11,73.44,46.26,0.364,13.59,25.0,46.6,Watch
20.13,65.65,47.31,0.066,23.69,25.5,38.6,Watch
38.43,56.98,39.2,0.161,29.44,19.0,32.5,Safe
41.35,71.73,26.05,0.062,18.01,26.3,21.4,Safe
26.82,57.33,22.73,0.171,25.87,22.4,11.0,Safe
44.79,52.49,47.44,0.29,22.51,19.9,41.5,Watch
42.16,64.98,21.67,0.205,9.4,21.3,11.2,Safe
33.48,80.26,28.88,0.315,18.67,19.3,26.7,Safe
33.02,50.38,34.61,0.244,21.01,21.2,22.4,Safe
42.85,54.35,20.66,0.134,21.59,17.4,9.0,Safe
46.83,71.02,47.21,0.054,19.07,22.8,38.3,Watch
35.94,59.86,28.61,0.102,18.99,24.8,18.4,Safe
51.8,69.9,20.86,0.078,18.03,19.0,14.7,Safe
44.88,58.3,49.81,0.43,18.8,23.1,46.8,Watch
8.17,66.14,29.34,0.6,10.66,20.6,15.0,Safe
13.93,78.96,46.3,0.446,16.58,25.0,46.7,Watch
52.73,55.44,33.6,0.361,9.28,16.1,26.2,Safe
31.3,73.19,39.89,0.129,15.01,25.1,33.0,Safe
37.46,70.44,27.23,0.434,14.46,17.5,20.8,Safe
52.09,53.09,35.09,0.325,14.07,22.4,21.4,Safe
34.9,69.47,27.73,0.017,11.69,20.9,17.9,Safe
35.56,65.58,48.53,0.834,19.62,21.9,44.9,Watch
21.97,65.73,21.83,0.029,16.09,18.4,13.3,Safe
40.55,67.69,28.24,0.245,15.48,28.0,24.0,Safe
43.8,62.2,46.79,0.252,9.55,19.1,37.7,Watch
26.33,65.56,34.4,0.635,16.21,19.4,25.6,Safe
21.17,66.93,38.0,0.855,24.87,28.4,33.0,Safe
74.39,70.97,39.55,0.983,24.96,24.0,44.2,Watch
33.61,52.78,22.13,0.295,20.24,19.2,14.5,Safe
24.74,75.33,20.53,0.398,16.23,22.6,17.1,Safe
45.6,55.76,48.14,0.032,21.35,22.3,41.2,Watch
34.24,71.09,28.15,0.234,14.0,17.9,21.2,Safe
18.71,65.64,31.41,0.798,16.2,20.7,22.6,Safe
42.25,54.75,40.46,0.213,13.54,22.9,27.1,Safe
22.2,69.23,27.09,0.025,23.45,26.8,15.4,Safe
58.65,57.44,41.99,0.078,22.68,22.4,31.8,Safe
42.42,73.55,33.75,0.196,17.79,22.7,31.9,Safe
30.85,59.31,45.7,0.095,28.39,20.6,42.6,Watch
36.64,53.04,28.36,0.174,20.48,26.3,21.6,Safe
48.55,77.27,26.11,0.142,20.14,25.7,23.4,Safe
37.79,66.45,44.95,0.134,19.49,25.4,41.2,Watch
66.83,71.94,29.79,0.033,10.43,23.3,26.0,Safe
52.04,58.19,32.36,0.75,12.63,18.2,22.5,Safe
42.31,49.87,43.81,0.413,17.67,26.3,33.2,Safe
20.95,78.4,39.07,0.342,17.72,23.2,39.1,Watch
32.8,64.95,33.25,0.326,21.54,22.1,24.8,Safe
42.18,68.93,27.5,0.177,13.99,24.3,17.8,Safe
22.66,70.25,42.93,0.607,18.42,23.7,38.2,Watch
54.4,62.32,25.41,0.931,18.53,19.8,19.5,Safe
20.39,66.81,47.85,0.01,18.77,22.0,44.4,Watch
25.44,77.75,24.51,0.029,18.1,17.3,23.3,Safe
26.57,64.74,44.15,0.393,9.58,23.3,33.0,Safe
46.16,72.54,32.73,0.094,4.43,27.0,26.9,Safe
22.93,49.07,25.58,0.849,12.35,17.6,16.1,Safe
8.0,73.99,32.07,0.385,14.81,23.4,20.9,Safe
51.32,52.82,26.65,0.161,10.93,25.0,22.1,Safe
28.33,73.08,24.08,0.188,17.67,25.4,17.0,Safe
18.97,68.13,27.17,0.411,24.54,20.8,17.3,Safe
23.68,64.23,46.02,0.053,22.36,19.7,38.7,Watch
60.75,64.2,23.18,0.752,20.8,21.2,24.0,Safe
25.14,62.98,49.18,0.01,23.91,26.6,41.4,Watch
33.15,58.43,20.15,1.351,12.45,17.9,15.5,Safe
28.3,63.35,39.75,0.064,15.26,19.4,28.7,Safe
16.51,82.66,45.7,0.474,21.69,21.6,50.6,Watch
23.86,75.42,48.02,0.014,15.15,20.1,43.7,Watch
15.48,58.03,24.32,0.198,15.48,22.9,11.2,Safe
49.34,67.14,40.95,0.348,29.17,27.2,38.8,Watch
36.51,65.77,23.22,0.025,18.57,19.4,15.1,Safe
72.24,63.86,30.58,0.205,28.58,22.6,31.1,Safe
24.37,56.98,41.96,0.126,7.06,23.0,27.3,Safe
22.12,68.57,30.38,0.241,14.21,22.0,22.6,Safe
58.01,71.77,29.4,0.246,20.45,18.3,24.0,Safe
50.87,58.33,23.48,0.538,18.56,21.1,18.8,Safe
40.77,80.64,21.99,0.046,5.67,21.1,19.9,Safe
18.29,77.18,23.46,0.03,16.62,24.9,17.0,Safe
61.17,69.39,46.26,0.18,32.84,24.3,50.6,Watch
33.92,55.15,20.34,0.765,19.48,18.3,12.3,Safe
28.54,68.21,40.79,0.677,21.63,21.8,37.0,Watch
52.14,67.26,43.06,0.287,14.14,21.5,31.2,Safe
34.67,69.11,37.04,0.769,19.46,28.9,32.2,Safe
17.51,77.72,41.92,0.573,17.93,23.9,43.0,Watch
35.6,63.59,39.57,0.114,24.71,19.8,28.9,Safe
23.28,81.38,33.67,0.065,24.52,20.7,31.5,Safe
0.0,68.25,31.48,0.125,20.45,21.9,23.3,Safe
21.77,62.68,48.24,0.09,18.43,24.1,40.3,Watch
27.08,84.2,49.16,0.341,7.93,24.5,58.4,Watch
17.67,71.64,39.54,0.308,7.72,23.6,28.3,Safe
43.63,61.36,25.92,0.319,18.49,22.4,18.3,Safe
23.34,65.67,33.44,0.073,23.25,22.6,24.5,Safe
42.18,70.08,34.9,0.549,25.99,22.6,29.4,Safe
16.5,63.79,42.74,0.199,12.66,17.7,29.9,Safe
48.64,66.07,40.03,0.224,8.94,22.8,29.1,Safe
15.85,58.46,35.44,2.029,23.6,21.3,34.6,Safe
0.0,51.52,40.41,0.116,13.11,18.0,24.9,Safe
53.56,65.85,20.72,0.175,8.54,30.3,14.1,Safe
22.16,66.12,43.3,0.395,15.04,23.9,32.1,Safe
61.35,69.22,26.35,0.743,14.93,23.0,23.7,Safe
43.47,60.39,39.69,0.047,25.92,21.9,34.5,Safe
46.85,54.28,23.42,0.465,23.19,25.2,14.3,Safe
50.68,57.28,23.43,0.877,13.58,19.5,17.9,Safe
36.69,73.45,21.07,0.192,26.39,22.1,16.6,Safe
36.86,59.67,47.31,0.118,18.75,20.1,41.0,Watch
54.22,61.46,38.14,0.396,24.37,25.2,39.0,Watch
36.67,62.5,30.86,0.099,25.96,20.5,24.2,Safe
24.08,60.05,43.63,0.17,16.42,26.3,29.7,Safe
43.79,59.45,38.78,0.795,21.43,22.7,31.7,Safe
3.3,58.03,38.6,0.312,15.56,25.3,27.7,Safe
54.79,76.21,34.61,0.035,23.58,24.2,39.7,Watch
55.11,70.44,20.24,0.14,18.54,26.2,14.1,Safe
52.97,74.98,27.75,0.345,23.76,20.2,25.1,Safe
52.4,76.59,23.27,0.23,27.15,25.7,22.4,Safe
33.74,46.2,39.87,0.378,21.28,17.4,29.1,Safe
33.4,67.75,27.46,0.502,17.44,23.1,16.6,Safe
16.56,60.31,33.5,0.229,17.54,21.4,23.5,Safe
61.22,73.93,30.6,1.519,0.26,18.8,32.6,Safe
27.72,59.07,24.3,0.861,13.72,20.3,16.9,Safe
40.1,56.57,48.75,0.022,23.6,21.1,41.5,Watch
38.81,53.53,48.0,0.108,23.82,22.4,39.7,Watch
14.89,62.58,22.54,0.125,13.59,21.4,12.9,Safe
8.83,72.32,44.82,0.071,18.99,23.2,37.3,Watch
35.08,67.05,34.65,0.131,16.86,20.5,27.7,Safe
28.19,55.38,43.21,0.194,22.14,21.6,29.1,Safe
33.66,82.22,24.53,0.019,31.25,22.1,27.5,Safe
50.98,70.2,23.97,0.048,22.25,23.5,19.8,Safe
38.37,71.22,46.72,0.035,13.98,25.5,39.5,Watch
46.38,75.28,46.93,0.017,17.53,25.6,48.3,Watch
41.68,51.88,33.98,0.23,26.41,23.7,25.4,Safe
30.25,57.71,46.1,0.142,9.55,24.3,35.8,Watch
19.97,71.58,40.02,0.959,14.31,23.9,28.1,Safe
38.97,58.51,25.55,0.038,22.26,22.1,18.2,Safe
36.26,62.8,29.87,0.911,25.77,25.7,26.3,Safe
48.73,64.38,24.08,0.032,21.65,20.3,17.5,Safe
32.74,54.78,43.22,0.338,14.36,16.9,29.8,Safe
30.54,62.11,49.56,0.1,21.22,19.9,37.9,Watch
31.56,72.32,36.39,0.614,20.49,27.2,36.9,Watch
21.22,70.84,39.68,0.022,20.1,22.1,31.1,Safe
56.7,73.9,42.38,1.067,17.42,23.8,48.6,Watch
52.09,73.08,26.73,0.017,18.32,22.2,22.6,Safe
16.8,68.25,30.08,0.097,12.56,24.7,19.1,Safe
47.06,67.61,32.37,0.218,32.88,23.2,29.7,Safe
7.32,67.03,37.84,0.494,18.94,22.8,30.3,Safe
49.78,59.98,45.51,1.056,21.29,24.8,47.3,Watch
24.55,56.76,27.63,0.196,16.69,21.6,18.2,Safe
40.4,59.48,34.13,0.496,23.07,24.1,30.7,Safe
6.06,62.39,42.55,0.455,10.21,22.5,31.2,Safe
17.02,59.75,22.62,0.296,7.53,22.7,12.2,Safe
42.03,68.31,35.39,0.411,17.82,20.5,28.0,Safe
24.49,66.62,24.33,0.014,30.32,22.4,17.7,Safe
22.4,67.47,36.17,0.204,25.25,21.4,26.7,Safe
55.94,67.81,43.03,0.539,13.15,26.4,38.7,Watch
68.16,74.57,27.11,0.225,21.1,17.9,24.9,Safe
49.06,64.93,45.48,0.724,14.18,25.7,41.6,Watch
18.62,73.07,30.04,0.628,20.56,17.8,26.4,Safe
61.45,69.13,25.72,0.697,21.03,24.6,21.3,Safe
11.58,74.04,33.96,0.049,23.56,20.5,19.5,Safe
30.43,77.92,46.28,0.098,8.61,24.7,48.0,Watch
35.82,69.61,22.07,0.011,10.41,22.6,12.9,Safe
63.86,65.83,29.83,1.422,17.55,18.7,29.9,Safe
48.69,65.78,39.59,0.094,11.81,27.1,30.1,Safe
28.04,61.24,30.73,0.16,11.34,25.3,15.0,Safe
20.83,60.97,22.12,0.113,19.63,24.5,10.4,Safe
50.03,72.22,29.96,0.014,12.5,21.1,23.9,Safe
27.0,57.29,44.63,0.106,31.55,25.4,37.5,Watch
38.25,77.92,49.04,0.036,14.8,19.2,51.0,Watch
14.45,63.79,21.19,0.175,16.38,16.3,6.9,Safe
43.54,87.9,37.08,1.192,19.79,18.3,51.5,Watch
42.33,59.46,23.16,0.419,8.95,20.2,14.4,Safe
16.38,67.0,40.41,0.43,21.05,20.7,37.7,Watch
50.47,62.19,20.24,0.211,20.05,21.7,14.5,Safe
43.32,58.66,20.44,0.584,15.9,21.8,17.6,Safe
46.1,73.51,43.31,0.836,19.64,21.1,40.9,Watch
29.32,56.16,22.23,1.14,20.57,16.7,12.8,Safe
37.68,59.59,29.16,0.036,26.61,23.6,20.9,Safe
35.95,69.69,48.74,0.741,33.0,22.2,52.2,Watch
32.78,70.96,49.56,0.089,11.63,20.9,43.1,Watch
37.56,53.86,24.84,0.177,10.22,27.2,15.3,Safe
53.85,69.65,36.83,0.148,18.62,22.3,37.9,Watch
51.12,66.03,36.77,0.394,5.53,23.2,29.9,Safe
17.27,57.66,33.57,0.319,21.9,25.4,22.5,Safe
49.78,58.69,47.74,0.04,18.68,18.5,41.3,Watch
52.87,48.73,42.62,0.534,20.2,22.9,34.6,Safe
32.73,78.74,42.94,0.203,16.18,25.4,44.6,Watch
42.63,73.12,28.09,0.01,19.53,22.7,23.8,Safe
42.41,54.69,33.03,0.187,20.83,19.1,28.2,Safe
22.25,71.39,34.62,0.254,19.2,21.6,25.6,Safe
29.27,60.41,28.97,0.025,9.93,23.6,17.2,Safe
46.26,72.32,22.84,0.057,19.03,16.7,14.4,Safe
27.56,61.03,23.79,1.766,29.12,18.9,24.7,Safe
49.63,62.09,25.42,0.717,19.45,28.9,21.3,Safe
54.57,62.69,26.11,0.05,18.82,24.5,17.1,Safe
52.16,59.74,27.27,0.304,27.36,27.5,11.6,Safe
64.7,76.19,27.66,0.167,13.53,25.6,23.2,Safe
33.64,72.19,33.67,0.275,23.34,24.2,26.4,Safe
37.66,65.88,35.29,0.223,14.82,22.1,25.8,Safe
39.81,73.2,29.27,0.017,24.52,24.1,19.8,Safe
34.09,51.98,47.22,0.133,22.79,27.3,35.6,Watch
43.13,55.17,36.59,0.047,15.53,25.5,30.0,Safe
9.33,68.8,43.62,0.235,16.4,23.5,30.4,Safe
38.07,70.88,47.73,0.832,23.87,22.5,42.9,Watch
14.34,67.24,24.89,1.894,6.87,24.5,16.6,Safe
20.56,49.94,32.84,1.01,15.35,21.4,20.2,Safe
45.99,56.5,33.0,1.487,21.72,24.5,30.4,Safe
32.01,68.33,30.63,0.01,16.15,20.9,22.3,Safe
45.46,84.41,20.27,0.458,18.81,21.9,16.5,Safe
31.69,74.74,44.48,0.112,5.75,19.9,35.5,Watch
51.6,77.62,23.35,0.702,12.87,21.7,25.9,Safe
31.41,67.72,49.86,0.588,22.08,20.9,48.8,Watch
5.68,67.66,43.19,0.193,13.49,28.1,31.5,Safe
38.38,56.73,37.4,0.224,10.19,20.3,27.6,Safe
2.47,72.61,24.64,0.108,24.37,24.2,14.2,Safe
13.21,64.41,35.46,0.119,21.09,20.2,28.3,Safe
21.76,70.54,27.83,1.39,11.47,23.1,23.1,Safe
19.88,65.25,27.57,0.769,18.83,23.9,18.0,Safe
26.82,67.23,44.89,0.075,11.66,17.4,34.0,Safe
19.37,64.3,31.42,0.113,17.09,18.8,19.0,Safe
13.91,66.8,33.52,0.04,19.06,20.1,22.3,Safe
58.13,73.0,45.29,1.574,13.15,19.1,51.2,Watch
24.83,54.87,22.63,0.832,22.45,23.3,15.1,Safe
1.54,53.06,37.84,0.281,23.38,23.7,22.5,Safe
29.59,68.41,37.35,0.413,19.58,19.8,33.0,Safe
18.13,76.52,32.76,0.482,20.48,23.4,33.2,Safe
21.73,78.54,44.89,0.08,9.28,21.7,39.9,Watch
45.66,55.2,48.29,0.955,26.17,22.7,50.7,Watch
28.28,61.78,33.96,0.262,17.45,21.1,26.9,Safe
17.71,53.17,33.68,0.034,12.39,24.5,18.3,Safe
41.69,60.6,35.06,0.177,18.88,27.9,30.2,Safe
52.25,73.98,41.69,0.322,22.47,25.3,37.4,Watch
43.05,64.9,40.04,0.152,21.07,27.2,33.0,Safe
0.0,62.01,26.69,0.42,11.49,18.8,11.5,Safe
18.28,69.36,21.92,0.748,22.55,21.0,13.2,Safe
35.71,58.64,48.48,0.517,17.64,24.7,43.6,Watch
31.34,77.74,27.83,0.36,21.01,27.5,25.6,Safe
30.09,65.06,39.16,0.251,13.19,25.0,26.8,Safe
20.26,61.79,44.85,0.103,24.28,19.9,34.4,Safe
13.92,69.69,29.01,0.212,19.1,21.7,17.6,Safe
65.12,72.51,39.06,0.121,25.13,24.0,39.3,Watch
35.41,77.77,23.24,0.951,8.79,22.5,27.0,Safe
44.63,63.32,49.1,0.832,9.59,20.6,44.0,Watch
35.09,73.69,21.74,0.059,16.56,22.1,14.5,Safe
35.7,65.81,33.15,0.605,26.81,23.0,32.4,Safe
34.07,60.11,36.1,0.425,29.78,19.7,29.4,Safe
18.19,58.79,43.71,1.294,12.67,26.0,37.7,Watch
12.28,56.22,23.63,0.218,18.32,21.7,11.6,Safe
40.79,59.07,33.22,0.448,18.93,22.8,25.0,Safe
37.82,73.93,28.99,0.255,22.31,26.1,22.3,Safe
49.07,70.65,29.36,0.025,23.31,22.6,23.3,Safe
46.03,55.07,43.36,0.017,11.31,25.9,32.7,Safe
22.87,51.03,20.16,0.046,18.39,19.9,10.5,Safe
51.99,56.1,42.47,0.123,5.95,24.3,31.2,Safe
46.48,58.79,44.31,0.105,22.86,25.5,39.0,Watch
45.36,62.57,47.04,0.456,15.97,20.5,37.8,Watch
68.74,74.38,38.81,0.44,10.77,22.5,38.8,Watch
65.66,60.62,30.0,1.244,20.0,22.5,31.9,Safe
45.35,78.44,32.82,0.13,15.78,23.6,32.2,Safe
43.48,51.56,49.09,0.976,25.57,24.4,48.3,Watch
51.22,62.21,46.44,0.332,12.64,20.3,38.5,Watch
26.24,71.28,33.91,0.239,31.34,22.8,32.4,Safe
26.45,71.78,48.29,0.386,23.13,27.8,44.5,Watch
45.1,62.31,44.69,0.425,25.73,26.2,37.9,Watch
22.15,73.01,47.03,0.066,11.83,25.4,40.1,Watch
43.89,71.5,40.49,0.488,28.73,22.4,41.3,Watch
37.35,59.54,45.73,0.452,10.72,29.4,45.2,Watch
22.16,67.52,46.75,2.102,16.74,26.1,48.8,Watch
35.39,70.63,22.76,0.85,25.83,23.1,22.3,Safe
54.58,60.12,48.96,0.404,21.04,23.7,48.1,Watch
36.24,78.55,30.01,0.436,10.57,21.6,29.2,Safe
36.3,58.32,33.2,1.021,24.81,24.2,26.0,Safe
39.93,66.15,43.76,1.196,20.04,24.8,41.3,Watch
41.89,55.0,39.95,0.614,15.5,25.1,39.7,Watch
30.04,65.83,46.79,0.51,8.75,22.5,32.9,Safe
40.25,56.46,32.02,0.041,20.61,18.6,23.8,Safe
19.26,62.65,31.2,0.621,17.02,23.7,22.0,Safe
23.01,52.31,20.95,0.102,18.94,25.1,12.8,Safe
24.93,71.4,33.88,0.29,8.49,20.1,24.2,Safe
42.05,67.85,41.72,0.182,15.49,22.7,38.2,Watch
37.4,73.7,29.04,0.148,20.88,27.0,22.5,Safe
32.98,62.22,33.88,0.13,29.26,19.4,29.1,Safe
45.36,74.07,26.58,0.677,16.77,22.1,23.0,Safe
40.68,65.31,43.18,0.513,26.66,27.5,39.9,Watch
30.65,65.91,21.82,0.259,22.72,23.5,13.3,Safe
19.47,81.91,41.16,0.382,19.4,21.4,45.7,Watch
22.7,61.12,31.37,1.459,11.93,23.0,25.9,Safe
13.0,74.82,21.25,0.177,12.18,25.5,14.1,Safe
37.11,68.84,45.6,0.28,21.71,22.4,44.4,Watch
22.07,60.42,34.63,0.267,14.84,24.8,22.3,Safe
27.57,54.47,37.98,0.962,14.31,23.7,28.2,Safe
33.09,56.74,41.96,0.152,16.92,24.0,31.1,Safe
50.66,74.05,39.65,1.5,17.02,25.0,43.6,Watch
48.93,78.88,41.93,0.127,23.4,22.1,47.2,Watch
34.18,65.73,42.87,0.04,14.97,20.2,34.4,Safe
53.98,66.15,37.67,0.074,22.81,24.4,30.7,Safe
4.81,71.21,30.97,0.194,20.64,22.6,22.7,Safe
63.16,65.59,27.29,0.367,7.96,21.7,22.9,Safe
45.39,73.8,47.09,0.255,19.77,24.6,46.5,Watch
36.54,67.33,49.1,0.165,1.99,26.8,38.2,Watch
21.63,66.08,30.73,0.289,12.63,22.5,23.0,Safe
28.43,59.41,23.37,0.639,20.78,23.0,16.0,Safe
44.14,57.44,26.68,0.639,17.94,19.5,23.5,Safe
44.48,39.73,40.12,0.453,7.39,22.3,28.8,Safe
45.03,74.87,25.19,1.066,11.29,23.7,18.1,Safe
24.07,63.83,43.4,0.312,2.35,22.9,29.4,Safe
21.05,61.8,47.69,0.01,9.94,21.9,34.9,Safe
37.93,49.39,48.91,0.12,21.47,25.2,38.1,Watch
46.55,59.88,20.28,0.139,14.66,23.2,14.8,Safe
35.05,58.83,48.74,0.277,19.02,30.8,40.3,Watch
57.22,58.64,42.21,0.823,18.08,23.6,41.5,Watch
35.5,67.66,22.52,0.637,18.2,14.8,16.2,Safe
34.99,65.98,32.46,0.092,24.14,19.7,20.2,Safe
45.06,54.11,41.0,0.256,16.78,24.6,32.9,Safe
53.29,54.62,48.7,0.377,23.46,21.1,44.6,Watch
14.76,54.6,24.92,1.534,3.14,21.3,19.3,Safe
18.23,79.48,23.83,0.011,24.67,19.3,17.2,Safe
30.3,76.94,34.17,0.218,10.26,21.6,32.1,Safe
82.38,58.18,49.04,1.551,11.56,23.6,56.0,Watch
31.08,49.19,49.14,1.323,13.77,24.2,39.3,Watch
33.17,66.02,26.84,0.141,24.5,19.9,22.6,Safe
44.28,65.38,29.58,0.01,12.66,25.4,19.6,Safe
49.65,67.54,47.24,0.309,14.06,19.4,46.2,Watch
37.55,70.93,42.05,0.706,12.23,24.3,43.0,Watch
52.47,68.61,49.17,0.137,19.53,24.0,49.6,Watch
17.09,56.07,46.79,0.953,22.46,20.2,40.1,Watch
23.51,67.35,26.45,0.142,28.23,19.8,17.6,Safe
52.44,71.83,42.79,0.33,32.4,24.1,49.1,Watch
35.16,59.21,21.46,0.448,21.9,21.3,16.6,Safe
16.06,67.4,44.53,0.148,20.19,22.4,33.8,Safe
15.16,60.58,38.05,0.152,10.7,25.1,28.2,Safe
22.84,80.97,48.68,0.222,29.46,24.4,56.1,Watch
35.03,54.39,48.8,0.631,19.29,20.3,43.3,Watch
42.01,74.25,21.52,0.037,16.27,22.8,13.1,Safe
30.06,51.63,24.82,0.349,20.33,20.2,13.2,Safe
40.77,79.34,34.53,0.396,14.18,25.6,32.2,Safe
28.44,55.87,46.38,0.286,3.97,27.6,30.9,Safe
53.36,66.52,44.43,0.961,21.43,20.5,46.2,Watch
73.28,51.97,48.93,0.322,26.05,22.9,49.2,Watch
29.11,54.2,38.54,0.352,21.34,25.8,27.2,Safe
42.2,72.18,27.7,0.32,17.96,23.1,19.1,Safe
40.98,73.23,20.75,0.448,18.08,24.7,18.2,Safe
37.08,66.91,26.69,0.051,19.03,23.2,18.1,Safe
44.8,70.93,40.26,0.786,18.85,19.8,32.9,Safe
42.18,73.36,47.79,0.015,17.64,23.4,43.5,Watch
27.93,59.53,29.63,0.358,18.15,26.4,19.4,Safe
54.75,53.81,46.27,0.335,27.33,23.9,44.4,Watch
38.02,64.89,31.85,0.082,20.83,27.9,22.6,Safe
29.23,60.38,29.25,0.015,18.63,17.7,22.3,Safe
71.65,68.11,35.27,0.052,21.96,24.1,32.4,Safe
33.26,69.38,33.27,0.111,21.96,21.1,25.5,Safe
38.82,59.55,47.41,0.748,23.68,20.4,43.2,Watch
37.63,70.63,34.05,0.678,13.46,27.0,29.1,Safe
33.05,70.23,28.32,0.023,15.12,22.2,20.3,Safe
41.73,70.79,45.28,0.12,13.12,21.9,37.9,Watch
22.33,61.74,49.96,0.77,22.6,24.0,43.9,Watch
43.95,71.24,39.45,0.095,22.31,16.5,34.3,Safe
8.62,69.16,27.51,1.929,10.36,27.1,23.9,Safe
15.53,70.12,27.16,0.104,20.35,28.7,14.4,Safe
62.39,78.42,21.73,0.47,26.23,25.7,21.7,Safe
16.16,67.62,22.32,0.189,16.59,24.2,12.2,Safe
5.6,60.14,47.45,0.051,19.88,22.4,37.4,Watch
16.53,56.12,22.89,0.103,22.38,19.8,15.5,Safe
61.1,74.02,34.53,0.394,10.08,26.6,31.2,Safe
8.12,67.86,40.94,0.144,18.91,25.7,27.2,Safe
20.66,78.36,45.51,0.324,25.63,24.4,48.6,Watch
13.13,48.76,25.14,0.081,14.44,24.0,16.8,Safe
30.89,72.29,33.13,0.208,22.99,23.9,26.2,Safe
28.46,62.91,27.54,0.251,18.16,21.4,18.8,Safe
27.79,62.17,27.67,0.186,13.95,30.5,18.0,Safe
62.84,58.88,29.12,0.077,17.42,22.1,20.2,Safe
17.01,72.2,37.61,0.217,14.84,21.7,25.6,Safe
33.47,69.91,20.5,0.413,12.67,26.4,11.0,Safe
40.08,55.86,32.26,1.172,16.47,22.9,25.8,Safe
20.3,66.32,25.6,0.545,18.41,22.9,18.6,Safe
42.3,70.65,49.01,0.062,17.0,27.2,44.8,Watch
29.0,66.42,37.48,0.111,16.41,25.0,29.5,Safe
40.61,73.86,46.04,0.029,19.36,25.2,47.2,Watch
33.38,62.68,25.87,0.051,21.19,18.7,23.6,Safe
4.24,46.97,44.3,0.101,11.14,24.2,25.5,Safe
54.59,66.49,32.44,0.078,16.49,20.0,28.3,Safe
66.06,66.45,25.33,0.084,6.16,21.6,19.4,Safe
32.35,67.49,42.84,0.092,17.03,23.5,37.5,Watch
21.53,73.86,42.86,0.125,18.9,22.9,37.6,Watch
57.59,49.38,49.88,0.047,21.42,25.0,43.3,Watch
63.36,63.09,43.43,0.114,18.92,25.3,45.4,Watch
32.47,57.62,24.36,0.408,21.29,25.5,20.2,Safe
31.72,55.34,29.68,0.094,18.39,19.0,21.8,Safe
33.8,64.42,33.55,0.066,13.95,30.1,29.4,Safe
9.88,70.61,23.8,0.025,11.3,22.9,13.4,Safe
30.63,67.41,43.64,0.243,16.42,26.6,36.3,Watch
60.72,59.5,35.8,0.646,13.4,15.5,32.9,Safe
32.47,63.84,48.33,0.021,17.28,22.2,40.6,Watch
19.4,72.44,37.68,0.274,15.05,18.6,29.3,Safe
42.45,70.47,35.69,0.368,20.51,20.4,30.8,Safe
24.99,60.58,22.14,0.314,18.29,23.2,12.9,Safe
34.0,60.06,24.48,0.735,20.68,22.0,22.8,Safe
15.97,51.27,45.49,0.705,20.65,26.9,34.9,Safe
19.45,61.56,49.72,0.021,16.92,28.3,37.5,Watch
46.06,51.11,32.46,0.157,17.29,20.1,23.9,Safe
36.74,81.54,44.3,0.389,21.01,21.5,47.5,Watch
23.36,58.16,38.83,1.066,32.68,19.9,37.7,Watch
36.79,73.87,48.77,0.572,12.07,26.5,44.4,Watch
25.89,79.54,27.14,0.068,18.25,23.5,22.6,Safe
23.24,66.73,36.35,0.115,10.83,23.1,24.2,Safe
52.46,64.2,32.26,0.505,17.87,23.9,23.5,Safe
46.74,54.42,36.25,0.223,13.96,22.1,32.0,Safe
34.68,60.96,28.07,0.277,17.28,20.4,20.2,Safe
37.17,77.83,34.93,0.329,18.93,23.2,39.5,Watch
34.87,67.81,38.74,0.038,15.06,22.2,29.7,Safe
42.31,65.23,22.44,0.678,7.3,24.0,16.7,Safe
23.01,75.5,42.29,0.696,26.55,18.1,47.0,Watch
47.94,70.57,41.2,0.221,23.04,23.6,39.8,Watch
40.3,63.82,46.41,0.345,17.22,20.9,39.7,Watch
31.05,66.73,32.78,0.377,12.63,23.5,19.8,Safe
27.68,58.86,21.85,0.074,18.51,25.7,18.2,Safe
47.62,60.51,33.84,0.042,20.17,21.3,24.9,Safe
32.74,63.35,24.13,0.01,22.62,26.6,22.2,Safe
24.52,69.46,39.42,0.854,23.17,17.8,33.6,Safe
29.23,55.02,21.41,0.148,24.3,27.6,16.4,Safe
46.54,65.61,31.22,0.031,7.55,26.7,23.4,Safe
10.84,61.88,22.49,0.219,16.17,20.3,13.8,Safe
29.67,57.79,20.1,0.028,23.96,20.4,10.0,Safe
51.06,61.92,48.82,0.031,12.46,18.5,41.4,Watch
32.48,46.43,49.88,0.235,25.32,25.8,40.2,Watch
39.09,58.94,36.67,0.249,28.86,22.0,31.6,Safe
51.3,56.2,27.17,0.304,25.15,21.8,20.8,Safe
48.38,62.76,47.33,0.374,21.97,19.6,43.5,Watch
28.4,46.76,47.69,0.386,15.31,28.4,32.9,Safe
33.04,66.53,45.64,0.199,19.69,20.1,37.3,Watch
48.57,72.28,36.33,0.361,9.92,23.1,31.5,Safe
49.09,64.06,22.24,0.127,13.31,23.6,12.5,Safe
33.68,68.99,22.65,0.204,13.74,21.8,11.5,Safe
34.2,60.9,46.9,0.175,18.37,21.2,39.2,Watch
39.02,52.56,46.27,0.14,15.65,21.9,30.7,Safe
55.5,65.01,33.03,0.095,19.57,24.7,27.2,Safe
51.01,70.44,29.84,0.029,23.27,22.0,24.5,Safe
45.4,54.4,39.32,0.247,13.74,27.9,31.6,Safe
18.82,61.28,44.21,0.27,18.89,20.7,34.7,Safe
30.88,63.02,41.95,0.143,15.5,25.3,29.2,Safe
31.67,87.81,38.47,1.303,19.14,17.7,47.1,Watch
56.28,66.79,26.95,0.285,22.12,20.7,23.6,Safe
31.42,49.76,27.88,0.769,23.53,20.6,21.4,Safe
53.8,47.78,41.72,0.295,22.02,19.7,33.2,Safe
26.44,70.84,44.08,0.074,20.48,23.9,37.9,Watch
27.64,84.88,23.48,1.286,9.48,22.7,26.6,Safe
42.22,62.75,25.62,0.758,11.51,16.2,16.4,Safe
58.52,62.27,40.41,0.223,13.05,29.0,33.7,Safe
31.82,68.45,31.67,0.097,20.15,23.5,28.0,Safe
0.0,58.61,36.9,0.088,10.25,23.0,21.4,Safe
11.54,44.65,38.44,0.574,20.03,26.9,24.0,Safe
39.47,73.3,43.29,0.025,19.59,26.0,37.0,Watch
12.88,60.09,44.17,0.356,6.39,22.1,29.4,Safe
22.02,73.4,28.4,0.358,11.47,17.1,21.8,Safe
35.19,58.91,36.24,0.071,24.26,24.7,24.4,Safe
0.0,65.97,23.71,0.427,22.18,20.1,13.0,Safe
29.3,71.84,45.26,0.428,12.9,26.7,42.0,Watch
17.53,73.56,45.36,0.151,11.79,20.7,37.0,Watch
12.51,66.86,28.99,0.231,3.3,21.6,17.8,Safe
22.97,66.47,24.82,0.626,26.83,19.0,19.7,Safe
18.96,69.96,22.1,0.259,18.25,19.2,14.3,Safe
42.04,68.71,37.25,0.337,29.3,22.7,33.1,Safe
52.95,54.67,22.74,0.186,16.85,22.4,13.4,Safe
29.53,54.82,40.42,0.057,19.7,21.6,31.8,Safe
26.06,48.13,40.34,2.187,23.35,29.2,35.2,Watch
28.79,71.13,38.42,0.265,27.83,24.8,34.2,Safe
18.38,61.83,46.3,0.144,21.01,23.0,36.6,Watch
15.67,71.56,31.35,0.438,18.01,14.7,26.1,Safe
10.32,68.23,47.07,0.339,18.17,25.5,36.4,Watch
15.06,56.98,21.11,0.093,11.72,32.0,12.5,Safe
59.48,64.04,23.38,0.733,15.71,22.4,20.8,Safe
24.64,61.36,32.37,0.026,18.31,20.6,21.4,Safe
0.0,60.13,37.82,0.326,26.29,23.5,23.3,Safe
26.19,72.32,20.97,0.227,15.42,18.7,12.7,Safe
11.14,85.09,37.02,0.134,24.38,24.4,39.6,Watch
35.89,73.93,29.22,0.613,17.51,27.5,20.6,Safe
34.27,64.78,46.61,0.374,25.46,21.0,44.6,Watch
35.84,75.08,36.0,0.499,22.06,21.1,39.6,Watch
34.39,78.7,37.64,0.187,21.66,22.8,38.5,Watch
29.41,53.86,48.37,0.999,23.87,21.5,45.1,Watch
13.16,74.8,42.93,0.148,23.0,18.5,35.5,Watch
33.88,71.16,33.15,0.265,24.38,21.8,28.8,Safe
50.28,74.5,34.31,0.949,30.79,21.2,39.4,Watch
62.21,71.51,39.44,0.03,27.7,27.1,34.9,Safe
31.43,63.18,26.01,0.04,20.8,26.5,15.1,Safe
33.06,81.26,22.66,1.802,15.35,27.2,29.2,Safe
42.51,67.72,29.34,1.244,20.2,25.4,30.3,Safe
57.4,61.53,43.35,0.517,6.44,23.6,33.4,Safe
27.71,69.05,27.72,0.232,22.97,20.4,24.1,Safe
45.39,72.78,23.92,0.247,11.64,27.0,10.3,Safe
22.66,65.76,26.57,0.104,24.73,24.0,19.5,Safe
39.95,68.15,40.37,0.198,29.88,19.3,37.8,Watch
49.56,65.71,38.42,0.198,9.29,20.3,28.8,Safe
15.64,59.72,40.65,0.013,17.7,19.2,26.5,Safe
27.12,58.43,29.66,0.211,11.61,16.8,16.8,Safe
49.32,53.78,47.03,0.229,7.63,24.2,36.4,Watch
44.24,77.14,33.55,0.384,17.36,19.3,38.4,Watch
50.54,63.21,35.41,0.254,21.81,20.7,32.2,Safe
47.73,37.58,48.46,0.692,22.53,23.1,44.5,Watch
29.88,68.17,49.38,0.16,18.92,22.4,42.0,Watch
67.99,68.01,39.85,0.185,8.01,20.9,35.6,Watch
37.05,50.07,48.34,0.297,18.74,27.6,36.3,Watch
0.0,58.34,36.25,0.079,9.04,18.4,19.1,Safe
30.76,57.99,29.22,0.175,9.44,18.5,16.5,Safe
27.96,59.06,29.45,0.406,12.02,24.4,20.4,Safe
46.93,74.7,36.77,0.186,24.3,21.1,31.8,Safe
28.23,63.81,38.15,0.83,21.27,21.0,30.1,Safe
51.48,61.58,33.19,0.334,19.94,19.8,28.4,Safe
43.37,73.98,46.51,0.058,12.82,24.0,40.9,Watch
20.0,68.96,32.8,0.234,15.67,23.7,21.2,Safe
32.89,51.07,28.2,0.507,9.78,23.4,15.4,Safe
23.37,60.07,20.24,0.361,26.19,21.3,10.9,Safe
37.77,67.58,49.12,0.758,31.18,20.7,52.6,Watch
23.28,57.53,44.73,0.485,21.34,22.5,36.9,Watch
36.12,81.24,38.47,0.022,22.39,25.9,38.4,Watch
30.92,65.9,44.92,0.042,17.05,27.7,34.5,Safe
32.72,58.97,44.31,0.367,8.28,26.3,30.1,Safe
65.76,56.02,47.96,0.095,12.94,24.5,41.9,Watch
29.59,72.42,31.58,0.31,15.21,25.9,23.9,Safe
5.98,59.82,36.65,0.55,15.69,19.5,22.1,Safe
50.24,68.04,22.96,0.301,14.31,20.9,21.7,Safe
50.12,55.79,48.96,0.188,18.29,24.6,44.7,Watch
5.32,65.56,49.55,0.364,12.9,22.6,35.9,Watch
24.49,59.91,43.67,0.054,31.01,24.0,36.9,Watch
41.54,62.48,33.62,0.45,9.81,25.9,21.5,Safe
42.86,58.63,34.9,0.418,23.32,25.5,25.8,Safe
34.93,73.21,33.06,0.253,16.43,19.7,29.3,Safe
35.27,61.07,28.8,0.114,20.78,23.0,24.2,Safe
20.92,63.85,35.83,0.559,21.05,20.2,22.2,Safe
0.0,64.24,21.6,0.25,18.94,20.7,12.2,Safe
65.74,77.9,49.76,0.021,11.2,17.9,60.5,Warning
20.47,72.12,32.72,0.878,16.01,23.4,25.0,Safe
37.65,71.33,47.82,0.511,19.01,17.6,48.4,Watch
32.62,52.38,41.73,0.308,18.64,24.2,33.7,Safe
48.46,59.75,28.7,0.201,11.86,27.1,21.1,Safe
36.72,74.51,26.66,1.126,25.75,24.6,24.1,Safe
37.3,55.63,49.87,0.522,3.04,23.2,37.6,Watch
0.0,65.67,43.16,0.268,16.5,27.6,28.6,Safe
22.5,56.48,27.49,0.371,12.47,24.0,17.2,Safe
46.17,57.28,22.02,0.115,19.09,20.4,14.5,Safe
44.82,78.45,40.91,0.076,24.1,23.4,43.4,Watch
20.73,70.75,29.09,0.112,9.56,28.9,13.3,Safe
11.33,72.87,26.64,0.121,32.12,19.7,18.5,Safe
36.9,71.27,42.05,0.471,19.21,18.9,35.0,Safe
0.0,63.89,40.38,0.053,20.29,24.8,24.3,Safe
17.77,59.47,34.44,0.526,9.36,22.3,20.7,Safe
61.4,61.78,48.28,0.259,17.72,21.4,48.2,Watch
56.68,63.47,40.39,0.17,23.83,19.2,34.4,Safe
42.31,79.21,46.8,0.125,19.26,17.1,49.7,Watch
39.61,54.31,25.72,0.252,18.84,18.6,18.7,Safe
5.75,60.57,28.9,0.134,17.69,27.8,14.7,Safe
23.89,57.7,23.14,0.196,9.73,23.0,9.3,Safe
30.57,73.45,29.14,0.47,9.7,17.1,23.0,Safe
24.21,79.83,49.15,0.344,25.02,26.6,54.8,Watch
29.75,67.47,48.89,0.482,23.29,26.7,44.9,Watch
54.49,68.13,42.81,0.437,24.18,26.7,41.5,Watch
26.87,65.73,35.63,0.591,13.06,21.7,27.9,Safe
29.89,68.5,43.42,0.079,17.05,22.2,36.9,Watch
46.09,71.19,36.6,1.863,25.39,23.4,39.5,Watch
13.71,68.41,20.11,0.226,10.63,27.2,6.4,Safe
22.4,68.99,35.05,0.443,24.78,21.3,29.1,Safe
23.93,71.2,37.97,0.396,14.48,20.7,28.6,Safe
35.83,50.77,27.97,0.292,12.87,25.1,19.5,Safe
29.83,65.02,26.1,1.917,17.81,26.6,21.5,Safe
30.3,67.44,28.21,0.086,11.3,22.8,17.3,Safe
25.03,68.33,38.71,0.192,6.62,25.0,23.4,Safe
18.94,63.63,24.38,0.048,18.46,23.3,16.1,Safe
44.14,66.29,41.61,0.07,21.21,22.2,39.2,Watch
29.93,59.24,32.68,0.437,25.29,20.5,24.1,Safe
44.29,50.8,30.6,0.01,21.64,19.5,20.8,Safe
18.33,72.87,44.22,0.772,29.79,21.2,39.5,Watch
25.02,55.93,35.18,0.351,26.17,20.1,24.9,Safe
31.68,63.72,31.35,0.204,22.43,23.9,25.1,Safe
33.08,59.01,46.34,0.141,20.81,26.7,37.0,Watch
46.32,77.7,31.05,0.047,25.38,23.6,31.9,Safe
28.54,64.36,45.77,0.891,4.72,20.2,35.6,Watch
46.2,62.52,35.13,0.436,15.12,25.6,30.2,Safe
40.62,70.98,26.24,0.144,6.85,23.9,16.2,Safe
33.4,82.25,38.38,0.026,21.98,24.5,42.8,Watch
20.73,68.25,28.56,0.138,13.54,21.4,22.8,Safe
46.35,61.98,24.41,0.071,36.12,26.4,14.8,Safe
21.1,70.57,22.6,0.54,14.89,26.4,14.5,Safe
34.68,52.42,27.25,0.445,18.64,22.4,18.1,Safe
34.19,65.37,42.1,0.241,15.59,25.2,32.2,Safe
31.89,80.95,45.14,0.76,15.07,26.3,51.0,Watch
29.16,66.26,45.85,0.07,10.52,21.6,38.0,Watch
22.67,65.86,28.1,0.21,10.32,22.8,12.4,Safe
10.75,65.17,39.83,0.434,4.92,23.2,20.6,Safe
56.06,61.84,26.91,0.025,21.27,19.7,24.3,Safe
27.62,67.52,38.68,0.163,15.45,24.3,28.8,Safe
33.08,71.2,46.62,0.297,29.6,26.1,45.1,Watch
32.99,62.35,21.23,0.16,10.54,22.6,9.0,Safe
51.43,45.07,49.56,0.229,26.86,24.0,44.6,Watch
64.0,68.72,44.81,0.328,27.43,27.2,50.5,Watch
37.4,82.07,42.85,0.161,25.66,21.8,50.0,Watch
32.64,61.99,40.74,0.039,19.41,24.1,32.4,Safe
18.15,53.23,43.11,0.053,15.97,21.3,24.8,Safe
13.35,70.42,49.84,0.262,25.66,21.2,45.1,Watch
8.39,78.95,43.11,0.067,13.25,24.0,38.7,Watch
23.06,69.23,30.55,0.772,19.62,23.7,22.4,Safe
3.64,78.8,38.42,0.629,17.74,24.7,37.3,Watch
51.18,71.35,30.11,0.15,12.65,23.2,21.1,Safe
41.35,70.65,49.1,0.622,19.67,24.4,48.8,Watch
31.23,60.86,47.0,0.267,22.45,28.0,43.1,Watch
51.64,67.28,37.03,0.061,12.42,26.2,30.3,Safe
18.93,64.76,43.44,0.333,20.76,24.0,33.5,Safe
22.7,64.49,47.29,0.398,4.63,24.5,32.8,Safe
5.99,62.97,27.31,0.031,11.71,22.1,15.2,Safe
46.62,66.8,37.38,0.132,15.26,22.5,29.4,Safe
22.84,54.63,34.45,0.01,20.14,24.5,28.8,Safe
35.24,71.49,43.15,0.133,23.22,23.3,34.9,Safe
50.04,57.98,31.37,0.143,18.5,25.4,23.4,Safe
55.56,63.0,41.27,0.348,21.4,26.8,38.8,Watch
34.56,67.64,32.09,0.078,17.04,22.7,23.9,Safe
40.76,57.58,23.33,0.011,20.43,17.0,13.1,Safe
21.44,49.27,23.21,0.133,20.11,29.1,15.4,Safe
60.25,61.94,23.57,0.611,14.95,21.0,20.1,Safe
32.51,53.55,20.98,0.178,15.87,23.6,13.2,Safe
36.2,70.7,35.99,0.188,21.6,25.2,28.2,Safe
28.9,55.77,40.16,0.222,28.87,27.2,31.7,Safe
52.99,76.88,23.8,0.488,25.24,28.4,29.0,Safe
37.99,64.95,38.36,0.229,11.23,21.9,26.5,Safe
46.41,65.47,37.93,0.034,11.25,26.6,31.1,Safe
40.31,49.15,24.41,0.081,14.79,23.6,13.7,Safe
31.69,66.16,32.12,0.073,18.59,31.2,29.9,Safe
48.94,64.36,42.65,0.248,18.29,26.3,36.6,Watch
40.18,54.61,20.5,0.011,25.44,22.5,16.8,Safe
20.59,65.7,24.41,0.117,25.77,20.6,16.9,Safe
20.16,61.82,49.87,0.327,18.03,15.1,41.3,Watch
37.23,63.27,42.01,0.153,16.63,25.0,32.2,Safe
48.61,65.21,33.92,0.431,21.1,26.0,29.7,Safe
59.59,61.23,38.89,0.174,24.38,25.2,34.2,Safe
8.34,66.97,45.39,1.356,21.31,15.9,35.3,Watch
35.38,64.31,45.27,1.177,15.41,19.2,40.4,Watch
42.34,68.78,29.74,0.563,14.33,24.4,26.4,Safe
39.44,60.77,34.74,1.081,11.34,28.4,32.1,Safe
50.14,56.48,39.14,0.08,19.16,22.8,31.1,Safe
44.83,59.33,22.16,0.486,21.74,26.3,15.2,Safe
20.22,76.54,48.37,0.136,22.41,19.9,55.1,Watch
19.78,72.65,32.98,0.452,24.91,23.6,28.0,Safe
39.69,74.71,31.13,0.164,26.88,22.2,22.4,Safe
49.86,75.26,47.21,0.12,9.75,26.6,47.3,Watch
37.15,61.27,23.55,1.116,20.43,21.4,18.0,Safe
11.33,67.37,21.18,0.082,20.64,28.0,9.7,Safe
19.29,65.61,40.55,0.497,17.56,22.1,31.6,Safe
45.37,70.28,31.55,0.393,13.03,19.8,23.6,Safe
29.77,62.69,42.93,0.127,26.67,19.9,35.1,Watch
36.77,65.74,22.06,0.215,14.47,21.1,14.2,Safe
50.98,65.58,31.51,0.054,4.84,24.1,18.1,Safe
16.97,69.26,27.06,0.889,18.12,21.2,14.7,Safe
28.79,70.25,42.19,1.206,16.57,20.5,41.2,Watch
27.16,65.75,26.82,0.461,29.15,25.7,22.8,Safe
40.33,65.99,33.74,0.663,20.94,13.4,27.7,Safe
46.59,66.81,44.57,0.03,16.17,21.7,39.3,Watch
12.8,78.17,47.46,0.17,16.82,19.0,45.6,Watch
34.92,51.16,41.68,0.141,16.75,20.4,38.3,Watch
48.04,57.24,32.88,0.291,31.3,23.7,28.7,Safe
7.18,70.39,37.16,0.071,22.05,22.4,33.2,Safe
34.03,67.16,40.69,0.29,9.56,22.1,36.5,Watch
16.76,67.1,46.25,0.372,16.53,26.6,37.7,Watch
25.38,70.34,46.66,0.05,17.86,23.0,38.0,Watch
0.0,66.71,47.93,0.049,11.35,28.4,32.1,Safe
55.89,60.53,44.32,0.013,7.3,25.1,34.8,Safe
29.66,70.03,24.4,0.501,21.57,20.1,19.1,Safe
22.89,65.17,42.43,0.141,13.17,28.8,33.1,Safe
39.92,61.42,44.44,0.089,25.49,23.8,36.0,Watch
19.37,70.52,46.34,0.527,18.05,28.6,45.5,Watch
17.94,70.21,47.74,0.054,15.15,22.2,35.5,Watch
57.65,66.72,35.27,0.195,3.5,23.8,20.4,Safe
62.13,78.74,39.65,0.478,25.33,24.3,47.4,Watch
26.12,75.61,20.29,0.299,19.76,22.5,12.9,Safe
51.01,73.01,37.18,0.283,15.31,26.8,32.4,Safe
40.34,85.53,34.2,0.06,12.66,28.8,38.7,Watch
13.79,63.83,48.87,0.07,27.59,16.1,41.6,Watch
21.08,61.28,47.05,0.306,11.61,25.4,37.5,Watch
58.27,71.88,43.93,0.01,15.79,20.3,38.2,Watch
13.6,62.98,21.71,0.712,21.42,15.2,13.2,Safe
69.21,65.1,32.06,0.151,26.7,24.6,31.1,Safe
26.43,57.11,40.88,0.189,16.7,24.6,28.3,Safe
58.71,69.85,20.89,0.105,13.59,25.0,9.6,Safe
30.42,53.23,27.07,0.733,17.36,24.1,20.2,Safe
47.0,64.23,46.63,0.36,23.43,25.6,42.7,Watch
55.93,64.88,23.89,0.209,24.78,21.2,17.0,Safe
55.85,61.51,21.54,0.308,9.75,23.8,14.4,Safe
26.23,50.94,37.42,0.168,18.69,25.1,25.8,Safe
22.14,50.88,48.39,0.219,9.39,27.1,35.4,Watch
33.78,59.03,45.04,0.155,23.31,23.1,34.7,Safe
15.49,69.31,49.24,0.185,20.53,22.4,46.3,Watch
38.59,67.31,42.61,0.132,12.47,22.8,30.8,Safe
22.69,64.87,33.12,0.028,27.2,19.4,23.7,Safe
51.24,57.92,48.4,0.013,20.01,25.3,40.9,Watch
26.45,67.73,32.8,0.067,19.35,18.6,23.8,Safe
8.87,50.61,30.5,0.101,16.93,24.2,16.8,Safe
56.01,45.83,33.45,0.774,17.95,23.3,27.4,Safe
37.75,63.06,44.42,0.331,15.71,18.3,37.7,Watch
35.44,60.63,47.53,1.112,13.55,18.5,44.9,Watch
51.42,73.11,30.73,0.145,25.37,20.4,27.0,Safe
48.07,66.26,33.87,0.18,15.04,22.0,30.3,Safe
23.57,78.21,46.95,0.445,14.84,27.4,43.6,Watch
28.25,60.61,21.41,0.302,17.22,22.7,7.3,Safe
18.31,68.89,43.52,0.263,26.55,24.6,37.2,Watch
13.03,62.98,33.63,0.3,24.79,26.8,25.0,Safe
43.68,76.05,31.3,0.307,15.63,26.2,28.1,Safe
40.88,63.37,33.41,0.508,25.36,23.0,28.4,Safe
46.41,71.84,32.56,0.386,18.65,20.9,30.3,Safe
54.22,56.38,42.7,1.104,12.94,24.5,40.3,Watch
46.62,61.68,47.84,1.035,15.14,20.9,43.9,Watch
47.95,64.33,34.74,0.192,26.24,28.4,34.5,Safe
3.83,75.11,44.98,0.013,30.5,25.6,45.1,Watch
30.4,47.42,41.96,0.01,19.92,23.6,26.8,Safe
49.47,62.34,29.92,0.046,14.6,24.5,19.6,Safe
17.48,62.07,37.62,0.027,17.25,23.5,28.1,Safe
36.38,48.38,40.0,0.164,13.43,21.9,23.6,Safe
42.79,61.29,20.7,0.019,14.3,24.5,9.1,Safe
41.64,52.67,31.88,0.343,13.71,22.3,19.2,Safe
40.53,46.35,49.78,0.074,17.52,28.8,45.3,Watch
43.98,62.9,39.12,0.253,18.72,20.9,29.9,Safe
37.71,62.63,30.03,0.038,17.11,24.5,22.9,Safe
13.06,63.04,27.5,0.616,16.67,20.7,17.1,Safe
42.6,67.02,26.28,0.53,22.56,20.6,25.5,Safe
39.27,57.96,32.05,0.171,16.62,17.6,23.2,Safe
13.25,79.33,25.8,0.845,17.01,24.2,26.0,Safe
55.7,64.73,24.06,0.072,16.94,21.4,18.1,Safe
43.01,75.29,30.92,0.589,27.26,26.3,31.0,Safe
14.29,51.56,38.21,0.276,15.05,24.2,24.3,Safe
22.74,58.32,24.39,0.14,21.58,23.4,14.7,Safe
26.54,70.49,21.33,0.031,13.51,18.8,10.8,Safe
26.53,63.19,21.04,0.066,20.1,24.8,14.2,Safe
39.4,56.41,28.02,0.695,21.28,21.0,27.8,Safe
20.35,50.29,25.7,0.327,24.51,18.7,16.1,Safe
51.92,70.87,36.18,0.095,15.69,24.3,32.3,Safe
50.69,70.21,33.67,0.24,11.32,19.2,28.3,Safe
44.29,66.95,29.74,0.04,13.3,16.7,14.7,Safe
35.66,61.03,45.01,0.036,23.79,26.9,39.4,Watch
49.06,56.1,35.15,0.834,30.49,21.3,33.9,Safe
30.86,64.58,22.75,0.214,23.01,17.8,11.9,Safe
24.13,54.48,28.87,0.157,10.43,20.1,12.0,Safe
52.85,58.99,49.2,1.042,22.8,20.8,50.8,Watch
39.76,75.09,49.31,0.178,12.34,26.4,54.6,Watch
24.74,50.19,27.64,0.143,15.91,18.0,14.9,Safe
28.73,70.42,25.02,0.112,19.12,19.0,15.8,Safe
23.95,76.95,34.87,0.291,20.13,25.9,38.4,Watch
65.33,71.53,34.44,0.286,18.39,21.7,33.9,Safe
35.06,68.19,32.3,0.01,14.39,23.7,20.0,Safe
37.37,61.29,35.88,0.372,24.36,21.5,27.9,Safe
45.82,59.83,26.97,0.543,14.83,29.1,29.3,Safe
16.77,47.01,23.45,0.335,25.53,19.1,11.7,Safe
51.45,65.3,37.11,0.714,9.84,23.8,30.2,Safe
25.88,61.78,47.98,0.113,19.29,27.5,40.5,Watch
62.45,59.42,24.13,0.075,10.64,21.9,15.5,Safe
30.31,64.84,41.14,0.418,13.0,20.7,33.3,Safe
50.56,65.5,33.14,0.073,14.92,25.3,26.5,Safe
0.0,59.92,28.82,0.033,27.12,26.0,16.8,Safe
17.37,77.9,45.59,0.036,25.85,20.6,49.6,Watch
30.6,70.84,33.69,0.512,23.25,27.4,25.0,Safe
4.54,72.17,37.5,0.01,18.2,23.2,26.1,Safe
44.01,64.17,33.29,0.12,19.13,24.5,24.5,Safe
39.69,69.09,22.44,0.048,25.6,27.5,19.7,Safe
20.14,57.83,37.85,0.492,22.21,25.3,28.1,Safe
34.76,70.33,32.57,0.245,18.11,23.0,30.1,Safe
47.1,63.36,22.6,0.081,26.92,21.0,15.0,Safe
3.45,56.82,37.87,0.486,22.89,31.1,26.4,Safe
15.9,64.82,20.3,0.486,19.45,20.6,14.9,Safe
29.97,62.66,26.26,0.259,15.25,24.0,14.6,Safe
35.36,83.58,43.43,0.113,14.7,24.5,50.4,Watch
34.12,68.48,21.14,0.309,15.98,24.7,13.6,Safe
48.34,77.64,39.4,0.949,20.74,29.4,50.5,Watch
42.16,74.05,48.49,0.019,23.01,23.1,47.8,Watch
45.45,65.3,25.14,0.109,9.33,22.7,16.0,Safe
14.15,61.45,32.51,0.117,6.32,27.7,16.5,Safe
37.17,51.08,37.26,0.35,12.29,22.6,26.5,Safe
30.39,58.03,33.51,0.369,15.55,25.6,18.7,Safe
56.93,70.3,38.61,0.081,25.18,23.6,33.0,Safe
37.62,62.58,32.12,0.085,16.32,25.8,22.7,Safe
24.96,68.01,24.46,0.922,19.53,25.2,22.5,Safe
47.79,48.76,22.67,0.494,20.51,21.8,19.2,Safe
43.45,68.63,42.33,0.953,11.86,17.5,40.6,Watch
22.68,73.77,27.16,0.619,26.76,18.0,18.0,Safe
29.77,50.79,45.42,0.18,14.01,17.5,33.6,Safe
30.03,67.97,42.29,0.046,27.36,22.7,34.5,Safe
53.41,75.75,21.48,0.348,17.24,15.9,18.9,Safe
38.05,78.44,26.04,0.152,15.97,22.5,25.0,Safe
45.9,60.97,28.76,0.194,11.34,23.4,21.5,Safe
27.6,71.24,37.83,0.194,19.18,25.6,33.4,Safe
40.02,76.44,44.29,0.965,31.53,24.5,50.4,Watch
54.55,68.21,21.81,0.025,20.48,25.7,12.7,Safe
29.58,75.28,27.49,0.075,19.62,24.2,26.6,Safe
36.73,64.71,31.29,0.328,14.0,22.0,26.6,Safe
14.55,68.15,25.5,0.753,21.55,22.7,18.3,Safe
23.52,60.03,36.36,0.875,18.95,20.4,28.5,Safe
29.98,63.68,34.34,0.286,17.62,23.7,28.5,Safe
19.09,68.47,29.49,0.012,20.97,18.2,21.1,Safe
54.83,59.43,35.51,0.158,7.1,26.2,28.0,Safe
22.43,63.21,30.67,0.879,17.4,20.1,20.8,Safe
46.8,71.09,30.3,0.243,10.82,23.5,25.8,Safe
37.8,81.42,27.96,0.454,18.17,24.0,27.0,Safe
35.46,48.6,36.21,0.11,13.65,26.5,20.6,Safe
57.29,80.81,33.32,0.01,14.06,18.0,31.8,Safe
1.09,62.92,25.89,0.302,10.0,22.0,11.7,Safe
32.06,72.72,20.39,0.631,24.69,24.6,19.3,Safe
18.79,74.29,24.53,1.621,13.93,28.3,18.8,Safe
5.58,77.52,21.29,0.656,14.25,22.9,17.3,Safe
17.08,59.18,32.95,0.283,27.18,21.2,18.6,Safe
35.26,63.2,26.75,0.328,21.41,29.1,25.7,Safe
24.12,64.57,32.61,0.608,5.79,25.4,19.9,Safe
48.45,62.14,29.88,0.01,26.31,27.1,24.4,Safe
31.79,75.55,36.14,1.06,27.89,19.4,40.9,Watch
30.13,64.39,41.72,0.265,27.33,24.6,37.7,Watch
30.2,52.05,34.38,1.063,22.01,19.8,28.4,Safe
33.52,59.94,21.86,0.506,11.39,19.1,18.2,Safe
28.72,52.37,20.53,0.058,17.7,24.7,10.9,Safe
22.23,63.17,26.4,0.063,9.31,25.0,20.4,Safe
49.84,70.38,32.75,0.153,12.8,21.6,27.5,Safe
25.64,59.76,21.35,0.107,11.33,27.3,11.6,Safe
29.25,61.78,29.83,0.202,14.24,21.9,22.0,Safe
41.44,62.8,46.61,0.324,18.98,22.2,41.6,Watch
39.78,66.13,22.7,0.201,15.33,22.9,15.8,Safe
21.6,69.13,48.46,0.02,15.07,22.3,39.4,Watch
46.32,71.46,45.7,1.3,16.25,26.8,46.6,Watch
43.07,83.04,44.95,0.194,27.0,19.9,59.4,Watch
37.67,65.99,45.91,0.667,30.98,20.7,51.2,Watch
28.53,70.89,22.4,0.027,15.3,19.4,14.2,Safe
28.9,52.3,24.54,0.581,20.02,28.7,19.2,Safe
31.97,61.97,24.03,0.067,12.95,22.0,17.0,Safe
16.52,62.84,23.34,0.398,22.61,20.7,17.5,Safe
34.41,56.86,29.83,0.379,15.14,22.1,21.8,Safe
48.38,60.71,44.91,0.842,13.73,25.5,42.0,Watch
48.15,64.14,27.56,0.135,30.01,25.0,23.7,Safe
29.29,60.96,27.33,0.04,9.86,21.3,14.2,Safe
50.96,85.81,40.28,0.7,3.28,21.8,45.0,Watch
63.59,69.1,22.91,0.141,22.41,18.6,15.0,Safe
30.26,81.01,30.81,0.093,15.79,23.4,29.5,Safe
45.37,76.94,28.86,0.233,14.12,26.8,27.4,Safe
1.06,59.89,45.42,0.055,34.39,21.3,37.3,Watch
16.13,65.3,35.44,0.123,22.38,24.9,23.6,Safe
36.37,61.52,39.39,0.17,17.65,21.3,33.4,Safe
19.9,63.71,23.87,0.114,13.75,19.7,14.5,Safe
65.59,57.19,47.87,0.209,20.67,25.0,51.6,Watch
43.97,61.47,29.67,0.17,7.6,30.0,25.8,Safe
49.49,67.88,41.21,0.521,14.9,24.6,35.4,Watch
34.56,67.66,48.64,0.877,17.78,21.8,41.7,Watch
19.95,67.03,35.26,0.037,19.28,22.0,25.7,Safe
27.22,64.52,35.23,0.607,17.15,28.7,24.7,Safe
38.82,71.89,23.52,0.94,13.84,23.9,16.8,Safe
25.43,62.94,31.71,0.406,23.52,20.7,21.5,Safe
45.07,76.13,45.57,1.971,8.09,22.8,51.8,Watch
45.67,50.22,24.05,0.143,16.33,23.6,18.3,Safe
35.07,70.25,47.53,0.621,14.89,24.4,40.1,Watch
7.62,68.91,40.02,0.392,24.07,27.5,30.1,Safe
60.72,59.6,32.63,0.137,15.25,26.8,22.3,Safe
31.81,62.16,36.39,0.427,20.63,23.6,24.6,Safe
75.64,68.72,24.51,0.249,20.0,22.9,20.1,Safe
44.79,72.33,26.52,0.073,6.99,24.2,18.3,Safe
31.85,51.0,28.59,0.067,17.61,21.2,14.7,Safe
41.72,70.03,31.55,0.437,7.54,25.9,19.8,Safe
4.71,61.34,47.47,0.436,20.11,22.4,30.8,Safe
50.39,74.0,31.03,0.265,13.62,24.5,25.5,Safe
73.5,50.29,35.72,0.244,25.12,28.1,38.5,Watch
3.66,84.56,24.86,0.069,16.92,24.7,16.0,Safe
30.69,57.91,42.08,0.196,13.38,23.7,29.5,Safe
33.42,76.44,36.81,0.718,25.2,21.4,42.0,Watch
48.13,64.45,33.2,0.675,12.77,22.8,26.7,Safe
66.59,58.45,48.42,0.379,23.37,19.6,48.6,Watch
40.74,67.12,46.72,2.078,20.81,24.6,50.6,Watch
67.13,73.23,39.79,0.783,15.81,16.6,39.3,Watch
37.56,52.58,47.65,0.055,9.98,25.9,33.2,Safe
41.77,70.61,36.94,0.178,25.45,25.2,33.3,Safe
39.92,64.9,44.81,0.05,21.0,23.3,35.3,Watch
53.3,69.62,32.28,0.22,13.37,21.4,22.0,Safe
28.67,65.09,22.6,0.524,19.47,23.0,13.7,Safe
47.27,60.43,49.82,0.059,24.04,17.7,48.0,Watch
16.54,56.1,24.97,0.743,18.67,25.5,19.0,Safe
30.73,70.38,27.55,0.295,19.43,22.5,18.9,Safe
25.45,70.34,24.89,0.484,24.19,27.5,20.5,Safe
36.32,70.3,30.12,0.016,27.22,24.2,27.1,Safe
30.26,68.42,28.68,0.034,17.28,23.7,19.6,Safe
51.98,72.56,38.03,0.339,9.98,24.2,34.1,Safe
21.82,76.25,49.89,0.637,10.18,20.1,54.1,Watch
9.03,49.99,21.58,0.725,13.85,21.6,9.4,Safe
14.64,46.27,43.35,0.408,12.39,23.4,26.9,Safe
49.91,78.74,23.84,0.079,7.91,22.1,23.7,Safe
20.46,54.27,20.6,0.076,29.09,21.3,9.2,Safe
40.97,56.31,39.16,0.746,21.17,22.2,33.9,Safe
30.58,62.7,46.2,0.042,14.86,23.1,34.7,Safe
47.36,51.77,25.29,0.406,17.8,30.0,24.8,Safe
31.54,61.95,30.25,0.267,7.28,22.0,16.4,Safe
76.47,57.42,25.06,0.192,24.94,21.0,20.6,Safe
63.47,63.13,47.2,0.203,6.3,22.5,38.9,Watch
30.27,67.24,28.11,1.016,21.06,27.5,19.6,Safe
28.22,62.25,33.34,0.692,6.97,27.7,18.5,Safe
81.98,61.85,46.84,0.701,15.52,28.8,52.9,Watch
18.82,67.06,36.59,0.183,25.46,23.2,29.6,Safe
34.17,73.35,47.99,0.04,8.2,24.9,39.3,Watch
35.34,77.82,47.79,2.148,17.11,19.8,59.8,Watch
34.96,63.25,33.85,0.055,21.77,21.9,24.5,Safe
8.92,79.6,37.47,0.254,20.79,19.7,37.4,Watch
42.45,72.01,26.91,0.108,18.42,24.4,21.7,Safe
20.44,55.14,49.72,0.25,20.97,23.1,39.3,Watch
56.54,54.91,28.35,0.127,14.34,23.7,20.5,Safe
13.16,60.38,43.5,0.795,29.6,20.5,35.9,Watch
35.89,76.56,29.39,1.208,8.34,25.6,33.6,Safe
1.76,60.99,29.39,0.185,24.97,15.8,20.2,Safe
2.68,49.86,23.12,0.025,19.14,22.2,10.0,Safe
22.41,63.17,36.8,0.381,21.7,22.7,27.8,Safe
24.53,49.16,27.34,0.165,22.77,16.9,15.7,Safe
56.99,56.56,24.45,1.493,21.33,24.2,22.1,Safe
34.39,60.3,26.8,0.033,13.13,22.5,17.0,Safe
54.39,66.2,27.53,0.044,16.28,24.7,16.1,Safe
29.3,73.19,35.12,0.421,9.29,29.0,25.8,Safe
44.09,70.55,31.58,0.498,16.21,24.0,25.6,Safe
24.12,55.57,22.26,0.223,19.94,25.9,12.7,Safe
23.1,62.03,36.08,0.114,21.64,27.1,26.9,Safe
7.69,65.61,43.63,0.13,20.35,24.5,32.2,Safe
40.04,62.9,37.23,0.144,7.47,20.4,27.8,Safe
38.93,62.85,49.24,0.089,14.63,18.1,41.0,Watch
46.66,51.22,22.97,0.665,14.03,24.1,18.0,Safe
38.22,55.78,44.63,0.024,10.14,21.8,34.6,Safe
65.39,61.78,35.17,0.183,12.98,26.9,34.9,Safe
37.64,40.25,35.65,0.482,18.01,21.6,26.5,Safe
49.88,70.13,35.57,0.01,26.48,23.0,29.6,Safe
30.14,54.02,29.76,0.736,12.28,19.5,19.8,Safe
21.37,70.49,29.74,0.429,11.23,22.0,19.0,Safe
45.77,69.79,38.96,0.027,14.4,20.2,32.0,Safe
33.66,60.65,21.34,0.789,20.02,20.4,18.1,Safe
47.48,73.0,37.66,0.234,25.34,22.8,34.1,Safe
40.29,70.95,41.74,0.37,17.48,21.2,35.3,Watch
23.1,62.53,30.69,0.748,9.32,30.9,22.2,Safe
51.12,61.63,26.52,0.745,10.6,25.5,18.2,Safe
21.93,73.78,26.4,0.184,19.13,26.3,15.8,Safe
44.38,66.86,22.46,0.095,23.97,22.7,16.7,Safe
54.22,73.36,22.69,0.104,28.89,23.3,13.7,Safe
29.23,45.89,25.0,0.508,10.91,21.7,12.8,Safe
52.34,65.79,20.58,0.928,18.84,30.9,23.2,Safe
40.96,52.38,27.99,0.026,11.82,22.7,12.4,Safe
47.78,64.79,29.19,0.01,12.61,21.2,16.1,Safe
22.45,70.71,49.86,0.606,12.1,20.7,38.1,Watch
38.21,78.91,49.75,0.171,15.99,24.0,47.6,Watch
13.88,57.49,25.61,0.113,12.71,27.3,18.1,Safe
60.67,60.79,26.39,0.073,32.87,26.3,22.2,Safe
4.79,64.24,34.76,0.149,15.24,20.7,20.1,Safe
29.68,57.2,24.46,1.245,23.93,20.7,16.5,Safe
21.02,72.83,35.12,1.322,14.04,26.7,35.2,Watch
45.12,64.44,31.98,0.141,31.4,29.3,32.9,Safe
63.86,65.98,29.74,1.16,20.03,22.6,28.7,Safe
44.82,69.96,44.68,0.125,23.02,26.6,44.6,Watch
79.42,64.43,44.84,0.675,14.45,18.6,47.3,Watch
14.33,58.46,49.64,0.083,23.86,20.5,37.6,Watch
15.48,64.5,26.69,0.613,20.01,20.0,16.8,Safe
21.6,58.15,46.65,0.153,15.73,24.2,33.2,Safe
36.82,65.86,36.14,0.076,11.52,22.5,24.0,Safe
19.6,72.98,37.74,0.955,16.57,23.7,34.3,Safe
23.73,55.6,46.89,0.084,16.06,26.7,33.3,Safe
44.31,52.74,48.28,1.683,23.21,21.0,51.2,Watch
16.41,65.39,41.8,0.04,16.61,23.3,28.3,Safe
18.0,58.86,30.44,0.01,6.47,19.0,15.0,Safe
29.02,65.25,34.69,0.716,21.88,26.5,27.5,Safe
30.43,67.56,38.45,0.309,25.76,26.3,30.5,Safe
50.15,47.85,44.86,0.192,8.0,24.1,32.0,Safe
21.49,70.52,39.74,0.03,28.83,23.4,34.5,Safe
24.2,55.64,30.96,0.299,26.38,21.5,25.1,Safe
43.73,64.82,32.54,0.175,14.21,18.8,25.2,Safe
47.02,59.72,21.51,0.231,11.3,23.9,10.2,Safe
56.43,60.58,47.73,0.348,24.32,25.3,45.2,Watch
42.04,78.55,22.64,0.358,9.78,29.1,21.7,Safe
36.96,67.55,37.4,1.132,13.99,21.8,37.0,Watch
43.63,72.24,46.15,0.373,10.11,23.8,43.0,Watch
30.99,66.21,32.63,0.145,18.04,26.3,26.9,Safe
30.88,69.96,44.0,0.14,26.79,26.4,37.7,Watch
8.39,68.34,44.11,0.227,20.25,21.1,30.5,Safe
48.4,67.04,21.8,0.105,24.11,22.2,16.9,Safe
38.17,73.86,32.36,0.165,15.89,21.4,24.1,Safe
46.66,66.25,40.73,0.646,18.58,20.3,37.8,Watch
0.0,83.28,32.67,0.688,10.64,27.4,29.9,Safe
34.29,72.68,36.36,0.346,17.42,23.2,29.0,Safe
22.16,55.88,37.83,0.306,13.52,22.8,28.2,Safe
57.52,63.59,24.54,0.195,17.04,23.7,14.3,Safe
44.21,68.18,32.36,0.354,16.63,23.2,26.3,Safe
38.51,65.36,20.85,0.574,16.11,22.3,16.1,Safe
28.52,70.49,24.49,0.469,30.65,20.7,23.6,Safe
40.96,71.38,35.37,0.013,28.61,27.7,31.1,Safe
21.08,54.12,37.21,0.46,26.5,21.3,31.5,Safe
33.5,75.25,24.39,0.445,28.77,20.2,25.7,Safe
26.32,61.03,42.67,0.036,26.52,22.8,40.6,Watch
69.0,60.23,31.19,0.057,17.87,29.5,30.3,Safe
57.05,60.21,47.62,0.543,17.25,20.5,50.1,Watch
50.95,71.47,31.63,0.287,19.41,25.1,28.8,Safe
12.65,62.86,24.49,0.603,16.74,22.3,11.4,Safe
47.96,59.69,42.74,0.071,11.76,23.7,34.1,Safe
37.82,61.61,37.03,0.011,19.78,25.8,26.3,Safe
53.35,50.64,31.6,0.062,8.6,17.8,24.8,Safe
39.84,58.26,30.68,0.211,18.83,20.3,22.6,Safe
34.9,55.08,24.52,0.259,12.03,25.7,11.2,Safe
38.51,62.85,30.23,0.682,17.51,23.3,25.9,Safe
7.92,70.31,20.88,0.441,19.15,23.6,15.7,Safe
23.49,69.43,35.07,1.626,15.88,25.1,30.0,Safe
40.6,75.05,46.9,0.029,8.16,20.3,44.3,Watch
52.09,73.27,43.86,0.049,10.87,26.2,39.1,Watch
26.74,60.77,20.86,0.031,20.75,25.5,7.1,Safe
34.39,65.15,46.44,0.271,14.66,23.7,40.3,Watch
10.99,64.74,33.57,0.109,21.37,24.4,26.9,Safe
56.89,47.79,25.73,0.403,18.06,26.5,16.6,Safe
51.71,55.26,42.57,0.05,16.81,21.2,39.6,Watch
44.78,63.66,29.69,0.038,20.09,25.0,24.5,Safe
41.1,63.62,27.6,0.216,13.95,28.2,22.9,Safe
58.29,69.1,24.84,0.165,20.4,24.9,21.0,Safe
22.92,68.71,34.6,0.618,15.48,22.3,30.5,Safe
21.3,50.83,22.8,0.636,33.22,30.0,16.2,Safe
50.92,69.15,43.57,0.044,11.2,23.7,38.2,Watch
49.91,66.43,34.12,0.586,15.86,27.2,27.8,Safe
17.1,69.99,33.41,0.291,16.1,21.7,23.4,Safe
27.03,73.53,20.06,0.245,9.89,26.2,13.3,Safe
60.34,63.86,44.54,0.035,22.35,21.4,41.7,Watch
41.18,74.96,34.79,0.471,15.43,24.0,28.3,Safe
46.81,57.88,33.2,0.022,3.72,21.2,24.5,Safe
17.61,57.43,42.84,0.114,22.17,28.7,33.0,Safe
44.85,68.43,21.89,0.035,14.18,22.3,12.6,Safe
13.71,62.05,31.0,0.265,17.37,19.7,24.3,Safe
5.3,67.09,37.27,0.363,22.06,23.3,32.3,Safe
45.9,80.94,33.82,0.775,15.81,24.6,39.4,Watch
56.52,68.15,25.45,0.463,15.76,22.9,17.2,Safe
31.19,66.7,28.98,1.136,32.79,20.6,27.9,Safe
26.8,58.05,29.01,0.501,5.08,26.1,19.0,Safe
60.66,51.4,49.76,0.124,10.28,26.8,38.1,Watch
32.08,64.42,29.79,0.278,11.45,18.1,23.1,Safe
34.01,73.53,26.16,0.214,28.73,20.4,21.1,Safe
60.41,62.42,44.68,0.292,14.13,22.5,43.4,Watch
29.7,68.21,32.64,0.297,19.44,21.4,24.1,Safe
25.19,76.41,33.32,0.424,15.16,24.6,31.4,Safe
47.23,76.21,36.47,0.03,21.62,28.5,42.1,Watch
24.32,68.43,37.87,0.481,17.92,21.9,30.5,Safe
32.83,66.36,37.72,0.054,19.52,27.7,30.8,Safe
15.21,52.85,21.03,0.01,25.72,18.6,10.4,Safe
37.78,59.96,44.57,0.256,20.64,24.4,34.8,Safe
36.02,62.75,25.85,0.305,13.59,21.2,12.0,Safe
49.52,58.18,28.77,0.012,19.87,24.4,19.1,Safe
47.86,66.99,25.2,0.254,32.51,17.7,22.8,Safe
43.27,80.29,43.01,0.268,21.39,19.1,45.8,Watch
40.91,77.14,37.51,0.019,18.91,24.4,39.6,Watch
33.9,66.95,42.66,0.435,9.78,21.1,37.4,Watch
44.14,71.24,39.6,0.083,22.35,22.0,36.3,Watch
18.32,59.17,23.12,0.554,23.23,28.5,14.6,Safe
0.0,76.71,29.04,0.13,19.88,23.4,24.8,Safe
52.43,52.5,35.22,0.227,18.68,25.7,30.5,Safe
45.11,72.3,29.15,0.778,35.0,20.7,27.9,Safe
33.1,68.96,26.22,0.574,23.13,19.0,20.7,Safe
51.12,58.95,46.09,0.533,25.44,22.8,42.3,Watch
24.03,63.33,42.43,0.061,18.4,18.5,33.1,Safe
24.42,55.93,30.36,0.017,17.21,20.9,13.6,Safe
22.34,56.27,42.95,0.326,21.79,23.7,32.4,Safe
43.51,52.27,38.83,0.185,17.2,22.7,27.5,Safe
11.26,71.14,20.11,0.839,17.7,24.0,13.1,Safe
23.5,74.64,31.41,0.151,20.78,24.8,21.6,Safe
39.35,47.71,28.71,0.185,14.92,19.4,13.2,Safe
16.94,79.71,26.54,0.261,19.32,20.2,20.9,Safe
25.1,64.9,27.55,0.557,18.48,16.5,18.4,Safe
1.83,67.32,48.27,0.109,23.8,21.9,39.9,Watch
44.09,53.22,34.59,0.995,14.33,25.2,26.2,Safe
24.68,75.57,45.43,0.272,6.0,27.5,39.1,Watch
18.51,66.6,26.43,0.644,16.14,23.6,15.1,Safe
15.57,74.11,25.23,0.261,20.38,27.1,19.7,Safe
28.73,74.77,46.66,0.517,23.78,24.2,43.4,Watch
11.3,75.68,34.87,0.018,13.84,23.3,28.7,Safe
64.14,59.81,46.85,0.562,21.25,21.2,42.9,Watch
0.0,63.34,21.89,0.26,24.81,15.8,7.6,Safe
28.24,60.11,47.49,0.209,22.51,26.7,37.5,Watch
36.6,72.16,32.46,0.041,13.26,22.8,27.9,Safe
23.37,67.66,24.66,0.474,13.9,27.2,13.3,Safe
38.18,73.55,40.5,0.049,20.61,20.2,33.5,Safe
23.01,73.9,43.91,0.075,27.75,30.3,38.9,Watch
57.95,51.18,21.42,0.047,18.08,22.3,11.7,Safe
18.22,75.81,49.62,0.01,17.01,20.9,49.1,Watch
0.0,72.61,40.91,0.38,9.78,22.4,25.5,Safe
15.52,62.05,29.64,0.111,15.81,23.5,15.3,Safe
40.8,67.8,24.54,0.057,13.71,22.8,22.7,Safe
33.23,64.01,31.78,0.135,18.16,21.5,20.6,Safe
46.28,69.93,26.62,0.242,8.92,17.6,20.6,Safe
42.53,62.03,34.82,0.245,16.03,20.6,24.6,Safe
25.46,68.83,43.46,0.16,11.95,26.2,29.5,Safe
27.66,65.54,39.8,0.239,23.64,20.4,32.4,Safe
29.22,61.54,33.08,0.195,12.84,17.8,19.1,Safe
63.27,66.52,23.57,0.605,14.57,19.8,18.1,Safe
45.36,86.65,48.71,0.011,19.69,22.7,57.4,Watch
63.38,59.52,28.11,0.709,15.28,20.7,26.7,Safe
47.61,63.0,28.34,0.098,32.16,22.2,19.3,Safe
34.05,59.66,39.37,0.448,23.58,20.6,34.5,Safe
19.71,60.49,43.12,0.182,18.1,26.0,32.8,Safe
38.02,71.53,49.52,0.122,20.21,24.5,45.1,Watch
34.09,70.73,49.07,0.334,3.87,29.7,41.5,Watch
33.6,64.95,47.41,0.513,25.39,21.9,44.4,Watch
31.86,73.21,33.06,0.209,21.07,22.1,26.9,Safe
4.21,71.35,25.0,0.22,17.56,26.6,15.7,Safe
53.91,63.7,37.53,0.021,21.4,24.2,31.5,Safe
34.24,52.73,20.52,0.902,22.13,20.2,11.7,Safe
13.79,71.64,25.89,0.657,15.5,24.7,19.8,Safe
42.23,66.36,20.08,0.178,20.28,24.2,13.1,Safe
22.16,65.18,25.42,0.507,24.29,17.6,16.6,Safe
43.43,61.27,34.24,0.132,20.73,21.0,24.4,Safe
48.22,70.96,31.8,0.459,16.48,23.6,29.0,Safe
50.29,67.79,31.08,0.254,19.78,27.3,29.0,Safe
32.59,63.11,44.93,0.216,26.29,25.1,40.9,Watch
28.79,55.2,40.25,0.02,22.7,21.3,31.9,Safe
25.62,73.54,48.09,1.178,11.02,20.9,45.8,Watch
24.16,69.84,33.36,0.636,21.52,25.4,26.1,Safe
34.74,67.04,28.17,0.552,20.72,15.7,27.3,Safe
31.86,43.75,23.68,0.127,24.98,20.6,11.1,Safe
22.62,64.7,40.16,0.12,18.2,27.2,29.6,Safe
17.84,63.07,45.25,0.298,15.78,23.9,32.3,Safe
33.37,60.05,25.51,0.655,9.79,20.7,17.0,Safe
28.49,71.03,46.36,0.955,13.83,19.4,45.4,Watch
17.88,70.72,35.79,0.11,25.25,25.5,27.1,Safe
47.46,68.49,24.32,0.327,19.19,23.2,19.3,Safe
61.58,73.3,39.29,0.45,17.4,22.3,30.7,Safe
49.44,56.82,35.6,0.09,25.77,24.1,30.5,Safe
24.2,61.37,20.85,0.183,24.54,23.5,15.0,Safe
34.25,65.6,31.98,0.073,13.59,23.3,22.6,Safe
58.11,60.02,43.54,0.42,25.21,19.0,39.4,Watch
17.39,70.82,36.66,0.698,8.05,19.9,23.6,Safe
46.74,60.82,28.46,0.735,20.76,25.2,22.0,Safe
13.28,75.39,47.86,0.388,20.05,24.7,44.0,Watch
60.26,57.55,27.13,0.149,24.9,24.1,25.3,Safe
28.55,82.06,27.58,0.379,20.29,21.2,27.5,Safe
68.44,81.23,30.64,0.699,16.53,25.3,38.8,Watch
60.92,64.24,46.84,0.344,17.01,21.9,44.2,Watch
33.4,74.17,35.23,0.186,34.16,26.9,30.1,Safe
24.21,61.8,40.47,0.883,18.5,20.8,31.3,Safe
37.92,73.11,49.29,0.631,21.58,21.4,47.1,Watch
32.3,63.59,43.5,0.749,5.87,22.5,32.5,Safe
28.98,54.72,25.18,0.817,13.04,25.5,19.7,Safe
10.13,36.74,43.65,0.175,21.11,22.9,29.1,Safe
27.28,62.85,42.45,0.687,8.31,23.1,32.9,Safe
18.34,67.23,26.98,0.296,21.3,21.8,14.1,Safe
43.27,75.64,29.76,0.014,13.65,23.8,26.5,Safe
49.87,65.29,41.3,0.354,11.8,22.8,34.2,Safe
46.11,73.02,27.15,0.223,13.63,20.6,23.8,Safe
40.14,61.37,26.25,0.113,27.17,23.4,21.4,Safe
22.21,62.3,41.1,1.232,20.0,23.5,35.6,Watch
38.08,73.43,46.42,0.02,12.54,30.0,38.3,Watch
46.89,45.28,22.25,1.021,22.65,21.2,16.5,Safe
26.21,65.1,33.38,0.061,22.98,20.5,23.0,Safe
36.78,61.8,38.22,0.166,15.71,23.8,30.3,Safe
32.82,75.88,40.29,0.189,23.76,20.0,38.1,Watch
59.94,60.77,49.89,0.46,24.04,19.8,51.3,Watch
47.77,69.13,40.48,0.085,23.11,18.7,31.0,Safe
44.14,72.37,38.6,1.497,13.96,20.7,34.0,Safe
9.25,53.06,49.69,0.484,10.93,20.8,31.2,Safe
37.59,63.89,21.82,0.546,7.84,19.2,12.4,Safe
32.67,61.55,22.23,0.039,14.07,22.2,13.4,Safe
32.55,72.57,36.82,0.226,15.79,15.9,25.2,Safe
11.55,70.4,30.76,1.019,16.28,24.5,21.6,Safe
18.68,63.13,22.9,0.11,17.72,21.3,11.3,Safe
33.98,56.62,29.19,0.055,28.4,21.8,22.7,Safe
51.72,73.31,40.23,0.233,15.96,24.8,35.8,Watch
26.14,64.46,46.42,0.933,17.71,24.1,37.9,Watch
29.0,52.05,22.83,0.233,7.09,21.1,8.7,Safe
61.72,52.74,36.2,0.182,31.37,24.4,31.4,Safe
30.55,68.5,28.88,0.368,10.1,27.6,15.6,Safe
33.07,54.79,40.02,0.967,13.76,20.0,35.7,Watch
33.27,79.88,36.48,0.018,22.17,25.3,36.4,Watch
14.82,57.5,47.8,0.058,19.48,19.7,33.0,Safe
43.58,65.0,21.13,0.05,27.86,26.5,11.9,Safe
25.21,66.27,34.1,0.031,22.32,20.9,22.2,Safe
34.55,59.16,25.78,0.126,17.51,20.7,17.3,Safe
41.67,47.08,36.1,0.091,24.26,26.4,22.8,Safe
64.14,66.53,45.61,0.278,24.97,25.2,46.2,Watch
15.23,58.97,47.34,0.139,14.04,21.0,35.2,Watch
47.97,65.93,31.95,0.182,23.78,23.4,25.0,Safe
48.03,64.02,44.35,0.996,16.67,20.9,39.3,Watch
25.43,67.11,28.42,0.059,17.38,18.2,20.8,Safe
43.99,77.49,20.19,0.172,18.86,23.6,14.0,Safe
59.65,60.63,45.66,0.104,15.72,21.9,40.3,Watch
23.53,61.25,23.58,0.279,15.39,20.2,14.2,Safe
38.62,51.67,20.53,0.467,23.91,26.9,11.9,Safe
41.07,63.44,30.61,0.594,8.83,20.3,19.5,Safe
43.01,68.28,31.38,0.253,11.63,23.4,22.0,Safe
46.54,61.13,22.32,0.676,22.05,26.2,18.1,Safe
37.49,68.33,44.43,0.538,17.56,22.2,37.7,Watch
42.7,63.58,32.17,0.06,23.95,20.8,26.4,Safe
21.33,54.58,34.7,0.099,20.15,23.9,22.6,Safe
37.46,67.5,27.94,0.39,10.0,24.4,18.0,Safe
27.85,63.35,35.35,1.288,18.38,25.6,28.3,Safe
16.55,65.98,43.0,0.165,21.21,28.6,34.1,Safe
27.36,60.46,47.19,0.091,19.4,21.6,40.7,Watch
39.04,59.76,49.12,0.712,15.19,23.6,43.3,Watch
41.54,66.26,32.8,0.078,16.36,19.2,22.3,Safe
15.97,63.16,49.7,0.418,14.64,25.0,41.2,Watch
20.93,78.79,28.85,0.012,10.05,23.6,20.4,Safe
45.87,71.39,20.21,0.01,9.22,22.5,16.2,Safe
42.62,69.36,43.03,0.21,20.34,21.1,38.1,Watch
48.31,63.58,25.35,0.374,12.77,22.0,15.8,Safe
55.52,48.79,21.57,0.054,21.45,23.7,14.9,Safe
43.07,58.54,47.72,0.505,14.43,20.1,40.1,Watch
28.78,59.82,43.75,0.048,10.12,22.1,32.5,Safe
36.72,62.8,23.08,0.267,15.55,23.1,15.0,Safe
59.9,64.73,43.31,0.129,30.57,18.4,40.0,Watch
76.47,70.25,45.32,0.488,17.43,19.8,47.7,Watch
41.95,67.19,47.16,0.571,21.88,21.0,46.1,Watch
43.03,74.27,36.31,0.024,19.01,27.7,30.8,Safe
45.89,62.5,41.1,0.075,9.57,20.5,35.1,Watch
35.36,67.06,42.87,0.781,26.69,22.8,41.5,Watch
52.46,67.75,40.66,0.188,16.51,19.9,35.2,Watch
50.12,66.97,39.41,0.227,10.14,20.7,32.9,Safe
40.32,75.26,36.43,0.064,14.93,18.7,32.7,Safe
30.23,71.43,34.38,1.847,16.76,25.0,33.5,Safe
12.19,54.44,49.88,0.898,22.5,19.0,41.0,Watch
45.99,64.09,30.13,0.01,13.92,25.7,18.3,Safe
38.19,64.89,22.65,0.28,33.72,24.4,19.3,Safe
23.93,82.21,42.95,0.72,12.38,22.8,50.9,Watch
18.05,62.36,26.41,0.197,21.67,25.8,18.1,Safe
44.92,57.14,35.98,0.201,6.16,32.3,24.1,Safe
10.98,68.51,22.87,0.167,17.26,24.4,11.8,Safe
39.49,68.98,38.58,0.01,20.2,19.6,28.7,Safe
47.65,64.41,48.32,0.547,11.28,27.5,42.3,Watch
43.25,63.24,41.68,0.214,26.99,23.6,39.4,Watch
29.14,72.59,26.44,0.265,20.61,29.3,17.4,Safe
16.26,58.17,49.13,0.103,16.09,21.5,40.8,Watch
43.81,62.27,29.21,0.537,20.54,26.8,16.0,Safe
53.01,60.82,33.1,0.553,14.44,23.0,26.4,Safe
26.41,73.75,34.94,0.282,25.51,31.0,30.1,Safe
42.6,67.28,49.72,0.822,24.09,22.2,46.9,Watch
58.72,56.48,22.07,0.043,20.24,32.0,16.0,Safe
40.08,57.28,40.9,0.541,21.67,24.3,36.7,Watch
29.05,79.99,30.86,0.286,9.14,25.5,32.0,Safe
50.61,73.67,22.35,0.092,26.8,28.1,26.3,Safe
23.94,71.73,48.05,0.05,17.4,20.6,39.2,Watch
15.53,65.1,37.7,0.125,24.15,25.9,31.6,Safe
47.18,77.07,42.61,0.679,22.5,22.1,48.8,Watch
28.91,56.17,27.21,0.542,24.06,23.5,21.8,Safe
30.25,71.02,42.85,0.363,11.71,23.2,34.1,Safe
25.6,61.45,44.85,0.033,12.48,24.7,30.1,Safe
27.91,63.01,32.92,1.084,31.49,24.6,33.8,Safe
56.05,70.81,37.16,0.128,8.88,21.3,35.3,Watch
59.94,63.85,49.16,0.327,11.41,23.4,44.5,Watch
61.92,61.52,45.4,0.569,18.26,16.0,46.3,Watch
51.35,61.04,33.35,0.05,18.27,26.0,25.6,Safe
41.99,49.11,39.94,0.37,14.76,28.1,39.4,Watch
13.52,71.11,43.53,0.011,21.7,23.6,30.4,Safe
32.19,56.95,20.73,0.038,23.41,18.2,11.5,Safe
67.35,79.87,37.65,0.449,17.89,25.2,40.2,Watch
28.47,62.7,49.54,0.059,16.39,20.7,36.1,Watch
57.71,75.48,48.42,0.205,17.87,23.5,54.8,Watch
35.83,50.53,44.97,0.1,15.02,25.1,32.3,Safe
0.0,70.85,23.19,0.191,7.81,24.6,8.7,Safe
44.61,72.91,49.82,0.028,19.81,26.2,49.4,Watch
53.99,75.43,38.29,0.492,22.6,23.4,45.5,Watch
34.27,52.78,26.69,0.029,17.08,23.5,17.3,Safe
53.5,59.38,40.23,0.637,4.41,25.2,27.6,Safe
9.98,69.61,45.7,0.38,14.57,22.8,35.5,Watch
14.22,66.19,23.37,0.189,23.43,20.9,15.1,Safe
38.07,67.35,47.49,0.705,9.37,24.4,38.8,Watch
42.16,62.12,47.61,0.072,22.18,19.6,43.2,Watch
55.35,77.41,20.4,0.108,15.33,22.8,15.9,Safe
44.58,85.87,47.01,0.052,17.89,18.9,53.6,Watch
17.1,65.83,48.4,0.168,13.88,21.3,33.9,Safe
38.2,68.63,21.13,1.513,11.19,21.5,19.9,Safe
44.01,65.45,28.82,0.061,26.61,20.0,25.7,Safe
6.89,75.27,31.19,0.622,22.9,26.3,27.1,Safe
34.35,71.63,30.47,0.369,21.87,26.1,26.9,Safe
29.97,56.47,42.77,0.01,23.45,26.9,37.4,Watch
25.18,60.1,30.74,1.014,21.02,22.4,24.6,Safe
42.48,56.93,48.7,1.24,23.66,21.7,47.3,Watch
17.75,86.56,49.85,0.906,14.02,25.4,58.7,Watch
41.25,70.08,29.5,0.244,26.27,23.4,22.2,Safe
43.39,60.23,35.26,0.087,25.73,23.4,30.1,Safe
51.26,59.6,36.73,0.174,20.28,15.4,30.9,Safe
18.15,71.44,37.38,0.333,16.27,25.3,25.0,Safe
12.42,72.24,31.23,0.167,10.66,24.9,16.6,Safe
39.18,71.38,24.98,0.431,19.37,23.0,16.5,Safe
30.71,61.6,21.64,0.556,28.11,25.4,17.0,Safe
78.54,67.45,23.19,0.082,11.03,24.8,16.6,Safe
41.88,65.89,47.04,0.182,24.11,20.9,43.5,Watch
35.87,57.51,28.41,1.107,15.17,22.3,25.5,Safe
32.41,57.59,22.3,0.101,15.68,20.0,13.7,Safe
16.73,68.3,38.71,0.149,10.95,27.4,25.2,Safe
43.46,66.57,22.26,0.013,13.49,25.9,11.2,Safe
33.81,69.43,22.1,0.141,21.88,20.6,15.5,Safe
33.83,71.33,38.65,0.162,22.63,24.9,30.4,Safe
36.42,77.0,37.74,0.037,19.42,23.8,39.9,Watch
38.32,58.79,21.24,0.01,15.0,20.9,12.4,Safe
8.91,70.04,33.81,0.3,11.38,23.4,22.4,Safe
47.56,70.99,33.07,0.126,18.37,25.6,24.7,Safe
22.3,62.5,36.4,0.01,15.81,25.8,26.5,Safe
32.93,65.97,42.14,0.688,19.27,30.0,43.5,Watch
54.29,62.71,28.48,0.307,16.07,23.3,21.6,Safe
61.69,81.87,32.98,0.066,16.23,22.3,37.2,Watch
9.49,65.84,43.78,0.702,18.95,24.7,33.3,Safe
35.45,68.61,47.68,0.102,20.11,22.5,42.0,Watch
39.09,62.89,46.74,0.09,25.34,21.2,47.2,Watch
12.39,61.16,34.33,0.788,15.98,20.2,23.3,Safe
47.04,54.58,35.63,0.069,21.27,12.7,27.0,Safe
36.74,73.8,35.87,0.739,28.82,25.2,33.3,Safe
37.91,71.15,46.06,0.569,21.43,18.1,44.2,Watch
21.24,62.59,45.2,0.13,24.99,20.4,38.7,Watch
41.19,57.8,29.35,0.012,14.28,23.9,17.1,Safe
47.57,66.44,24.89,0.03,13.68,22.0,14.8,Safe
36.91,61.02,31.37,0.041,17.04,29.4,27.4,Safe
27.29,63.22,28.65,0.775,17.68,18.5,21.8,Safe
28.46,54.89,48.52,0.181,24.42,29.7,43.1,Watch
38.31,66.74,27.98,0.012,13.62,27.1,19.4,Safe
35.73,66.9,25.44,0.285,17.47,25.7,22.3,Safe
48.57,73.76,46.98,0.082,24.45,27.3,48.1,Watch
27.8,63.79,22.59,0.094,19.29,24.2,18.2,Safe
16.72,62.33,27.81,0.061,17.94,17.9,21.0,Safe
40.39,52.55,33.17,0.502,19.43,24.5,23.5,Safe
27.84,73.81,37.85,0.01,11.23,18.6,31.8,Safe
46.76,72.14,29.83,0.202,11.14,21.4,24.8,Safe
35.11,65.23,34.89,0.032,8.47,22.8,26.2,Safe
44.82,54.37,25.96,0.281,19.24,20.3,20.8,Safe
19.79,55.28,37.23,0.149,23.51,25.8,25.8,Safe
37.15,60.62,32.23,0.01,22.59,22.4,24.6,Safe
24.51,72.72,45.48,0.216,24.86,24.2,39.4,Watch
16.69,67.32,32.47,0.296,26.73,23.0,30.3,Safe
22.08,53.05,33.31,0.1,18.87,23.4,19.6,Safe
26.83,68.23,37.77,0.508,17.61,20.3,27.1,Safe
53.67,58.29,23.7,0.162,26.86,19.5,15.5,Safe
26.44,60.82,24.7,0.484,13.79,22.5,15.5,Safe
15.93,72.77,43.71,0.303,10.93,20.1,32.9,Safe
36.97,71.12,28.2,0.712,15.97,27.2,24.7,Safe
35.44,73.74,40.54,0.277,15.27,18.9,34.3,Safe
27.62,64.81,22.92,0.072,18.29,30.0,12.5,Safe
32.58,72.06,44.66,0.605,12.9,23.9,39.8,Watch
49.64,60.31,49.65,0.535,20.22,23.2,49.9,Watch
45.06,62.94,31.21,1.256,14.59,21.4,27.7,Safe
43.76,62.39,35.17,0.034,25.37,25.0,31.0,Safe
17.24,65.19,33.28,0.313,10.83,22.4,22.0,Safe
78.3,54.71,46.83,0.237,17.16,23.9,44.9,Watch
50.77,63.2,20.3,0.389,15.99,25.5,15.7,Safe
42.76,76.61,39.6,1.372,19.39,25.0,46.5,Watch
17.54,56.26,39.57,0.266,23.56,26.7,31.7,Safe
49.22,54.37,31.47,0.405,19.6,24.6,28.3,Safe
27.48,55.01,26.58,0.149,17.23,20.1,15.7,Safe
32.09,86.29,27.19,0.124,22.15,16.8,28.2,Safe
9.79,68.72,44.01,0.143,23.06,23.6,37.1,Watch
16.38,62.84,21.98,0.014,19.62,23.7,12.8,Safe
41.58,65.55,36.91,0.117,20.33,28.8,35.4,Watch
50.09,66.82,29.21,0.066,21.88,22.7,23.3,Safe
45.27,59.88,27.96,0.214,8.14,24.1,19.0,Safe
44.76,60.86,35.17,0.216,15.9,25.3,28.5,Safe
34.03,63.74,46.94,0.507,20.26,24.5,39.9,Watch
28.9,59.2,38.54,0.244,16.25,25.5,24.2,Safe
39.33,61.82,43.66,0.218,16.27,20.5,35.7,Watch
47.32,67.82,38.02,0.092,20.25,20.1,32.1,Safe
35.07,57.02,40.93,0.67,20.39,22.2,38.2,Watch
53.15,85.88,32.97,0.033,20.8,16.5,36.9,Watch
31.77,71.03,47.78,1.412,13.25,22.9,46.2,Watch
20.3,54.84,35.06,0.226,9.49,21.0,20.5,Safe
34.84,45.18,36.55,0.072,22.83,24.0,24.3,Safe
36.59,59.5,35.75,0.153,13.55,22.2,23.7,Safe
33.77,70.47,29.49,0.01,13.13,20.0,17.0,Safe
54.21,68.92,26.94,0.064,12.59,26.9,21.4,Safe
47.08,64.11,22.22,0.143,24.91,23.2,16.5,Safe
13.54,60.19,41.55,0.283,19.27,25.6,33.9,Safe
58.02,57.77,28.68,0.049,20.06,23.6,23.0,Safe
0.0,61.78,31.68,0.394,22.14,24.4,20.9,Safe
67.27,56.9,47.6,0.651,17.75,18.9,41.8,Watch
30.69,61.81,36.99,0.297,24.08,26.8,34.4,Safe
32.16,75.65,22.91,0.123,10.82,25.6,17.1,Safe
34.1,58.83,43.99,0.045,11.49,22.9,27.5,Safe
40.78,69.89,27.68,0.01,11.16,23.9,19.2,Safe
35.0,71.11,36.58,0.461,20.53,26.0,29.2,Safe
33.0,56.36,35.3,0.347,21.04,21.9,24.6,Safe
54.63,58.25,27.14,0.226,15.16,18.3,20.2,Safe
43.48,73.55,23.47,0.038,16.61,21.9,14.6,Safe
20.62,57.59,26.34,0.081,25.61,23.5,19.1,Safe
46.11,64.54,22.92,0.591,13.83,22.9,16.3,Safe
42.86,81.32,28.27,0.229,19.77,27.0,28.7,Safe
26.82,72.84,49.92,1.152,13.89,20.1,47.3,Watch
46.88,65.68,32.06,3.671,24.58,20.5,41.3,Watch
32.64,71.73,45.92,0.565,21.77,19.8,43.1,Watch
31.67,64.55,36.48,0.105,9.61,24.3,25.9,Safe
31.27,73.15,40.0,0.092,16.44,18.4,36.2,Watch
0.0,48.63,24.69,0.102,5.53,25.2,11.4,Safe
27.1,63.89,28.24,1.514,23.4,20.2,23.2,Safe
45.7,48.31,35.31,0.143,30.28,20.7,25.6,Safe
34.66,66.29,46.43,0.429,4.92,28.3,38.4,Watch
15.72,63.11,21.29,1.118,9.44,26.7,14.7,Safe
49.47,75.89,35.21,0.599,19.0,23.4,34.4,Safe
30.52,70.69,21.53,0.319,17.89,19.1,12.5,Safe
16.68,60.79,33.7,0.065,15.53,29.0,18.2,Safe
68.09,61.75,38.87,0.067,7.57,22.4,34.5,Safe
19.2,68.05,42.34,0.237,19.94,23.7,35.2,Watch
48.19,60.42,24.16,1.062,23.33,25.7,23.0,Safe
23.46,64.74,25.0,0.822,35.08,17.1,19.6,Safe
37.04,75.53,34.1,0.064,25.84,21.1,28.7,Safe
21.47,58.37,49.94,0.119,10.21,22.8,33.9,Safe
16.41,61.42,30.68,0.311,17.93,23.4,16.8,Safe
42.83,62.54,32.83,0.227,21.55,19.1,22.6,Safe
41.08,90.26,32.97,0.044,13.87,24.0,37.7,Watch
52.17,69.87,22.42,0.161,22.68,23.1,16.1,Safe
34.48,74.06,43.23,1.083,22.22,28.0,47.1,Watch
68.31,71.15,27.59,1.059,25.42,26.0,31.1,Safe
39.03,71.68,41.11,0.287,22.81,22.2,34.6,Safe
43.5,68.79,34.25,0.353,19.71,22.4,30.3,Safe
14.62,67.92,38.35,0.088,14.17,26.0,23.0,Safe
25.79,53.39,21.62,0.474,10.24,23.9,12.2,Safe
42.8,67.86,46.7,0.019,19.31,18.9,44.3,Watch
33.74,64.13,27.32,0.087,15.58,29.3,19.1,Safe
37.82,69.36,40.1,0.01,16.16,20.0,34.5,Safe
22.75,64.43,43.94,0.171,24.73,30.4,36.8,Watch
36.83,71.11,36.2,0.665,26.21,24.3,32.1,Safe
36.78,72.52,30.12,1.416,10.59,21.1,23.2,Safe
17.29,41.7,49.34,0.386,16.74,15.9,34.1,Safe
44.64,61.53,28.35,0.478,15.4,25.3,22.4,Safe
9.5,50.14,48.46,0.107,19.89,18.3,32.6,Safe
37.76,66.91,24.69,0.257,4.4,24.1,12.6,Safe
61.48,62.59,31.68,0.467,9.23,28.8,31.3,Safe
45.21,75.85,24.15,0.241,17.3,19.6,23.9,Safe
45.11,66.66,20.07,0.032,22.72,25.2,15.4,Safe
21.54,61.12,27.81,0.473,18.45,20.6,22.7,Safe
61.54,72.51,22.62,0.087,22.03,26.4,15.9,Safe
55.65,62.45,49.59,0.036,19.18,23.2,42.8,Watch
22.35,61.02,42.85,0.228,25.66,22.9,35.8,Watch
27.88,68.15,20.11,0.027,26.92,26.6,11.5,Safe
53.82,77.9,26.71,0.347,13.44,24.9,27.7,Safe
61.94,71.83,40.1,0.358,23.3,20.6,37.4,Watch
16.03,69.54,31.96,0.104,21.05,28.4,20.0,Safe
19.94,87.01,44.96,1.169,33.03,18.4,58.6,Watch
32.84,59.14,35.15,0.609,13.21,23.8,26.6,Safe
2.43,58.96,39.61,0.041,17.3,20.5,26.7,Safe
35.29,66.16,37.91,0.483,11.81,18.5,29.5,Safe
52.79,77.12,39.15,0.152,12.16,19.6,35.0,Watch
13.42,57.47,26.9,0.486,20.31,22.9,25.6,Safe
36.91,79.04,31.2,0.565,19.23,24.0,31.5,Safe
26.27,53.49,21.52,0.057,21.25,26.2,18.8,Safe
59.6,64.03,37.63,0.379,21.12,27.4,34.2,Safe
26.45,66.39,33.78,0.695,16.59,23.8,23.6,Safe
57.78,57.94,42.82,0.137,16.54,21.7,36.3,Watch
26.04,60.03,26.19,0.029,12.18,26.1,17.6,Safe
46.57,71.37,33.1,0.01,13.79,21.2,27.2,Safe
38.78,76.53,25.42,0.041,17.66,18.2,22.0,Safe
32.93,48.08,38.42,0.01,19.18,25.8,26.6,Safe
23.14,66.44,45.44,0.139,22.26,27.0,37.9,Watch
39.85,64.09,42.96,0.125,21.65,20.5,36.6,Watch
28.39,65.86,48.33,0.041,27.34,28.9,46.0,Watch
24.65,62.47,49.15,0.369,12.16,24.7,40.7,Watch
57.09,54.68,43.16,1.686,16.6,24.3,40.3,Watch
43.21,77.34,28.6,0.809,12.69,21.4,24.4,Safe
44.65,74.27,26.58,0.102,25.66,26.1,18.1,Safe
29.13,64.17,33.43,0.514,14.99,18.4,24.0,Safe
32.21,61.09,49.82,0.967,24.93,22.0,47.7,Watch
31.27,60.12,32.38,0.829,26.72,20.8,27.0,Safe
40.06,44.31,25.97,0.756,20.48,19.1,19.7,Safe
44.63,67.83,48.33,0.54,19.76,25.6,46.1,Watch
34.55,71.24,31.58,0.121,18.23,24.0,27.9,Safe
23.11,66.1,40.73,0.031,16.1,25.4,31.5,Safe
46.41,64.31,43.64,0.234,15.38,22.2,37.5,Watch
35.5,66.07,45.29,0.02,17.12,26.0,33.8,Safe
13.39,58.17,44.64,2.27,28.95,23.2,43.9,Watch
2.97,61.0,45.09,0.155,11.75,21.6,30.5,Safe
39.47,63.67,40.03,1.112,19.23,21.1,34.8,Safe
22.56,70.57,32.11,0.519,22.27,17.1,22.4,Safe
41.47,76.03,40.02,0.185,16.29,26.5,42.7,Watch
23.37,63.17,45.1,0.044,20.5,26.2,33.2,Safe
37.0,56.64,30.52,0.095,8.97,31.8,23.6,Safe
29.32,65.29,28.9,0.391,25.95,22.0,22.3,Safe
61.28,81.09,30.31,0.62,24.79,21.0,36.2,Watch
49.25,57.34,36.54,1.36,17.41,17.9,31.1,Safe
55.21,72.09,21.57,0.05,12.72,25.9,14.2,Safe
35.36,75.69,43.37,0.059,22.76,25.2,42.3,Watch
47.34,62.12,24.17,0.015,11.11,27.7,15.2,Safe
36.37,59.39,23.99,0.106,11.97,20.3,15.3,Safe
57.04,69.6,25.93,0.602,17.68,25.1,24.1,Safe
33.91,67.83,37.31,0.077,27.11,21.4,35.1,Watch
14.04,70.56,28.57,0.278,21.84,27.0,19.1,Safe
5.02,81.59,31.04,0.207,14.12,24.6,25.1,Safe
60.02,66.34,47.95,0.138,7.91,18.3,45.9,Watch
42.18,55.46,45.42,0.337,18.25,22.6,39.5,Watch
43.16,65.53,45.57,0.244,19.51,17.2,43.8,Watch
57.34,66.93,37.33,0.143,17.56,19.5,37.4,Watch
10.22,75.14,45.99,0.409,28.84,19.7,44.7,Watch
29.62,63.43,43.36,0.115,17.21,21.1,36.2,Watch
31.46,61.73,48.6,0.361,4.31,22.2,34.9,Safe
46.13,54.03,21.93,1.103,15.56,23.5,20.6,Safe
24.61,69.38,20.86,0.457,20.73,23.3,10.9,Safe
16.98,91.79,25.25,0.19,20.32,22.9,26.6,Safe
16.84,63.22,47.87,0.482,16.94,24.0,36.4,Watch
52.24,68.62,38.17,0.58,15.95,19.3,35.8,Watch
23.86,60.62,32.78,0.138,6.0,23.2,23.0,Safe
26.72,54.75,35.38,0.427,18.51,27.3,23.8,Safe
44.52,68.47,44.89,0.199,15.97,22.5,35.9,Watch
24.52,65.23,47.87,0.597,19.5,24.5,40.5,Watch
9.43,45.92,41.89,0.123,20.95,24.2,25.9,Safe
11.27,77.88,42.8,0.972,25.45,25.6,42.3,Watch
34.15,68.33,29.61,0.299,12.27,23.9,15.9,Safe
42.46,65.59,34.01,0.153,10.24,25.5,28.0,Safe
31.97,61.62,46.56,0.19,14.56,24.5,40.8,Watch
41.46,68.24,43.58,0.15,13.59,25.0,35.0,Watch
10.81,68.61,40.53,0.055,13.05,24.3,27.2,Safe
11.82,68.21,21.96,0.025,26.67,20.0,14.9,Safe
68.81,73.54,21.19,0.136,18.89,19.5,18.6,Safe
53.49,75.36,23.91,0.215,29.83,21.9,27.5,Safe
46.53,81.04,37.44,0.157,17.98,27.7,41.3,Watch
25.1,58.31,36.09,0.01,10.97,22.5,20.7,Safe
31.43,60.41,48.28,0.303,13.15,23.9,40.5,Watch
34.97,67.89,40.84,0.055,24.15,17.1,33.1,Safe
54.72,58.77,28.82,0.083,11.2,23.6,19.9,Safe
41.04,60.06,24.84,0.045,21.35,23.3,19.3,Safe
42.89,68.8,45.49,0.257,15.86,15.0,36.0,Watch
32.49,72.21,33.79,0.035,12.42,23.9,24.4,Safe
46.89,75.21,39.6,0.104,26.32,18.0,39.1,Watch
39.53,63.46,36.95,0.21,14.47,20.8,26.0,Safe
35.66,68.71,23.22,0.064,13.03,26.0,12.9,Safe
23.85,66.94,21.71,0.207,17.53,23.5,17.0,Safe
33.3,65.14,31.31,0.147,14.95,21.7,22.1,Safe
18.81,58.47,30.85,0.69,31.29,21.4,30.8,Safe
34.4,57.45,40.21,0.554,24.36,21.7,36.4,Watch
36.33,70.33,38.97,1.729,14.46,23.5,39.7,Watch
0.0,58.34,49.07,0.263,15.15,19.4,30.3,Safe
31.54,50.78,45.74,0.3,5.88,26.4,30.9,Safe
17.36,64.75,34.9,1.026,18.82,19.6,24.7,Safe
42.48,76.64,35.0,0.179,13.52,17.8,32.4,Safe
44.56,42.64,40.22,0.284,18.53,26.0,28.9,Safe
28.6,62.69,23.42,0.167,6.2,21.7,12.5,Safe
43.24,70.4,50.0,0.276,17.84,23.2,48.9,Watch
43.87,50.41,35.56,0.029,28.19,25.0,27.2,Safe
31.55,63.29,47.3,0.536,18.32,20.8,42.9,Watch
58.01,55.88,49.02,1.476,13.35,23.4,44.4,Watch
24.12,56.94,37.45,0.024,17.88,24.9,27.0,Safe
57.07,61.78,23.1,0.565,17.61,27.9,16.8,Safe
31.62,56.01,37.2,0.097,31.15,21.5,30.6,Safe
22.35,55.35,37.93,0.077,16.0,21.6,27.7,Safe
29.73,64.53,43.68,0.414,10.78,24.7,30.4,Safe
18.51,82.82,21.45,0.016,18.13,23.6,20.3,Safe
46.77,71.06,33.99,0.218,19.17,22.6,28.1,Safe
10.96,73.08,47.68,0.01,21.37,27.8,43.3,Watch
55.84,71.38,49.74,0.283,22.53,18.0,51.2,Watch
20.96,59.42,25.74,0.217,29.73,18.7,20.7,Safe
47.55,67.49,46.12,0.865,14.43,18.0,43.6,Watch
35.36,73.78,24.39,0.446,13.88,26.6,18.2,Safe
39.06,71.63,45.24,0.047,6.88,24.5,36.6,Watch
26.15,66.56,28.32,0.153,21.97,18.9,19.3,Safe
40.29,69.16,48.79,0.939,12.68,22.6,44.6,Watch
37.02,84.7,40.86,0.452,23.35,22.9,48.3,Watch
13.13,71.72,31.97,0.316,15.05,16.4,23.3,Safe
20.56,62.48,28.43,0.287,28.36,23.6,21.0,Safe
26.89,64.41,27.06,0.178,9.4,19.5,17.6,Safe
23.68,56.57,40.42,0.308,24.14,25.1,27.6,Safe
53.79,83.78,46.87,0.517,23.42,19.6,62.2,Warning
35.11,77.83,42.65,0.048,21.16,23.7,42.3,Watch
23.32,65.67,45.04,1.225,11.3,26.9,33.4,Safe
27.64,82.45,43.44,0.096,21.19,25.9,51.2,Watch
27.43,70.06,49.37,0.208,18.76,24.5,46.4,Watch
30.68,61.55,42.73,0.01,7.02,22.8,30.0,Safe
18.87,72.25,26.31,0.28,27.35,18.5,21.8,Safe
22.79,68.19,43.75,0.168,15.93,21.7,33.4,Safe
46.5,71.7,29.66,0.101,26.89,22.3,23.6,Safe
37.78,54.05,49.87,1.482,17.59,22.1,44.3,Watch
32.71,58.52,31.3,0.196,23.89,18.4,21.4,Safe
35.04,76.91,28.78,0.187,12.84,24.3,24.0,Safe
34.32,78.55,27.18,0.218,19.29,19.5,22.7,Safe
31.86,76.32,39.76,0.043,18.86,27.6,31.3,Safe
42.76,82.75,23.28,0.175,16.06,23.4,20.6,Safe
41.65,69.62,48.61,0.144,12.78,25.9,40.0,Watch
11.42,69.06,28.83,0.219,0.0,25.9,16.1,Safe
33.03,57.69,28.86,0.68,12.93,29.2,23.6,Safe
12.41,60.36,21.38,0.075,22.2,23.5,12.9,Safe
44.53,49.09,27.38,0.328,9.63,21.8,17.1,Safe
46.51,62.43,32.57,0.013,10.87,21.9,20.0,Safe
25.84,48.53,31.09,0.133,9.39,27.5,14.3,Safe
33.25,73.65,28.19,0.224,19.25,19.0,18.0,Safe
3.33,68.11,21.22,0.027,12.64,20.4,7.6,Safe
49.59,48.79,29.02,0.275,25.32,23.7,20.0,Safe
45.65,63.48,43.35,0.13,22.41,22.5,40.8,Watch
52.25,80.74,33.16,1.727,19.2,25.9,42.3,Watch
57.3,63.99,28.72,0.349,19.82,19.0,18.9,Safe
16.64,57.01,29.14,0.098,13.42,22.8,14.4,Safe
48.32,50.72,36.63,0.038,13.42,22.4,26.2,Safe
57.19,50.95,29.07,0.015,22.27,19.8,18.8,Safe
12.58,69.28,38.92,0.033,23.48,25.6,29.5,Safe
32.43,61.53,49.68,0.399,22.21,22.7,41.9,Watch
29.55,62.19,21.24,0.676,15.18,22.6,13.6,Safe
47.83,61.56,25.06,0.06,15.65,20.5,15.3,Safe
0.0,63.88,25.37,0.18,12.41,21.9,13.1,Safe
62.24,55.18,33.41,0.153,22.61,19.9,31.5,Safe
33.31,67.53,21.24,0.362,6.23,25.6,14.6,Safe
48.74,53.62,34.33,0.071,4.77,26.1,20.0,Safe
34.1,58.95,47.87,1.073,5.97,28.0,48.8,Watch
42.38,73.09,20.35,0.456,5.14,24.3,16.0,Safe
0.18,68.01,30.95,1.086,26.14,22.0,22.2,Safe
29.23,70.49,42.83,0.114,22.72,21.6,34.4,Safe
47.72,82.2,24.63,0.31,10.81,24.5,23.6,Safe
39.33,64.52,22.33,0.461,17.36,23.6,17.2,Safe
10.45,65.17,38.92,0.434,26.79,22.5,35.0,Safe
35.92,62.89,20.3,0.01,21.0,22.2,13.2,Safe
22.72,61.45,44.05,2.23,30.69,26.5,43.8,Watch
21.42,56.92,22.01,0.921,17.31,21.7,13.3,Safe
12.19,65.67,35.73,0.045,14.07,27.0,24.8,Safe
44.28,67.84,42.2,0.275,11.51,23.5,31.9,Safe
51.7,68.29,27.26,0.132,18.14,21.9,24.5,Safe
66.8,65.51,23.11,0.739,23.62,20.6,19.4,Safe
12.89,72.41,25.27,0.419,18.59,22.5,19.1,Safe
46.51,65.24,45.64,0.089,15.85,24.5,42.6,Watch
47.5,61.73,41.17,0.012,25.54,21.9,43.9,Watch
26.29,57.58,25.94,0.121,21.17,25.6,15.4,Safe
21.24,52.61,41.48,0.014,17.32,21.7,27.6,Safe
18.71,76.68,41.26,0.053,13.4,22.6,36.2,Watch
27.09,59.41,49.93,0.354,16.47,19.1,40.9,Watch
38.04,57.59,31.75,0.478,20.84,24.7,22.8,Safe
55.4,61.66,45.95,0.221,13.32,22.2,43.5,Watch
51.58,62.77,33.39,0.321,10.6,27.7,28.3,Safe
10.77,78.11,46.93,0.059,15.12,25.1,43.3,Watch
23.17,62.37,22.75,0.133,17.7,23.3,11.3,Safe
54.49,86.07,25.26,0.437,26.18,26.7,27.2,Safe
24.03,65.51,45.5,0.159,11.04,24.2,33.0,Safe
34.15,81.46,44.58,0.15,19.36,26.0,49.8,Watch
9.42,72.15,29.16,0.075,16.33,20.4,18.8,Safe
52.3,67.89,37.9,0.316,16.63,24.4,35.2,Watch
6.31,77.62,31.48,0.58,27.24,24.5,33.0,Safe
10.36,73.98,20.31,0.222,18.49,18.4,12.3,Safe
50.76,70.08,20.78,0.043,12.52,27.5,14.7,Safe
63.8,83.54,21.63,0.638,23.33,19.5,30.3,Safe
30.64,61.01,37.82,0.026,22.89,19.1,30.5,Safe
34.3,57.04,28.38,0.223,11.99,14.5,14.7,Safe
48.62,59.59,24.32,0.106,10.84,24.4,15.1,Safe
39.34,79.02,48.23,0.964,20.46,18.1,53.3,Watch
29.4,76.61,23.64,0.468,17.8,21.4,21.6,Safe
27.72,60.8,40.22,0.292,15.18,25.5,28.8,Safe
11.5,46.16,46.82,0.386,24.34,23.6,31.5,Safe
38.49,63.35,24.91,0.266,14.45,21.1,14.3,Safe
33.62,56.89,26.44,0.056,20.53,18.2,19.8,Safe
28.43,61.05,37.21,0.432,25.05,22.7,29.6,Safe
19.97,56.56,35.25,0.238,15.97,25.6,25.3,Safe
21.49,52.12,35.63,0.352,7.03,25.1,22.5,Safe
44.28,80.07,36.64,0.016,15.58,28.4,41.2,Watch
48.22,59.53,48.5,0.054,19.14,21.0,41.9,Watch
30.09,76.3,21.62,0.312,24.02,19.0,19.5,Safe
28.51,63.23,42.81,0.215,14.87,23.9,32.0,Safe
22.2,55.95,26.98,0.09,28.34,23.6,18.0,Safe
49.05,69.07,31.21,0.096,10.21,23.0,25.9,Safe
35.46,61.87,22.68,0.35,18.98,20.8,18.3,Safe
40.52,63.34,33.37,0.021,16.57,15.0,23.5,Safe
40.38,66.16,44.13,0.199,26.08,20.0,41.4,Watch
30.38,58.5,22.96,0.259,9.16,24.7,14.2,Safe
17.52,52.03,28.27,0.129,20.55,23.9,17.3,Safe
20.06,64.59,31.19,0.601,16.53,25.9,24.2,Safe
51.92,72.71,23.12,0.02,27.17,24.0,19.7,Safe
24.11,57.79,42.87,0.703,13.03,25.2,37.0,Watch
28.84,66.23,43.61,0.45,20.49,25.3,42.5,Watch
17.98,77.04,45.08,0.207,12.97,23.1,41.9,Watch
16.76,64.28,37.52,0.904,19.13,23.1,33.8,Safe
23.46,65.69,35.22,0.424,15.78,14.3,25.1,Safe
60.33,65.44,27.88,0.936,15.69,21.0,24.3,Safe
44.87,59.54,39.65,0.224,6.08,21.2,30.8,Safe
27.1,57.05,33.34,0.211,20.49,22.7,22.9,Safe
51.24,57.09,49.12,0.265,11.51,20.2,41.7,Watch
32.72,67.95,49.05,0.024,11.3,25.8,37.0,Watch
55.32,71.06,47.16,0.837,8.67,20.4,45.2,Watch
68.18,71.44,30.8,0.386,11.66,26.3,29.0,Safe
50.42,61.97,31.04,0.336,21.0,20.1,27.0,Safe
36.42,73.75,45.58,0.913,20.71,21.2,45.3,Watch
45.49,67.46,41.87,1.77,21.98,21.0,48.3,Watch
60.08,91.2,50.09,1.001,40.15,20.9,85.1,Critical
93.57,77.7,38.9,0.682,41.38,22.6,57.3,Watch
63.46,84.65,39.95,0.286,23.06,25.7,53.6,Watch
63.97,76.32,47.23,0.371,18.58,22.1,56.8,Watch
55.16,92.33,44.17,0.076,29.13,24.2,60.1,Warning
64.8,75.76,39.63,0.312,35.63,23.3,51.0,Watch
74.33,84.3,35.71,2.725,25.4,20.0,56.6,Watch
65.7,91.36,41.37,0.533,20.86,19.3,50.2,Watch
66.99,74.82,42.74,0.514,37.07,25.2,49.0,Watch
90.32,85.57,43.88,0.794,29.58,14.0,60.0,Warning
75.47,76.04,43.31,0.53,36.36,20.0,56.9,Watch
46.98,95.97,43.58,0.351,32.11,17.8,60.2,Warning
68.29,70.65,40.47,0.12,30.84,25.2,40.8,Watch
59.23,72.9,42.36,0.796,31.55,26.1,44.3,Watch
80.42,75.27,36.35,1.106,29.49,19.8,44.8,Watch
72.06,75.46,33.48,2.052,28.79,30.3,49.0,Watch
92.61,85.13,43.35,0.01,24.29,26.1,58.4,Watch
55.2,92.8,31.03,0.055,35.38,22.6,38.1,Watch
66.15,88.93,31.43,1.837,40.73,26.5,50.5,Watch
48.72,83.4,35.44,0.798,28.5,20.1,45.4,Watch
69.16,82.06,34.28,2.534,45.06,21.2,54.3,Watch
39.27,78.36,38.23,0.451,34.64,23.4,42.0,Watch
76.43,84.35,38.17,0.431,33.81,19.9,56.1,Watch
68.89,80.75,32.57,0.338,36.59,18.1,42.2,Watch
73.1,83.14,35.42,0.123,38.83,19.2,43.9,Watch
85.76,77.55,30.1,0.381,28.82,21.4,32.9,Safe
74.5,74.79,37.72,0.012,35.88,23.4,39.5,Watch
44.46,82.15,47.52,0.57,39.33,21.0,63.2,Warning
58.88,82.02,35.86,1.503,29.34,17.1,50.4,Watch
68.4,78.42,44.15,0.31,32.03,23.4,51.1,Watch
63.44,77.4,32.16,0.08,26.63,25.8,32.1,Safe
65.88,85.35,30.27,2.912,28.55,20.0,53.7,Watch
102.43,84.73,40.96,0.11,29.55,27.0,58.4,Watch
72.01,93.26,40.15,0.602,25.67,24.6,57.8,Watch
77.65,90.29,34.21,1.325,31.56,18.8,50.4,Watch
29.82,74.84,36.3,0.233,34.32,20.1,35.2,Watch
84.92,80.86,30.67,1.474,35.0,21.1,40.2,Watch
127.04,73.81,47.55,0.651,26.34,21.4,64.4,Warning
96.91,70.96,36.63,0.323,27.76,14.7,33.9,Safe
61.2,95.17,34.83,1.606,37.96,19.7,55.7,Watch
115.62,90.88,47.7,0.778,27.74,20.3,79.4,Warning
70.55,78.22,30.86,0.764,37.77,27.7,35.2,Watch
76.13,89.46,36.26,0.561,26.87,22.7,52.3,Watch
64.65,90.35,35.78,0.257,34.64,19.6,49.7,Watch
64.13,70.48,35.79,0.291,37.27,20.7,40.0,Watch
25.04,87.1,30.25,0.074,13.45,23.3,24.5,Safe
85.75,79.05,50.56,0.223,38.08,20.9,71.1,Warning
64.06,84.3,49.01,0.26,41.13,20.2,73.7,Warning
66.24,100.0,39.12,0.048,29.84,20.3,58.1,Watch
75.47,91.51,39.8,0.094,34.42,23.4,59.8,Watch
61.71,81.23,41.53,0.252,26.13,17.9,50.3,Watch
75.28,90.53,40.52,0.905,34.54,18.7,61.3,Warning
94.06,70.47,47.14,0.163,49.23,19.2,64.3,Warning
78.1,85.02,40.75,0.59,16.62,18.7,49.7,Watch
66.93,85.16,34.15,0.567,28.5,19.5,44.1,Watch
67.53,86.23,32.57,1.437,37.58,24.7,54.4,Watch
74.01,78.95,50.2,0.752,40.83,25.1,73.2,Warning
53.36,84.29,31.06,1.991,22.32,22.8,38.3,Watch
74.16,87.14,49.75,0.791,27.53,22.6,74.9,Warning
83.69,68.06,45.19,0.021,27.94,20.0,47.5,Watch
71.75,80.1,38.9,0.384,27.43,15.8,48.4,Watch
61.52,76.58,34.12,0.961,31.19,22.4,44.7,Watch
64.26,85.97,36.83,0.516,22.0,22.9,47.5,Watch
83.04,90.27,41.66,0.435,30.22,20.0,59.9,Watch
48.0,78.33,44.45,0.891,25.45,18.8,56.5,Watch
53.67,75.47,45.21,0.269,31.52,18.2,49.9,Watch
37.86,82.7,39.84,1.917,27.06,22.5,53.6,Watch
70.68,75.08,38.23,0.426,30.82,22.2,45.3,Watch
87.24,80.64,46.9,0.798,24.74,25.6,60.6,Warning
96.63,80.01,50.36,3.229,38.67,19.6,89.1,Critical
100.97,85.48,50.12,1.231,29.72,21.1,82.3,Critical
56.19,83.89,42.14,0.607,32.1,22.1,57.6,Watch
75.0,82.97,31.74,1.569,30.98,20.4,45.6,Watch
61.95,91.82,31.61,0.658,32.05,24.5,41.9,Watch
102.95,83.62,38.86,0.466,32.02,25.7,58.5,Watch
96.07,79.49,46.12,1.654,37.64,18.7,75.5,Warning
73.36,80.23,40.94,0.022,30.0,20.6,53.7,Watch
57.61,77.41,43.8,0.419,26.96,26.0,54.3,Watch
1.04,75.89,48.55,0.336,32.29,23.0,48.0,Watch
41.33,73.66,30.89,1.002,27.71,22.4,31.4,Safe
32.95,88.81,50.32,0.01,31.48,23.0,67.4,Warning
41.08,77.69,37.28,0.865,24.64,24.0,45.6,Watch
107.58,83.9,31.03,0.34,39.35,23.2,42.7,Watch
44.1,80.2,48.38,0.082,26.54,22.6,56.5,Watch
48.78,81.82,50.55,3.143,40.4,22.0,85.0,Critical
51.59,88.92,46.91,0.191,31.57,26.0,65.7,Warning
121.97,83.06,47.7,0.344,37.99,21.2,76.9,Warning
68.75,76.46,49.17,0.186,26.63,22.0,60.2,Warning
89.88,78.62,41.49,0.868,18.23,26.7,53.8,Watch
73.51,87.16,44.97,1.221,20.46,23.0,65.0,Warning
30.31,84.9,36.3,1.577,49.52,21.8,49.7,Watch
100.65,87.53,35.49,0.298,27.81,23.9,50.9,Watch
78.02,80.57,43.4,0.595,39.67,22.7,57.8,Watch
67.57,73.62,46.16,0.871,22.92,19.8,49.5,Watch
105.2,85.04,38.74,0.794,33.25,22.7,59.8,Watch
63.07,83.52,38.81,1.007,34.44,19.6,51.4,Watch
67.11,83.67,50.99,1.175,51.85,27.5,82.4,Critical
63.1,73.71,41.41,0.082,29.77,22.7,42.5,Watch
91.53,78.16,51.7,0.147,27.02,19.2,77.3,Warning
86.28,76.37,48.98,1.06,34.46,20.8,68.8,Warning
75.57,84.4,44.07,0.518,25.53,24.3,60.8,Warning
48.96,84.6,30.2,0.446,34.87,18.7,33.3,Safe
62.6,81.74,36.51,0.486,31.63,30.2,47.1,Watch
48.96,87.81,39.19,0.372,26.72,17.6,46.8,Watch
93.21,90.94,44.36,0.715,35.46,24.8,71.1,Warning
38.51,84.12,38.7,0.312,32.76,20.5,49.8,Watch
101.89,86.03,48.21,0.81,37.32,19.6,82.3,Critical
95.75,78.75,44.58,0.181,43.57,23.6,64.4,Warning
51.63,77.65,37.64,1.134,28.49,20.6,45.7,Watch
61.67,88.06,47.26,1.217,29.12,26.8,71.5,Warning
55.75,76.75,36.67,0.691,22.58,17.8,41.8,Watch
78.6,86.18,31.38,0.369,35.65,23.7,39.9,Watch
98.25,92.32,33.8,0.012,27.49,21.2,48.3,Watch
93.71,85.92,30.06,0.104,34.42,22.9,43.3,Watch
61.34,81.51,48.31,0.066,40.16,23.5,68.6,Warning
95.1,73.96,43.8,0.01,27.21,16.8,54.1,Watch
93.44,82.98,42.55,1.025,28.68,22.7,63.1,Warning
66.22,88.05,44.57,2.5,39.1,25.3,73.2,Warning
69.81,80.93,44.38,0.01,36.95,23.4,53.8,Watch
100.83,88.13,42.44,0.096,36.21,20.9,59.2,Watch
91.17,84.19,48.53,1.577,29.26,17.8,77.4,Warning
94.5,83.75,39.7,0.933,21.95,23.5,57.8,Watch
121.71,80.1,47.71,0.415,27.02,27.6,75.2,Warning
80.95,73.26,47.31,3.947,24.93,24.0,70.7,Warning
76.51,79.45,34.39,0.682,36.07,25.5,43.5,Watch
97.16,79.4,39.98,0.886,33.99,24.8,60.1,Warning
109.76,85.45,48.37,0.847,27.81,20.8,74.9,Warning
57.77,81.91,48.28,0.202,29.0,22.3,59.6,Watch
65.96,88.5,30.53,0.536,35.33,24.6,41.7,Watch
49.63,83.69,34.91,0.195,29.76,17.3,37.4,Watch
76.85,78.97,39.33,0.57,27.93,24.0,48.7,Watch
87.79,77.11,31.04,0.025,45.85,25.8,36.6,Watch
51.02,78.38,35.73,0.385,28.15,21.8,40.7,Watch
92.68,82.96,35.68,0.372,36.68,24.4,51.1,Watch
60.93,79.76,34.72,0.276,34.75,20.3,43.1,Watch
59.3,75.54,38.73,0.066,21.34,22.1,40.0,Watch
92.6,88.04,47.89,1.179,27.25,21.2,76.1,Warning
57.5,82.91,35.37,0.436,37.73,23.4,46.7,Watch
41.93,83.65,42.81,1.345,31.08,21.7,56.1,Watch
84.87,77.06,42.27,1.445,21.75,17.0,56.0,Watch
67.37,75.75,47.99,0.192,34.76,19.8,60.4,Warning
93.96,81.03,38.67,0.438,27.92,27.8,50.9,Watch
86.66,69.83,34.92,1.021,35.05,23.7,42.0,Watch
35.03,86.68,49.61,0.554,50.81,15.7,72.2,Warning
96.31,77.78,48.32,1.545,34.68,25.6,75.9,Warning
107.99,80.39,43.67,0.678,36.29,18.5,65.2,Warning
90.67,84.56,32.05,0.794,30.22,24.7,42.2,Watch
91.48,80.65,30.35,1.237,24.16,25.9,43.1,Watch
65.05,74.99,34.02,0.104,39.17,22.3,36.3,Watch
60.47,91.03,34.33,0.702,27.76,19.0,44.8,Watch
74.25,72.8,33.0,0.071,30.4,19.9,32.7,Safe
88.4,68.58,35.77,0.241,44.55,23.9,44.9,Watch
87.89,87.25,37.43,0.191,29.64,18.6,51.1,Watch
61.24,73.24,46.6,0.67,40.51,20.3,55.8,Watch
59.22,89.52,45.61,1.486,34.71,23.5,74.4,Warning
40.2,84.26,32.3,0.114,28.13,20.0,37.6,Watch
82.94,83.7,51.5,1.17,34.39,26.3,79.7,Warning
62.2,78.59,46.55,0.124,26.99,18.9,60.0,Warning
63.98,77.05,33.6,0.168,38.33,12.1,37.0,Watch
104.56,79.74,32.74,1.991,40.73,19.7,51.7,Watch
81.97,76.74,31.93,0.01,32.34,22.9,40.2,Watch
76.46,89.25,46.1,0.176,41.4,24.6,68.2,Warning
86.6,77.54,35.2,0.194,33.12,20.8,42.8,Watch
98.41,85.04,31.61,0.265,38.4,21.2,42.8,Watch
37.65,88.03,39.28,0.361,52.66,21.9,59.3,Watch
58.69,76.71,45.59,0.087,49.33,27.2,58.5,Watch
65.36,84.26,36.7,0.506,30.72,23.1,45.9,Watch
50.43,76.64,40.62,0.408,34.05,20.5,47.5,Watch
64.7,80.96,34.24,0.785,24.62,28.2,47.3,Watch
38.98,79.25,39.44,1.617,37.59,22.0,52.4,Watch
88.44,77.83,37.9,0.283,34.72,15.8,48.1,Watch
59.65,82.95,39.55,0.633,26.58,17.8,51.7,Watch
74.02,74.72,40.25,0.371,40.31,23.7,50.6,Watch
71.03,87.58,32.03,0.033,30.14,16.7,35.2,Watch
81.15,75.51,32.05,1.377,28.35,23.5,40.7,Watch
20.78,74.4,35.73,0.805,34.8,19.7,34.9,Safe
79.01,80.49,32.55,0.01,28.74,25.5,35.1,Watch
64.5,79.76,35.56,0.23,31.78,22.5,42.1,Watch
78.14,84.13,30.54,0.296,44.22,17.1,43.8,Watch
46.41,82.51,37.72,1.335,27.7,24.7,50.2,Watch
78.27,72.24,34.7,1.144,36.73,26.1,43.2,Watch
95.97,87.92,49.63,0.404,27.92,18.2,78.6,Warning
73.8,80.34,48.88,0.137,25.19,19.6,64.8,Warning
55.66,83.45,36.61,0.39,31.43,23.5,44.3,Watch
56.53,95.21,40.46,1.329,50.79,24.0,69.9,Warning
81.52,89.72,51.03,0.482,37.47,29.1,84.4,Critical
81.39,83.26,41.53,0.099,35.23,24.7,56.4,Watch
77.13,73.76,48.67,0.031,28.33,29.2,55.1,Watch
69.25,73.86,48.18,0.324,29.31,22.1,53.4,Watch
74.06,88.97,50.71,0.128,21.62,23.2,71.5,Warning
68.7,79.59,36.73,1.093,44.57,20.3,52.4,Watch
62.38,80.99,30.96,0.261,33.88,20.4,38.5,Watch
85.15,75.13,32.29,1.679,33.27,22.4,44.6,Watch
76.2,84.68,42.57,0.769,33.43,20.3,60.5,Warning
95.81,88.85,41.67,0.4,46.63,14.3,63.6,Warning
92.34,91.14,36.57,0.753,34.1,20.0,56.7,Watch
75.55,79.31,35.47,0.28,30.65,25.2,47.5,Watch
81.91,85.87,45.61,0.122,44.59,22.2,63.1,Warning
50.86,81.43,37.49,2.663,31.09,22.2,54.5,Watch
68.45,87.28,43.29,0.663,20.16,19.7,57.4,Watch
76.85,81.98,45.67,0.01,21.31,23.0,52.8,Watch
38.35,77.06,39.47,0.297,30.66,27.0,43.2,Watch
78.59,89.92,34.25,0.139,34.04,26.2,45.3,Watch
50.82,82.59,48.94,0.239,37.75,23.1,64.6,Warning
53.01,79.89,32.06,0.046,25.57,19.4,30.9,Safe
59.41,83.07,48.25,0.225,30.42,27.3,63.7,Warning
69.39,77.58,48.41,0.919,26.33,25.2,61.9,Warning
43.44,84.49,42.56,1.375,39.8,17.6,58.5,Watch
87.13,80.82,43.85,0.341,40.98,16.7,63.2,Warning
73.55,77.23,37.88,0.591,45.71,17.7,54.2,Watch
108.5,96.26,48.51,0.034,34.46,20.5,83.1,Critical
76.0,75.96,35.8,0.076,45.06,24.7,46.7,Watch
81.42,84.12,42.32,0.642,27.15,24.6,64.0,Warning
52.92,82.34,30.04,1.469,33.51,23.0,41.1,Watch
46.36,75.85,50.68,0.074,24.57,21.6,55.5,Watch
82.38,79.98,50.86,0.434,36.01,29.1,77.0,Warning
48.13,73.94,45.63,2.817,33.99,22.1,57.0,Watch
82.84,94.4,39.31,1.074,14.82,21.7,57.5,Watch
104.13,80.39,33.93,0.176,39.77,20.5,45.7,Watch
88.92,80.9,40.83,0.269,37.99,28.6,58.9,Watch
81.41,93.67,47.41,2.364,28.11,24.2,85.7,Critical
75.39,77.06,43.32,0.2,33.97,18.9,58.5,Watch
62.32,89.77,41.6,0.465,21.54,18.5,55.5,Watch
67.71,85.56,48.69,0.352,26.61,17.0,64.6,Warning
58.69,70.13,36.89,0.539,43.68,21.7,41.1,Watch
43.69,79.77,48.92,0.216,23.92,17.5,56.2,Watch
70.71,84.62,39.67,0.883,32.07,18.5,58.8,Watch
92.16,82.21,30.05,0.214,22.23,25.2,33.1,Safe
44.22,82.23,46.1,0.737,34.37,24.7,62.2,Warning
97.97,78.36,49.31,0.354,35.94,26.5,74.8,Warning
94.34,77.72,40.66,0.232,37.07,17.6,58.1,Watch
77.94,80.15,40.0,0.95,35.28,19.0,56.9,Watch
78.1,93.77,47.72,2.687,41.99,20.1,89.4,Critical
66.28,76.55,49.47,1.628,28.12,26.9,75.2,Warning
70.84,79.11,51.44,0.073,24.59,22.2,64.4,Warning
60.73,82.17,37.6,0.485,27.89,27.5,48.3,Watch
70.63,73.22,43.08,0.949,22.58,23.9,48.1,Watch
72.8,84.59,48.1,0.662,32.55,21.7,70.9,Warning
107.62,74.27,41.7,1.037,31.02,23.7,56.3,Watch
81.31,75.48,40.16,2.955,35.34,16.8,62.2,Warning
65.81,75.19,42.58,0.335,20.69,15.8,45.7,Watch
68.02,72.16,37.85,1.179,31.91,22.8,40.6,Watch
55.73,89.61,34.23,0.079,40.5,22.0,43.1,Watch
59.03,85.13,31.47,1.631,36.01,27.8,45.9,Watch
88.21,87.53,43.42,1.206,18.73,17.9,62.7,Warning
60.12,86.99,38.34,0.589,31.92,23.1,47.7,Watch
57.65,80.99,49.42,1.376,26.87,24.1,70.9,Warning
58.15,81.82,34.91,0.879,32.09,23.0,40.8,Watch
55.42,88.08,36.84,0.643,29.34,25.3,49.4,Watch
92.54,91.83,51.35,2.335,44.18,20.1,97.0,Critical
72.85,74.45,42.24,0.112,32.6,24.5,49.7,Watch
64.35,97.12,37.63,3.966,34.22,23.7,72.6,Warning
70.59,74.11,48.94,0.134,31.69,25.5,51.7,Watch
74.35,79.23,46.35,0.523,35.32,20.5,64.2,Warning
55.05,82.44,42.61,0.211,30.48,18.4,51.1,Watch
42.21,83.0,49.56,0.254,37.41,20.1,67.2,Warning
96.77,93.78,32.07,0.799,29.26,18.8,49.4,Watch
89.76,88.07,38.68,0.028,41.64,20.3,54.7,Watch
77.56,84.48,47.83,2.261,35.48,21.0,77.2,Warning
88.38,88.21,38.49,0.262,30.93,19.3,51.6,Watch
108.29,84.07,50.39,0.255,37.89,22.0,79.7,Warning
59.29,77.95,33.36,1.594,35.45,18.5,48.5,Watch
47.6,84.91,37.41,1.158,37.79,21.8,50.9,Watch
83.23,82.41,39.37,0.891,32.6,20.5,58.6,Watch
40.66,76.94,45.11,0.127,30.31,21.6,47.6,Watch
70.76,89.58,34.3,1.174,32.95,23.2,45.5,Watch
64.03,81.67,30.22,0.358,28.5,20.7,32.6,Safe
83.48,75.28,51.48,4.078,38.86,19.7,93.7,Critical
60.35,76.22,49.77,0.89,42.28,20.0,69.2,Warning
94.0,85.21,36.6,1.446,36.05,25.1,60.2,Warning
55.06,88.3,40.64,1.059,41.93,25.8,63.4,Warning
84.12,84.89,40.76,0.722,39.89,20.5,58.8,Watch
56.67,84.92,49.12,1.008,30.12,21.5,71.8,Warning
80.97,77.14,43.14,0.728,37.85,16.9,63.9,Warning
49.71,82.56,48.18,0.042,23.02,21.5,60.8,Warning
69.52,80.02,50.06,0.339,33.3,17.6,64.9,Warning
96.44,80.83,42.45,0.304,23.72,20.5,52.9,Watch
72.3,81.33,36.28,1.001,31.23,25.2,47.9,Watch
93.66,78.04,40.97,0.687,21.92,17.5,53.5,Watch
69.47,86.51,48.72,0.754,39.66,19.3,76.8,Warning
59.9,75.95,42.84,1.502,29.24,19.3,54.3,Watch
73.44,74.21,49.71,0.596,38.34,17.0,63.3,Warning
82.37,77.29,49.7,0.197,31.47,24.6,65.1,Warning
31.89,87.3,38.21,0.01,19.09,22.8,41.9,Watch
80.45,84.03,39.86,0.139,28.61,27.4,51.3,Watch
51.2,71.3,44.91,0.025,28.29,19.0,45.3,Watch
46.23,85.58,32.44,0.216,31.9,16.7,36.6,Watch
80.77,81.71,40.24,0.806,42.56,24.8,53.8,Watch
96.77,79.5,33.29,0.131,43.72,20.9,46.2,Watch
74.33,80.55,48.66,0.068,30.38,20.6,68.2,Warning
42.89,74.0,50.74,2.828,23.18,26.4,58.9,Watch
56.59,83.04,33.11,4.622,26.79,22.5,60.3,Warning
61.63,74.39,44.68,0.811,35.36,24.7,50.7,Watch
73.92,79.9,44.0,0.092,31.24,20.1,53.7,Watch
68.56,79.91,46.72,1.379,20.97,19.8,62.0,Warning
79.9,86.62,45.31,0.62,28.47,20.9,65.4,Warning
90.0,82.24,34.78,0.161,41.18,24.0,44.0,Watch
76.89,86.24,36.41,0.686,34.05,22.2,54.5,Watch
87.96,74.83,33.64,0.032,32.33,23.4,32.1,Safe
64.61,81.35,50.27,2.874,29.28,14.2,76.5,Warning
135.92,85.18,41.48,1.399,28.78,16.4,69.6,Warning
81.06,89.45,51.48,0.242,35.81,15.5,83.7,Critical
83.68,75.16,39.89,0.434,32.99,20.9,47.8,Watch
105.15,76.95,42.16,0.402,37.4,17.8,63.0,Warning
71.76,85.03,47.36,1.581,35.83,27.1,75.1,Warning
57.09,91.67,47.54,0.35,32.14,21.9,65.3,Warning
96.13,83.72,35.09,0.039,34.69,22.7,46.3,Watch
97.3,75.34,36.34,0.193,27.85,18.7,44.8,Watch
73.07,75.46,32.15,0.194,31.66,18.6,38.0,Watch
105.19,82.81,47.72,2.385,41.39,26.7,85.5,Critical
68.33,84.15,47.46,2.062,32.07,27.3,76.2,Warning
88.65,80.67,31.79,0.286,30.48,23.2,40.0,Watch
100.31,75.53,35.66,0.01,33.47,15.9,46.2,Watch
71.97,88.61,39.9,0.582,23.84,20.7,52.1,Watch
79.14,79.91,41.92,1.277,33.55,22.9,60.3,Warning
90.52,85.16,41.5,0.25,43.87,21.3,62.6,Warning
62.68,71.36,51.63,0.462,26.34,15.6,57.4,Watch
53.72,89.21,46.81,0.152,33.87,27.5,64.4,Warning
96.66,77.89,32.49,0.317,31.84,19.5,46.7,Watch
76.14,90.07,36.46,1.138,31.66,18.0,55.9,Watch
59.89,85.68,37.6,0.447,31.53,21.9,50.4,Watch
71.88,73.43,36.93,0.474,37.0,25.6,42.0,Watch
80.17,83.47,47.29,1.247,24.31,23.5,70.8,Warning
38.61,91.94,37.93,1.152,36.82,18.1,54.2,Watch
84.32,78.41,40.83,0.166,32.48,17.6,57.9,Watch
78.17,91.95,41.74,0.429,19.66,15.4,58.1,Watch
103.1,84.31,35.95,1.512,34.66,21.1,59.8,Watch
65.62,90.04,37.1,0.488,32.8,20.6,56.2,Watch
97.54,82.96,47.16,0.867,25.9,23.5,72.7,Warning
69.11,81.26,49.07,0.292,33.12,19.9,66.7,Warning
72.78,93.02,30.82,0.049,22.79,24.9,36.2,Watch
75.62,86.33,43.31,0.144,27.21,24.0,57.3,Watch
111.87,80.59,43.94,0.411,32.26,19.8,66.8,Warning
45.21,84.54,46.22,0.349,20.2,23.2,60.4,Warning
79.9,78.61,45.26,1.808,23.94,26.0,67.2,Warning
70.84,82.65,49.3,0.631,24.99,19.1,66.9,Warning
69.43,89.17,31.73,0.789,32.55,21.4,42.8,Watch
81.66,81.03,38.54,0.934,35.09,21.3,54.4,Watch
92.12,76.75,47.21,0.607,25.75,20.9,61.7,Warning
80.63,76.2,48.62,1.175,25.36,24.4,66.4,Warning
94.7,82.44,35.82,1.223,32.97,24.6,52.3,Watch
64.98,77.15,42.88,0.346,32.78,23.2,60.9,Warning
69.03,73.4,33.98,0.071,27.1,23.1,35.2,Watch
49.98,74.81,48.72,3.435,44.8,20.3,68.4,Warning
109.66,89.05,46.07,0.823,33.29,23.0,73.0,Warning
66.27,81.15,34.89,0.987,30.81,18.1,42.4,Watch
64.06,82.35,43.72,1.131,29.3,29.4,68.2,Warning
82.13,76.2,41.21,0.759,39.06,26.1,54.0,Watch
92.14,78.51,35.69,0.509,35.82,24.9,52.3,Watch
56.16,78.32,49.65,3.342,19.84,23.2,73.8,Warning
93.73,80.34,33.25,1.041,27.13,23.2,45.3,Watch
63.93,72.05,40.28,1.496,28.87,16.9,44.1,Watch
98.61,88.54,42.82,0.463,31.92,18.2,68.9,Warning
59.18,81.9,48.12,1.881,36.39,18.6,74.5,Warning
84.71,83.21,33.3,1.054,24.51,22.2,47.6,Watch
70.85,87.49,43.4,1.097,31.44,21.2,63.9,Warning
47.47,87.03,30.14,0.073,43.89,24.4,38.0,Watch
41.68,78.55,48.1,0.769,32.2,19.1,64.3,Warning
55.14,85.63,35.16,0.327,27.14,25.1,43.9,Watch
89.85,85.57,45.86,0.885,22.66,19.5,65.0,Warning
31.14,83.9,43.24,0.672,28.59,20.7,53.7,Watch
76.68,88.37,31.1,0.094,24.45,24.7,39.8,Watch
74.94,86.8,34.03,0.604,29.24,23.5,49.7,Watch
36.35,86.36,35.89,0.48,35.8,18.2,45.5,Watch
54.06,90.19,49.51,1.198,32.26,25.2,77.6,Warning
54.02,82.17,40.58,0.559,28.64,22.3,52.3,Watch
71.05,82.35,50.1,0.525,19.47,15.6,63.3,Warning
99.33,86.92,31.04,1.017,37.82,19.5,49.6,Watch
91.5,80.93,30.14,0.884,29.53,20.8,40.8,Watch
62.79,84.89,50.86,3.848,32.76,18.5,94.2,Critical
53.41,78.64,45.93,0.347,25.62,26.0,51.8,Watch
38.83,68.32,47.23,0.933,29.14,20.9,45.7,Watch
62.43,85.59,50.15,0.146,27.94,23.4,69.9,Warning
52.02,72.71,51.66,1.306,22.66,22.6,61.2,Warning
69.28,77.81,32.15,1.234,25.64,24.1,40.3,Watch
70.03,86.92,33.48,1.035,31.9,27.0,46.5,Watch
60.49,86.99,34.15,0.101,34.09,24.0,42.9,Watch
60.91,89.05,48.01,3.508,27.21,27.2,81.4,Critical
56.12,69.88,37.82,2.286,23.58,24.1,46.3,Watch
59.75,83.78,43.05,0.37,29.5,22.4,54.7,Watch
98.72,80.45,48.81,0.689,37.46,23.0,77.7,Warning
80.36,87.93,45.03,1.758,25.43,14.1,65.7,Warning
80.63,90.86,31.44,0.546,32.09,20.6,48.0,Watch
90.24,74.15,39.8,0.731,27.38,21.6,41.9,Watch
88.47,82.1,31.49,0.74,39.9,23.3,41.5,Watch
98.5,87.0,40.53,0.838,28.45,21.9,67.2,Warning
81.77,79.97,34.82,0.685,36.63,23.0,47.3,Watch
74.1,92.47,30.03,0.417,39.11,18.0,40.1,Watch
58.18,79.59,47.89,0.62,42.79,17.3,63.9,Warning
53.52,80.2,51.33,1.641,22.53,18.5,68.8,Warning
87.65,75.56,51.21,1.597,22.21,26.7,74.6,Warning
67.78,82.92,36.58,1.185,40.16,18.2,53.9,Watch
42.8,63.89,48.23,0.428,39.01,19.6,51.6,Watch
28.14,80.51,44.93,1.233,27.68,22.3,50.4,Watch
112.95,89.61,47.6,0.393,9.34,17.2,71.1,Warning
50.28,73.62,48.62,0.873,32.57,19.4,55.8,Watch
56.28,72.29,51.57,0.67,21.38,24.0,55.9,Watch
94.56,88.7,33.34,0.285,26.21,20.7,45.3,Watch
45.83,89.51,46.93,0.482,33.27,27.1,61.8,Warning
80.63,73.87,46.15,1.419,34.21,16.9,58.1,Watch
106.44,92.4,36.33,1.951,43.07,21.0,70.3,Warning
112.28,84.59,38.64,0.184,29.39,20.7,53.8,Watch
61.05,88.29,33.89,0.487,25.17,22.0,40.7,Watch
69.76,77.25,50.09,0.455,38.42,18.3,68.9,Warning
62.07,90.93,49.35,0.537,34.64,20.3,71.1,Warning
69.64,80.39,43.51,3.005,29.46,24.4,71.0,Warning
95.97,80.13,41.26,0.585,32.22,21.2,55.7,Watch
42.01,84.89,35.12,1.418,29.35,18.8,48.7,Watch
82.96,79.65,47.37,0.872,36.84,28.2,71.0,Warning
66.09,72.88,30.18,0.091,43.82,22.1,30.1,Safe
97.37,82.79,40.18,0.952,26.92,23.8,59.7,Watch
96.31,80.09,48.93,0.833,34.95,24.3,77.3,Warning
61.86,77.39,43.61,1.137,21.29,21.8,54.3,Watch
67.78,89.44,43.97,0.062,24.49,19.6,57.0,Watch
87.86,96.35,31.56,0.221,35.94,22.6,49.2,Watch
89.67,76.49,36.31,1.173,31.51,19.9,50.9,Watch
20.55,83.18,44.82,0.37,24.24,23.1,49.5,Watch
87.79,79.61,31.09,1.934,32.06,21.5,42.4,Watch
102.93,95.73,37.28,0.583,38.15,25.1,61.5,Warning
75.11,84.95,37.79,0.01,21.87,18.6,46.2,Watch
89.0,87.56,40.97,0.96,44.23,24.2,62.8,Warning
95.58,89.09,37.97,0.576,36.01,23.8,55.9,Watch
74.43,82.78,39.99,0.305,36.15,21.3,54.3,Watch
86.28,80.88,42.03,0.017,31.99,24.2,57.2,Watch
70.25,91.11,32.82,0.177,44.23,23.3,42.9,Watch
68.96,86.67,33.97,0.141,38.74,24.0,41.8,Watch
56.77,76.92,48.32,0.699,29.43,23.8,62.0,Warning
73.46,77.65,40.11,1.174,37.3,22.2,54.2,Watch
107.74,79.66,37.81,0.214,26.87,20.2,50.5,Watch
51.95,88.96,39.55,0.957,30.04,20.2,58.7,Watch
82.34,90.84,33.85,1.841,42.27,21.4,57.3,Watch
76.42,94.91,35.28,0.777,34.71,24.5,55.9,Watch
99.5,77.75,41.34,1.196,36.63,23.9,59.7,Watch
103.26,82.84,37.9,0.183,40.19,25.0,53.1,Watch
51.51,79.6,40.46,0.062,35.84,25.3,46.5,Watch
58.52,80.91,33.29,0.364,26.32,21.3,35.4,Watch
59.61,87.58,33.44,0.988,43.63,27.9,43.6,Watch
60.32,81.72,38.45,0.927,35.61,21.7,52.2,Watch
62.03,89.9,38.33,2.482,36.11,20.5,64.7,Warning
76.94,78.9,49.43,0.795,32.39,23.0,68.1,Warning
52.97,86.45,30.74,0.424,39.78,23.5,36.8,Watch
55.78,79.34,51.84,1.276,45.4,19.8,78.0,Warning
54.19,70.98,51.04,0.133,29.37,21.5,54.2,Watch
79.85,75.87,41.93,1.341,39.46,20.7,63.6,Warning
68.72,82.74,45.81,0.364,32.24,22.4,65.3,Warning
65.17,93.53,50.58,0.134,18.01,24.4,69.1,Warning
53.16,79.24,35.53,0.142,22.17,21.2,37.9,Watch
37.92,80.98,36.94,3.288,34.97,23.7,54.0,Watch
102.63,84.94,32.44,0.781,39.07,17.8,52.4,Watch
64.23,78.4,42.4,0.153,36.26,24.7,54.4,Watch
124.21,79.1,33.51,0.25,37.38,20.6,50.3,Watch
85.46,82.43,50.48,0.372,50.13,20.6,79.7,Warning
106.59,79.38,39.49,0.046,35.7,23.2,57.6,Watch
89.87,71.3,50.23,0.092,30.15,23.4,62.4,Warning
73.17,78.1,34.51,1.148,31.11,21.7,48.9,Watch
58.05,85.69,45.27,1.237,43.45,19.3,65.8,Warning
50.46,85.88,44.25,3.554,23.12,20.6,70.7,Warning
92.39,90.02,38.79,0.056,40.67,22.3,60.4,Warning
75.3,89.53,49.76,1.76,32.11,23.5,80.0,Critical
82.33,76.6,39.57,0.305,26.18,19.5,50.4,Watch
86.29,77.53,34.37,0.318,21.85,20.1,42.2,Watch
77.12,77.79,51.49,0.109,42.36,22.8,75.5,Warning
60.56,81.09,39.71,3.432,26.0,21.8,63.6,Warning
90.25,78.26,34.58,3.17,32.44,22.4,60.3,Warning
66.04,80.95,38.0,1.601,25.18,14.2,51.1,Watch
71.81,76.77,43.5,0.076,45.76,21.1,61.4,Warning
84.35,86.71,41.26,1.474,32.69,24.6,63.2,Warning
68.82,76.31,43.97,0.805,22.58,20.2,55.9,Watch
33.64,76.01,44.56,0.11,29.0,23.5,51.4,Watch
90.81,85.12,32.71,0.243,41.75,18.4,43.5,Watch
95.1,86.33,36.93,0.935,25.16,17.3,52.1,Watch
33.38,80.65,46.47,1.301,29.47,23.3,60.5,Warning
49.13,87.21,44.31,1.508,40.31,21.8,70.4,Warning
110.48,86.78,31.94,0.628,34.4,21.0,47.3,Watch
74.64,93.39,36.93,0.612,23.46,24.5,52.0,Watch
70.07,86.4,50.49,0.922,33.56,21.1,77.7,Warning
61.47,92.24,48.96,1.203,30.93,20.1,75.0,Warning
49.39,82.37,44.75,0.15,32.37,19.8,61.4,Warning
66.11,90.4,31.6,1.077,38.63,19.1,43.9,Watch
89.49,90.52,43.36,0.334,33.68,23.4,66.3,Warning
69.69,81.14,30.27,0.387,31.35,21.1,36.4,Watch
82.21,77.87,44.54,0.065,31.01,25.4,52.7,Watch
105.31,78.92,46.09,0.71,39.54,13.1,67.7,Warning
58.39,84.49,40.94,0.078,26.96,24.8,47.0,Watch
76.06,75.1,30.08,1.955,16.82,23.1,40.8,Watch
90.09,79.28,44.67,0.776,30.42,21.7,59.7,Watch
51.34,89.18,48.03,3.707,34.65,18.1,86.8,Critical
73.56,86.0,42.89,0.226,29.09,17.0,55.3,Watch
107.45,67.88,45.6,0.911,28.32,24.3,61.3,Warning
63.19,74.0,31.99,2.669,29.45,22.7,38.0,Watch
91.37,94.95,45.74,0.284,31.83,22.7,73.8,Warning
67.18,89.08,43.51,0.081,22.91,21.7,59.6,Watch
105.99,78.5,37.28,0.804,36.63,24.5,56.2,Watch
37.09,73.07,45.08,0.365,13.36,20.2,36.3,Watch
71.3,74.5,44.2,0.255,35.78,21.0,53.8,Watch
40.42,85.05,43.19,4.04,34.19,21.5,73.8,Warning
55.98,93.86,34.02,1.122,35.48,21.4,44.0,Watch
55.86,93.48,36.52,0.531,18.5,26.0,47.1,Watch
64.66,72.55,51.81,0.041,34.05,18.2,66.3,Warning
46.23,80.23,39.53,0.17,28.2,16.1,47.8,Watch
68.57,76.86,31.31,0.284,43.22,17.6,36.7,Watch
79.21,82.82,49.78,0.534,34.53,24.1,74.8,Warning
39.36,74.01,33.8,0.55,23.76,21.7,29.3,Safe
57.3,78.73,38.88,0.02,20.17,17.2,44.8,Watch
120.82,76.8,36.12,2.297,27.7,22.3,57.6,Watch
76.58,85.14,51.21,0.626,37.68,21.0,81.8,Critical
33.65,78.91,38.32,0.016,40.07,23.7,45.3,Watch
41.99,79.77,45.59,0.967,33.27,24.4,60.3,Warning
74.52,85.07,43.16,0.059,32.56,29.6,67.7,Warning
72.01,91.86,30.95,1.022,29.68,18.5,46.7,Watch
58.25,94.69,38.45,0.967,31.85,16.4,59.2,Watch
113.87,84.74,38.58,3.356,40.51,23.8,79.3,Warning
122.37,81.47,51.78,0.335,29.57,25.0,84.6,Critical
64.71,89.9,47.86,0.125,36.61,18.2,70.9,Warning
87.46,89.0,48.85,0.077,28.3,18.2,70.9,Warning
88.46,87.29,36.9,0.06,39.09,23.0,50.3,Watch
91.12,72.52,37.24,1.33,36.05,27.1,49.3,Watch
57.2,89.25,41.34,1.014,38.8,19.4,62.7,Warning
108.79,84.15,43.88,2.981,45.17,22.3,85.4,Critical
68.63,76.64,46.02,0.296,13.93,16.3,52.1,Watch
78.44,77.97,48.06,1.3,37.28,21.4,71.6,Warning
70.04,85.49,49.21,0.078,35.28,21.7,70.0,Warning
67.21,66.93,30.54,1.874,35.13,26.4,37.5,Watch
75.57,81.25,47.51,0.043,33.68,19.9,64.3,Warning
46.28,78.07,43.44,1.24,33.68,24.1,59.4,Watch
30.58,77.46,41.71,0.294,34.35,19.7,46.4,Watch
65.73,79.26,43.83,0.16,38.34,22.3,55.8,Watch
52.39,73.12,49.4,0.975,37.78,28.2,62.4,Warning
80.95,88.31,42.0,1.81,31.83,27.4,65.3,Warning
78.68,69.23,33.57,1.156,30.69,27.9,43.5,Watch
70.27,83.02,39.61,0.3,32.14,23.2,53.4,Watch
99.63,76.91,50.34,0.349,29.11,21.4,72.2,Warning
69.88,93.9,47.92,0.168,44.46,22.9,79.6,Warning
40.84,82.14,34.47,1.39,23.1,23.4,41.5,Watch
65.53,69.26,45.71,0.091,37.25,23.2,50.6,Watch
93.42,85.28,35.64,1.868,37.21,19.9,57.0,Watch
32.31,75.44,37.67,0.735,28.29,19.7,38.3,Watch
68.12,87.91,40.32,0.711,34.07,20.2,58.1,Watch
81.51,85.71,39.7,1.455,40.84,25.2,66.0,Warning
123.04,90.84,30.64,0.881,29.69,25.5,46.5,Watch
94.17,83.12,47.03,0.29,41.18,31.6,75.6,Warning
72.65,86.91,48.62,0.344,39.83,23.3,72.7,Warning
80.42,82.26,41.68,0.152,27.03,19.6,56.4,Watch
32.05,78.46,33.8,0.499,24.24,20.6,33.6,Safe
49.01,88.39,35.45,0.093,33.16,21.5,45.2,Watch
83.02,74.62,32.78,0.847,23.32,26.5,37.6,Watch
73.22,81.78,33.73,0.148,11.67,24.2,35.1,Watch
75.77,78.59,49.28,1.596,28.57,18.0,71.6,Warning
70.68,87.05,40.56,0.964,47.22,21.8,63.2,Warning
69.9,76.32,32.44,1.777,28.87,17.6,42.8,Watch
72.06,79.55,35.6,0.073,34.66,23.8,41.1,Watch
48.88,82.26,50.89,1.282,36.9,19.9,77.0,Warning
65.42,90.93,41.2,1.702,31.71,20.2,60.2,Warning
45.12,78.8,41.34,0.036,29.66,16.4,47.3,Watch
57.61,79.59,41.56,5.589,40.6,24.3,77.8,Warning
93.92,73.91,32.46,0.286,32.28,25.6,34.0,Safe
66.38,76.1,51.35,0.19,31.36,19.9,66.6,Warning
81.92,84.48,31.86,0.429,37.58,21.5,45.0,Watch
72.31,82.19,45.4,0.01,24.79,20.6,50.4,Watch
62.3,82.29,31.27,1.737,23.16,21.3,41.9,Watch
49.83,92.45,39.76,0.25,20.63,19.5,46.0,Watch
62.0,71.97,49.79,0.59,35.98,18.7,61.0,Warning
73.66,95.91,46.91,0.782,30.85,26.1,72.7,Warning
81.6,89.07,37.36,1.253,37.78,14.1,61.2,Warning
72.45,80.05,42.13,0.23,32.36,23.5,52.3,Watch
82.99,84.35,33.64,1.01,22.4,22.8,46.6,Watch
39.6,77.9,51.03,0.1,29.51,27.0,58.3,Watch
87.33,83.92,45.59,0.975,38.28,21.3,70.7,Warning
47.43,94.9,38.23,2.014,30.16,20.9,59.5,Watch
89.67,78.12,36.99,0.071,40.31,19.6,48.9,Watch
80.05,80.61,35.25,0.099,28.83,23.1,47.2,Watch
32.6,77.46,47.3,0.652,37.04,19.9,61.6,Warning
84.74,78.42,39.56,0.038,19.52,18.6,45.3,Watch
89.9,79.58,37.26,0.166,30.41,19.8,48.2,Watch
95.16,75.43,49.91,0.169,29.29,19.2,65.8,Warning
54.63,80.42,33.3,0.525,22.21,19.0,33.9,Safe
73.59,82.33,35.8,0.229,39.78,22.3,45.3,Watch
83.89,79.58,37.58,0.516,27.52,21.4,53.0,Watch
84.73,68.21,35.72,0.589,26.8,23.6,34.4,Safe
78.19,81.07,42.88,1.049,41.11,22.4,65.7,Warning
61.47,81.72,43.22,2.335,33.13,18.4,67.2,Warning
89.76,93.39,31.2,0.561,37.46,15.6,44.6,Watch
89.88,82.16,33.18,0.351,20.08,18.8,42.6,Watch
66.91,87.61,34.37,0.239,26.41,24.3,44.4,Watch
54.33,79.45,31.55,0.806,46.6,24.2,40.8,Watch
55.44,89.79,32.74,2.291,37.98,25.0,52.2,Watch
97.3,76.33,35.27,1.157,24.49,24.5,47.3,Watch
89.01,85.03,37.6,0.185,33.58,25.3,49.6,Watch
69.6,87.04,47.41,1.79,25.03,23.2,73.1,Warning
66.02,86.16,34.79,1.064,41.76,27.4,49.3,Watch
34.64,94.98,44.74,0.11,16.11,22.9,55.3,Watch
68.31,78.49,31.27,0.998,33.93,28.0,38.6,Watch
46.18,90.48,44.48,0.273,33.82,20.1,58.6,Watch
73.18,88.93,47.48,0.541,24.21,20.0,66.8,Warning
93.7,82.3,43.31,0.286,30.09,21.4,64.3,Warning
50.39,93.04,34.43,0.07,34.63,21.9,40.4,Watch
74.77,81.12,37.27,1.171,19.55,21.0,53.2,Watch
89.96,82.13,47.71,1.411,23.04,23.6,73.7,Warning
74.41,81.97,39.5,0.211,30.91,21.7,47.1,Watch
59.52,74.36,35.62,0.219,26.17,20.2,32.9,Safe
70.21,86.57,50.52,0.45,28.76,20.8,68.8,Warning
89.14,85.63,44.02,1.335,31.86,25.7,71.0,Warning
75.25,81.37,47.73,0.064,25.63,23.0,65.9,Warning
69.93,92.58,30.54,1.323,31.81,17.0,46.1,Watch
93.12,79.38,37.47,2.048,34.09,26.5,62.4,Warning
80.3,71.62,40.1,0.66,37.45,23.3,48.4,Watch
45.94,93.41,42.92,0.05,23.28,23.9,57.3,Watch
82.63,88.07,34.18,0.251,27.6,24.8,45.8,Watch
88.99,85.76,40.95,0.094,36.12,24.9,58.4,Watch
45.25,79.96,45.08,0.24,21.63,19.2,53.5,Watch
24.63,84.05,37.61,1.336,32.74,18.8,46.8,Watch
49.16,74.44,45.21,0.046,32.2,29.2,54.1,Watch
67.95,80.65,38.57,0.267,13.89,19.9,43.0,Watch
90.2,76.58,40.33,0.582,28.54,23.1,54.9,Watch
52.18,83.57,32.95,1.657,34.32,26.9,44.1,Watch
81.1,87.54,44.33,0.23,30.52,20.7,59.5,Watch
12.15,75.71,34.93,1.205,28.68,20.9,37.3,Watch
73.61,86.35,48.23,0.701,33.09,24.8,67.4,Warning
61.87,83.2,42.18,0.903,38.92,22.6,65.2,Warning
111.97,86.1,42.33,1.583,35.76,23.5,72.2,Warning
32.16,80.55,50.07,0.021,26.71,21.8,57.5,Watch
69.71,86.22,33.68,0.604,21.79,20.4,41.6,Watch
32.04,77.83,41.67,1.1,35.64,21.0,51.5,Watch
59.01,71.91,38.41,1.728,23.76,25.6,44.0,Watch
35.98,73.28,51.26,0.114,28.3,21.1,48.7,Watch
116.02,78.98,47.44,0.334,33.41,23.3,66.2,Warning
62.89,72.32,46.67,0.065,40.03,19.1,50.4,Watch
65.78,91.3,34.49,1.441,41.0,28.1,56.8,Watch
69.15,81.5,35.22,1.558,32.42,23.0,50.7,Watch
47.35,87.52,30.64,0.529,28.43,23.0,36.9,Watch
91.1,86.72,44.05,0.017,23.6,24.8,62.9,Warning
82.8,82.04,38.16,0.086,45.71,20.6,48.9,Watch
88.36,100.0,36.86,0.783,29.97,25.6,56.8,Watch
45.64,99.57,44.01,3.242,36.74,17.5,79.6,Warning
92.71,90.35,48.23,1.46,33.38,20.2,86.2,Critical
90.4,76.57,32.93,1.279,28.53,19.6,51.7,Watch
65.35,90.6,50.21,0.433,28.23,16.4,70.1,Warning
87.9,71.51,30.75,3.371,22.32,20.4,47.0,Watch
75.45,90.38,32.09,1.394,39.86,21.8,50.4,Watch
38.12,66.66,48.44,0.327,31.16,18.7,49.1,Watch
66.34,80.09,40.84,1.104,42.01,18.3,55.3,Watch
60.37,89.25,50.66,0.453,28.86,22.1,76.2,Warning
71.71,84.31,40.16,0.864,29.91,21.8,50.2,Watch
90.42,73.13,50.37,2.807,24.07,21.2,68.2,Warning
37.17,83.02,35.27,0.226,29.82,18.2,38.6,Watch
61.13,84.31,43.56,1.268,23.32,20.8,58.2,Watch
53.56,83.23,51.88,0.714,34.82,20.0,73.2,Warning
54.42,79.56,38.27,2.396,32.75,22.3,54.1,Watch
53.54,87.13,30.03,0.116,42.32,20.3,35.8,Watch
71.36,88.87,31.41,1.018,21.8,21.9,41.6,Watch
80.46,81.07,48.9,0.03,40.51,18.1,69.9,Warning
76.97,91.12,40.82,0.226,25.15,17.8,56.9,Watch
73.71,81.06,41.81,0.31,34.41,23.7,58.1,Watch
82.43,79.06,47.59,0.453,23.98,24.3,62.0,Warning
117.61,90.14,47.85,2.689,33.42,20.8,96.9,Critical
72.72,89.92,40.5,0.056,14.43,22.1,51.1,Watch
90.42,78.28,48.88,0.148,27.31,20.7,70.0,Warning
89.28,77.41,40.31,0.182,32.74,25.3,52.0,Watch
105.56,92.59,44.85,0.441,44.29,21.4,74.7,Warning
81.21,81.38,30.73,0.05,17.1,20.5,34.1,Safe
53.11,82.02,33.04,2.692,31.98,24.9,56.3,Watch
76.1,80.49,48.73,0.657,28.37,19.7,64.5,Warning
75.02,89.93,36.89,1.343,18.59,22.5,54.4,Watch
86.3,94.87,37.36,1.184,24.13,18.9,58.6,Watch
52.53,82.42,44.59,0.865,28.7,24.0,59.6,Watch
95.33,96.51,43.04,1.878,35.27,24.4,75.6,Warning
70.1,78.67,31.81,1.861,32.62,18.1,46.3,Watch
86.79,80.3,46.85,0.109,22.81,17.7,62.8,Warning
76.19,86.04,43.58,1.858,19.16,22.9,61.3,Warning
72.45,77.1,48.82,0.594,34.92,27.8,67.6,Warning
74.68,85.96,41.78,0.25,30.63,24.7,56.4,Watch
83.44,78.89,39.12,0.75,43.28,21.4,55.4,Watch
109.17,72.74,38.17,0.264,29.53,19.4,45.6,Watch
29.65,71.54,30.1,0.522,40.0,18.4,30.3,Safe
80.8,80.06,30.88,1.356,35.81,24.2,44.9,Watch
70.88,84.51,32.89,0.026,37.75,24.8,38.5,Watch
66.46,73.83,50.45,0.162,35.03,20.1,60.0,Watch
22.73,83.07,49.37,2.51,35.18,21.3,70.5,Warning
81.6,83.09,40.94,0.471,15.96,22.1,50.7,Watch
67.5,80.99,33.96,0.289,30.34,27.4,37.7,Watch
53.31,76.44,33.21,2.054,27.35,22.2,45.7,Watch
70.85,83.44,35.63,1.937,40.89,19.1,54.4,Watch
64.14,81.15,49.99,0.036,24.99,18.5,66.2,Warning
35.15,87.89,41.47,0.36,30.04,19.3,48.6,Watch
71.76,74.24,47.69,1.952,37.61,25.8,69.7,Warning
81.6,82.68,41.15,0.159,34.11,23.5,62.5,Warning
59.02,74.37,43.41,0.691,33.17,21.0,50.1,Watch
75.23,80.58,43.42,0.309,39.76,13.2,61.5,Warning
72.16,75.43,30.69,1.067,33.82,19.4,37.8,Watch
90.91,76.5,39.8,0.138,28.19,23.0,49.0,Watch
67.93,81.98,49.01,0.725,22.93,23.1,69.1,Warning
86.02,78.61,40.76,0.01,35.41,23.0,53.9,Watch
63.73,90.8,39.58,0.233,26.61,18.0,49.1,Watch
109.35,89.07,41.58,0.142,30.31,22.5,63.3,Warning
61.26,86.83,38.38,0.188,39.55,19.1,48.3,Watch
56.3,86.71,41.34,1.575,30.45,22.0,59.6,Watch
67.99,82.78,32.98,1.97,28.89,19.7,50.6,Watch
55.44,89.83,51.29,1.125,30.04,25.2,80.7,Critical
45.03,80.24,30.75,0.713,30.23,23.0,35.8,Watch
84.55,94.72,40.63,0.21,25.06,21.6,62.3,Warning
8.75,76.35,34.62,0.257,43.74,26.1,34.1,Safe
55.65,75.23,31.28,0.297,28.15,20.9,37.2,Watch
43.16,73.63,44.34,1.2,37.49,17.8,48.8,Watch
72.84,74.67,51.67,0.233,24.87,25.2,56.8,Watch
26.22,72.22,46.49,2.901,35.85,22.8,55.2,Watch
80.96,83.28,35.59,1.274,33.19,21.0,50.0,Watch
83.12,87.12,40.85,6.0,32.18,20.1,81.2,Critical
37.35,82.2,31.1,0.492,33.22,23.5,38.0,Watch
73.81,73.69,41.7,0.712,34.91,24.4,49.3,Watch
80.32,79.18,32.19,0.263,30.41,19.7,39.7,Watch
88.81,87.05,47.48,0.741,30.76,23.7,69.9,Warning
40.62,79.95,31.25,2.917,36.04,22.8,46.9,Watch
37.81,77.21,30.21,0.025,24.01,19.5,32.6,Safe
100.05,72.92,48.95,0.273,22.93,22.0,62.8,Warning
53.56,79.46,50.74,0.264,33.25,20.4,63.2,Warning
59.45,77.78,31.9,3.231,17.93,25.7,45.2,Watch
82.66,81.48,36.14,0.114,20.22,20.1,51.8,Watch
46.62,84.86,46.32,1.339,44.64,26.5,70.3,Warning
64.68,80.31,41.87,0.257,42.85,22.4,60.0,Watch
87.83,83.11,50.88,1.576,28.0,16.8,84.5,Critical
41.58,84.83,38.56,0.535,38.99,15.5,46.6,Watch
60.0,74.62,30.07,0.222,39.24,21.4,31.8,Safe
47.47,93.32,30.43,0.99,35.3,26.0,42.4,Watch
54.52,77.55,42.43,1.474,31.45,25.7,60.9,Warning
93.71,85.1,46.55,0.508,36.39,22.5,76.8,Warning
98.1,75.18,47.39,1.001,37.59,19.8,69.5,Warning
75.16,82.66,50.05,0.16,36.49,20.7,80.4,Critical
80.64,82.88,35.04,2.22,21.15,22.6,52.8,Watch
80.1,91.95,46.24,0.081,46.23,25.3,75.0,Warning
56.55,80.6,48.2,0.201,48.82,23.7,61.2,Warning
74.76,89.8,48.4,0.272,18.64,24.9,69.9,Warning
44.09,83.74,39.05,0.133,35.58,23.9,41.9,Watch
50.83,93.11,43.77,0.418,46.32,24.8,65.3,Warning
68.26,71.32,42.13,0.49,39.02,15.2,47.3,Watch
48.78,84.89,43.14,0.585,39.09,19.3,59.8,Watch
44.55,65.96,36.2,0.033,21.93,18.7,30.3,Safe
55.76,81.65,45.03,0.198,37.54,18.4,60.5,Warning
92.93,88.13,45.62,1.319,33.67,22.0,78.3,Warning
101.14,90.67,34.31,1.331,37.46,17.7,54.4,Watch
69.35,86.43,39.76,0.32,24.75,19.2,51.1,Watch
81.64,80.26,39.29,0.495,24.5,21.7,48.5,Watch
58.73,85.27,46.48,0.162,31.0,17.2,59.5,Watch
28.69,97.1,44.66,1.381,29.35,20.5,70.0,Warning
52.13,82.45,40.48,2.511,30.9,23.9,57.2,Watch
63.83,87.77,44.36,0.276,28.64,18.3,58.1,Watch
72.82,79.42,35.78,1.218,30.59,24.4,53.9,Watch
67.98,88.42,35.11,0.348,27.34,19.6,45.0,Watch
64.37,87.44,35.28,0.01,31.66,22.8,43.8,Watch
58.51,78.34,30.65,0.732,22.04,18.7,35.3,Watch
76.88,86.66,45.2,0.423,35.6,23.4,63.4,Warning
42.72,86.95,51.69,1.136,33.82,21.1,72.2,Warning
86.04,86.44,36.8,1.105,23.17,23.4,51.1,Watch
58.27,81.75,50.46,2.335,41.28,20.4,83.7,Critical
111.34,89.37,43.34,0.461,26.21,23.7,69.3,Warning
63.69,76.39,34.95,0.527,40.32,24.5,41.9,Watch
60.4,82.06,30.26,0.409,34.31,22.4,35.8,Watch
58.75,82.67,45.92,0.282,39.0,20.6,64.5,Warning
60.6,89.03,45.32,0.813,33.23,21.3,60.2,Warning
82.14,76.2,35.04,1.408,35.97,18.2,50.2,Watch
69.15,83.45,37.32,0.137,38.93,22.6,50.7,Watch
89.74,79.05,49.76,3.207,45.35,23.9,88.9,Critical
79.29,82.66,33.46,0.921,39.52,26.7,49.0,Watch
70.63,84.35,48.38,1.212,35.14,25.9,73.7,Warning
77.46,74.33,33.72,5.418,22.56,19.1,56.7,Watch
93.93,89.58,40.6,0.561,15.09,22.6,55.7,Watch
83.13,84.57,40.98,0.059,31.09,21.6,56.9,Watch
75.61,76.85,40.39,1.25,27.0,25.7,50.5,Watch
78.45,79.95,36.33,1.637,27.26,19.9,51.7,Watch
46.95,90.97,35.57,0.142,31.42,24.6,46.2,Watch
121.43,84.5,46.13,0.02,36.64,19.0,72.0,Warning
80.56,76.21,36.06,0.117,27.65,21.7,45.3,Watch
82.56,77.3,43.42,0.313,38.27,19.3,61.7,Warning
69.43,85.75,48.63,2.065,32.23,16.1,78.4,Warning
24.05,86.47,48.41,0.01,32.26,19.3,58.2,Watch
64.69,84.18,33.68,1.303,45.12,21.2,42.0,Watch
71.52,80.25,44.4,1.544,33.25,26.3,63.7,Warning
53.54,86.86,43.25,1.333,31.62,18.7,64.9,Warning
53.37,80.13,36.2,0.069,35.67,20.2,41.6,Watch
63.21,76.87,38.61,0.91,44.58,17.7,53.6,Watch
85.43,91.52,36.27,2.462,31.67,25.5,62.1,Warning
95.12,84.93,41.82,0.103,35.08,20.6,56.8,Watch
73.42,77.29,47.68,0.026,31.24,21.0,63.4,Warning
58.65,82.81,49.31,1.655,31.28,21.0,69.6,Warning
62.75,82.16,45.9,0.828,28.57,16.1,61.6,Warning
71.99,79.9,40.64,0.832,28.08,17.6,54.7,Watch
74.36,83.4,51.08,2.669,43.87,19.1,88.2,Critical
78.7,76.43,42.41,1.175,28.12,23.8,61.7,Warning
61.21,87.24,40.53,0.405,21.22,14.5,54.4,Watch
80.59,81.96,48.85,0.458,32.88,23.6,68.5,Warning
79.0,72.34,34.06,0.125,39.12,23.0,35.0,Safe
62.1,80.63,33.47,0.29,40.7,16.6,40.4,Watch
35.61,78.3,47.22,0.472,23.64,21.0,56.6,Watch
52.3,64.06,49.15,0.242,39.79,25.5,54.7,Watch
101.35,81.07,31.6,1.98,46.41,18.8,55.6,Watch
36.13,88.22,46.81,0.01,27.21,20.3,61.2,Warning
96.35,81.35,39.34,0.707,30.78,30.3,58.0,Watch
35.43,86.25,45.48,1.181,23.38,23.0,60.0,Watch
54.54,82.05,32.97,1.054,44.98,21.2,45.2,Watch
62.51,79.26,51.41,0.826,21.55,20.6,68.3,Warning
105.65,77.61,49.39,0.423,29.2,23.1,75.4,Warning
70.52,74.3,38.93,2.005,37.49,24.1,51.0,Watch
65.72,87.55,49.65,0.319,27.21,15.5,68.0,Warning
51.29,86.38,49.69,1.109,25.08,15.3,66.5,Warning
80.44,80.33,40.15,2.09,31.63,19.0,66.2,Warning
59.75,69.85,50.83,0.11,48.73,21.5,61.5,Warning
65.42,84.83,51.49,2.351,30.21,22.2,79.1,Warning
62.83,76.57,34.78,1.197,30.55,16.9,47.6,Watch
84.4,82.86,31.47,0.767,24.19,21.4,36.5,Watch
85.24,72.75,37.29,0.374,34.7,21.8,38.8,Watch
52.19,82.55,40.75,1.877,38.19,19.5,59.2,Watch
57.45,81.21,32.04,0.036,27.76,20.4,33.7,Safe
55.48,67.54,33.09,0.452,35.75,19.8,33.4,Safe
73.67,91.71,51.38,1.131,27.81,23.4,76.9,Warning
88.13,80.05,46.22,1.333,18.74,22.0,66.5,Warning
73.93,80.44,49.25,0.181,35.2,18.6,71.6,Warning
26.19,85.21,51.37,0.039,46.52,24.9,66.2,Warning
85.2,81.7,38.32,1.299,23.63,17.9,53.1,Watch
43.02,84.18,45.13,0.438,33.26,16.9,56.1,Watch
55.7,75.13,34.05,0.124,41.17,21.3,39.6,Watch
73.97,81.15,42.14,0.072,31.29,21.2,51.7,Watch
68.32,70.54,34.62,0.819,22.01,22.2,32.2,Safe
87.45,80.57,33.53,0.699,32.31,18.5,44.7,Watch
57.78,90.67,32.17,1.539,42.43,24.7,50.3,Watch
50.67,72.96,42.75,0.026,28.45,27.1,42.3,Watch
63.77,79.9,50.9,1.623,33.63,21.9,74.3,Warning
89.54,69.26,32.69,1.746,24.63,22.9,41.7,Watch
82.59,82.05,41.05,0.473,31.3,15.7,57.0,Watch
71.74,84.8,45.12,0.064,34.71,20.7,59.2,Watch
96.52,84.3,40.91,2.346,32.88,19.9,63.1,Warning
92.9,78.39,50.06,0.06,28.98,19.4,71.0,Warning
85.77,69.13,33.66,0.715,35.1,20.0,37.9,Watch
46.44,74.55,30.53,0.544,36.69,20.3,27.1,Safe
85.66,89.54,38.43,1.442,37.15,17.6,66.4,Warning
65.95,87.27,42.22,0.559,29.95,20.5,62.4,Warning
62.1,81.45,35.6,0.507,27.65,18.9,46.5,Watch
56.35,82.97,33.71,1.701,45.74,24.4,50.9,Watch
66.57,75.83,47.71,2.66,32.96,23.0,64.7,Warning
57.48,89.74,34.15,0.638,30.2,23.0,47.9,Watch
73.4,77.69,39.74,0.485,21.66,24.9,45.8,Watch
66.54,84.62,51.0,1.423,25.47,19.5,73.9,Warning
74.41,74.03,43.48,1.423,27.5,22.8,55.3,Watch
81.07,80.93,40.95,0.308,35.08,25.2,60.7,Warning
64.11,89.49,37.93,0.687,29.51,19.3,56.0,Watch
55.25,76.32,41.45,0.134,32.11,15.9,48.9,Watch
29.87,86.5,46.15,0.807,21.97,19.9,58.5,Watch
85.41,75.52,48.1,1.437,41.83,24.9,71.5,Warning
71.58,76.59,44.3,0.166,26.84,19.1,50.4,Watch
66.48,81.95,47.39,0.312,33.65,20.6,67.3,Warning
93.44,87.83,31.95,0.477,28.29,19.7,44.6,Watch
44.23,80.21,30.32,1.492,29.77,21.4,34.2,Safe
71.12,85.71,46.16,1.052,26.44,18.9,66.7,Warning
50.72,88.86,35.76,0.305,34.07,17.6,47.1,Watch
83.12,77.37,49.31,0.223,25.14,20.7,67.5,Warning
25.48,72.85,41.79,0.952,34.2,21.2,43.4,Watch
86.08,79.87,40.53,0.523,31.17,25.3,54.3,Watch
85.25,89.64,47.0,0.72,36.41,22.2,72.9,Warning
51.54,77.12,46.3,0.837,37.1,18.5,61.1,Warning
71.33,88.09,45.49,0.654,29.78,19.8,68.0,Warning
51.97,80.42,45.18,0.76,34.56,24.1,61.9,Warning
78.55,92.54,41.34,1.748,28.86,20.7,71.4,Warning
86.4,95.47,50.38,1.621,41.21,18.7,92.7,Critical
49.9,88.19,49.59,0.129,29.49,22.2,63.9,Warning
44.07,72.12,37.25,0.706,30.59,19.6,39.7,Watch
91.93,67.58,47.7,0.463,28.72,23.4,57.4,Watch
108.82,82.37,49.6,0.269,26.87,23.1,71.7,Warning
79.89,87.44,43.6,0.798,46.24,18.6,71.1,Warning
81.37,85.01,42.22,0.572,35.4,27.4,65.0,Warning
63.36,77.66,44.78,1.193,32.48,21.6,62.0,Warning
73.6,73.08,33.59,0.078,28.67,14.0,34.8,Safe
77.01,87.58,31.92,0.288,39.79,23.1,41.9,Watch
66.35,93.15,48.04,0.021,28.18,14.2,65.2,Warning
97.0,77.98,42.61,1.096,32.85,25.1,65.3,Warning
73.53,86.95,32.7,1.949,47.42,22.2,53.4,Watch
76.11,97.62,39.16,0.708,25.3,21.6,61.9,Warning
66.76,80.86,36.56,0.768,35.78,21.7,48.9,Watch
68.79,80.98,49.26,0.038,34.02,23.5,69.6,Warning
94.37,85.36,41.16,0.561,35.7,20.3,63.4,Warning
72.92,80.29,42.71,0.599,30.01,21.7,54.8,Watch
73.39,90.04,35.18,0.032,27.85,22.1,40.3,Watch
73.64,79.58,47.58,1.22,33.59,13.1,69.4,Warning
62.71,81.81,50.46,0.261,28.81,23.5,68.7,Warning
41.84,73.35,47.43,1.028,15.68,24.0,43.9,Watch
101.45,80.59,40.84,0.413,26.23,23.1,58.6,Watch
91.37,75.95,48.37,4.349,29.78,22.9,89.9,Critical
94.98,84.08,34.14,0.191,24.46,26.5,42.3,Watch
48.55,72.01,32.5,0.048,33.06,21.6,24.6,Safe
98.9,87.88,39.64,3.126,26.7,21.7,74.5,Warning
109.34,76.77,33.99,0.224,31.7,19.8,47.8,Watch
90.9,92.7,35.7,0.807,47.18,16.0,56.5,Watch
102.96,90.22,42.87,0.375,40.59,23.1,71.4,Warning
85.96,85.21,38.89,0.816,36.14,20.1,58.5,Watch
53.07,72.77,49.05,0.725,44.66,16.0,59.2,Watch
80.15,78.23,34.96,0.983,31.49,21.5,48.1,Watch
49.59,76.62,51.93,0.015,31.56,21.4,62.3,Warning
58.05,77.37,37.91,1.447,24.61,21.1,45.3,Watch
76.33,91.46,41.34,0.521,40.95,22.2,64.5,Warning
73.64,81.08,32.91,0.585,45.7,17.1,45.4,Watch
79.26,78.05,42.74,0.423,38.35,24.7,52.2,Watch
34.16,77.51,51.15,3.636,41.96,23.0,77.3,Warning
66.92,78.81,46.49,1.294,12.84,25.5,57.4,Watch
80.98,85.2,35.37,0.298,48.38,20.1,52.0,Watch
84.97,72.24,39.74,1.223,31.27,23.0,45.4,Watch
86.28,82.59,39.36,0.46,48.49,16.1,57.9,Watch
75.03,84.54,32.15,1.632,44.12,19.2,55.0,Watch
62.42,71.59,49.49,0.025,37.41,17.6,56.3,Watch
80.03,73.49,38.39,0.351,29.6,22.5,42.6,Watch
64.01,81.71,40.87,0.449,33.11,18.4,53.1,Watch
88.02,90.65,36.41,1.091,18.63,20.4,55.4,Watch
78.55,89.22,33.35,0.161,38.52,21.7,45.5,Watch
68.77,78.35,49.85,0.27,14.11,20.5,59.6,Watch
54.62,90.46,30.82,1.03,29.91,17.8,41.8,Watch
92.39,80.08,38.8,0.064,42.8,26.7,57.2,Watch
81.18,80.03,46.08,0.18,37.05,22.1,65.3,Warning
112.06,82.56,36.79,1.12,21.29,26.7,54.5,Watch
80.52,87.04,39.81,1.667,22.62,18.6,62.9,Warning
82.2,78.35,42.42,1.044,27.82,20.6,57.4,Watch
40.69,79.61,51.89,0.599,32.55,22.0,58.6,Watch
76.21,74.51,46.68,0.083,38.14,26.3,56.8,Watch
63.67,84.11,51.28,1.405,36.23,26.7,79.9,Warning
86.53,87.6,45.25,0.106,24.59,20.4,62.1,Warning
76.69,87.97,35.92,0.389,36.33,19.6,49.3,Watch
89.71,73.8,36.32,0.041,37.08,21.7,44.2,Watch
112.65,79.7,48.09,0.989,35.42,25.3,78.9,Warning
54.03,89.47,39.41,0.56,49.35,22.2,61.5,Warning
88.93,83.39,38.14,1.905,37.08,22.7,62.6,Warning
83.67,82.2,50.79,0.119,38.77,25.3,75.0,Warning
109.59,82.06,30.29,1.368,45.13,24.8,50.9,Watch
84.11,85.25,41.55,0.572,37.95,25.0,62.4,Warning
82.03,83.72,47.05,0.365,28.14,23.9,67.5,Warning
87.03,78.55,46.2,0.825,40.7,26.1,68.7,Warning
88.43,87.29,38.09,1.25,29.19,18.4,56.5,Watch
99.09,74.78,41.78,0.464,25.12,28.7,52.6,Watch
53.61,89.93,30.12,0.212,25.72,25.2,36.5,Watch
62.15,76.62,41.77,1.98,40.62,21.5,63.2,Warning
104.71,85.29,42.99,0.3,36.34,25.3,59.3,Watch
30.83,81.01,49.25,5.072,39.43,21.0,80.0,Warning
68.31,79.14,34.64,1.166,36.38,23.4,43.0,Watch
72.99,90.15,48.15,0.931,33.32,23.8,74.0,Warning
66.46,86.46,45.8,0.01,34.23,24.6,61.4,Warning
101.62,81.65,44.65,0.476,36.14,20.6,67.9,Warning
79.52,92.47,38.68,0.558,27.78,24.7,56.5,Watch
62.25,87.88,38.08,0.378,22.97,20.7,53.6,Watch
57.31,77.17,45.47,0.13,28.6,24.2,55.4,Watch
75.64,68.44,51.78,0.366,35.81,21.9,64.1,Warning
93.32,82.64,38.92,0.062,27.47,16.5,47.9,Watch
72.77,90.3,50.21,0.275,46.91,19.8,79.8,Warning
67.31,85.66,42.9,0.07,35.09,24.5,55.3,Watch
56.09,91.44,49.1,1.117,32.84,21.1,76.6,Warning
77.48,78.41,34.78,0.89,27.76,25.6,44.9,Watch
76.37,81.3,46.77,2.25,38.41,18.4,75.6,Warning
55.52,81.44,48.37,0.382,23.52,24.1,63.2,Warning
90.53,83.45,48.31,1.234,34.21,21.9,76.2,Warning
104.12,86.6,47.26,0.709,28.95,21.3,78.2,Warning
70.98,91.79,36.69,0.831,32.85,18.5,56.9,Watch
76.04,93.06,41.48,0.634,35.4,22.6,61.9,Warning
47.9,92.0,36.59,1.208,23.98,19.0,52.6,Watch
84.74,86.01,37.55,0.034,20.3,20.1,47.7,Watch
79.28,79.95,36.63,0.067,25.48,21.6,43.0,Watch
63.48,83.36,36.25,0.081,38.15,20.9,46.7,Watch
55.13,85.93,45.26,0.273,34.61,25.1,57.1,Watch
106.95,82.81,44.31,0.715,29.18,14.2,64.2,Warning
77.66,76.52,34.49,0.83,45.78,21.5,48.5,Watch
51.65,79.23,45.21,0.998,41.0,20.9,61.5,Warning
87.11,87.21,36.4,0.264,39.3,22.0,54.7,Watch
74.59,80.52,34.44,0.84,26.93,20.4,43.3,Watch
71.18,82.15,46.44,0.1,39.23,25.1,64.9,Warning
89.57,81.53,37.98,0.01,34.38,21.2,50.0,Watch
17.74,76.65,42.53,0.949,26.94,22.4,42.2,Watch
33.86,80.97,34.4,1.006,31.27,24.7,41.6,Watch
97.58,79.25,43.5,0.779,24.73,22.2,62.3,Warning
67.42,77.85,34.58,0.24,27.01,18.2,34.7,Safe
61.46,75.65,33.67,2.099,23.99,20.7,38.3,Watch
43.24,81.4,38.5,1.668,38.7,21.6,52.3,Watch
73.88,85.71,47.38,0.58,31.5,17.1,71.9,Warning
76.35,88.72,33.88,3.618,25.41,19.9,67.5,Warning
98.82,73.64,32.57,0.284,35.62,21.8,32.8,Safe
77.45,91.64,30.7,0.54,32.01,28.0,50.3,Watch
63.94,83.76,39.15,2.104,39.35,23.1,64.3,Warning
78.11,75.24,36.2,0.496,32.93,22.5,43.6,Watch
92.19,79.58,36.43,0.509,21.94,27.1,51.4,Watch
87.82,70.74,51.6,0.066,28.52,23.8,62.6,Warning
82.43,72.27,34.27,0.19,23.9,24.2,34.0,Safe
75.49,92.33,40.09,0.137,35.94,20.8,53.4,Watch
58.37,77.8,51.7,0.666,39.59,18.2,72.1,Warning
49.34,85.22,30.67,0.307,21.19,22.8,33.6,Safe
46.18,81.33,45.33,0.064,31.13,27.5,60.6,Warning
77.88,82.11,38.16,0.571,40.07,26.5,51.1,Watch
79.97,84.21,49.93,0.885,21.09,24.0,69.5,Warning
91.89,69.5,50.06,1.067,28.95,19.9,63.0,Warning
81.23,89.91,38.52,1.454,32.0,17.3,67.3,Warning
91.02,81.41,34.87,0.526,39.47,19.5,46.0,Watch
67.39,78.97,39.42,0.396,35.81,22.7,53.9,Watch
85.42,84.81,51.24,0.922,37.24,20.6,78.0,Warning
49.97,77.67,36.19,0.011,36.22,25.0,41.7,Watch
68.8,83.25,51.59,0.803,29.39,17.5,74.6,Warning
33.37,81.01,48.03,0.416,43.5,21.6,60.8,Warning
70.63,86.27,35.88,0.482,27.3,19.7,48.5,Watch
94.5,80.72,47.4,0.281,12.55,25.0,60.2,Warning
71.4,75.82,31.1,0.109,19.4,23.6,28.1,Safe
84.44,84.17,42.06,0.411,31.18,19.5,58.4,Watch
75.46,80.38,37.86,0.295,29.68,24.6,45.5,Watch
58.59,71.07,39.39,2.577,28.25,17.1,49.8,Watch
66.27,83.19,40.4,2.299,33.05,16.6,62.0,Warning
93.59,78.78,41.06,0.826,40.4,19.3,64.9,Warning
84.33,84.07,44.44,1.872,35.18,16.1,71.5,Warning
57.65,76.87,45.33,1.113,36.54,21.7,62.0,Warning
42.25,74.76,51.47,0.34,24.44,21.8,49.4,Watch
74.14,89.08,46.78,0.741,28.36,20.8,68.4,Warning
58.36,87.06,45.13,0.199,36.9,23.6,60.1,Warning
66.45,81.96,38.63,0.93,32.76,19.8,55.3,Watch
40.91,84.63,32.59,0.037,35.34,18.1,34.7,Safe
90.82,86.86,31.29,1.424,36.3,19.6,47.1,Watch
68.06,81.94,40.51,0.7,33.16,18.3,55.4,Watch
71.09,74.75,44.7,0.048,43.07,20.2,51.2,Watch
53.34,83.8,44.3,1.643,28.28,23.8,66.1,Warning
64.45,88.01,50.96,1.681,26.27,16.7,83.5,Critical
72.45,85.56,38.41,1.533,19.65,21.0,51.8,Watch
57.73,82.36,43.81,1.191,37.24,24.9,64.5,Warning
65.68,85.39,49.53,0.906,28.01,25.2,69.2,Warning
97.73,80.66,38.89,0.405,40.86,20.0,55.5,Watch
35.0,88.27,40.51,0.117,33.74,28.6,55.5,Watch
73.69,90.08,50.31,0.273,29.63,18.8,75.1,Warning
54.29,74.22,42.11,0.341,24.62,21.3,42.5,Watch
96.73,88.7,47.59,0.355,37.93,18.5,79.1,Warning
66.39,95.42,50.58,0.667,31.62,23.3,82.7,Critical
49.06,85.15,42.56,0.187,33.87,30.4,58.4,Watch
65.69,87.9,32.4,0.168,36.23,27.5,39.7,Watch
76.99,78.12,48.08,1.01,33.86,24.5,69.2,Warning
125.51,78.98,47.99,0.01,26.05,20.2,68.8,Warning
27.8,80.74,32.53,0.13,35.65,21.5,36.1,Watch
46.02,79.59,42.06,0.457,37.74,25.3,52.1,Watch
96.1,74.13,40.72,0.129,34.52,24.2,45.9,Watch
39.82,80.96,48.64,2.571,36.43,22.2,75.9,Warning
70.19,87.02,36.04,0.887,37.08,22.4,51.6,Watch
60.33,74.21,39.38,0.454,29.23,25.2,39.3,Watch
57.19,83.07,43.31,0.095,28.97,25.9,56.9,Watch
66.56,82.89,41.38,0.389,47.59,17.5,62.0,Warning
63.35,80.19,51.01,0.841,41.28,22.7,70.0,Warning
91.14,84.98,51.13,2.774,31.66,23.7,93.4,Critical
96.57,84.42,31.79,0.512,36.78,20.4,45.1,Watch
78.53,79.77,36.55,0.943,25.44,25.8,50.4,Watch
65.28,88.37,30.17,0.174,27.81,21.1,36.0,Watch
75.17,85.36,39.19,0.782,23.27,25.9,53.9,Watch
86.1,91.44,44.57,0.219,34.0,20.9,67.0,Warning
90.03,81.6,40.37,0.177,34.08,22.8,57.9,Watch
77.4,80.07,31.48,0.569,39.59,22.7,39.5,Watch
100.55,80.75,34.31,0.19,30.52,27.0,47.7,Watch
57.67,89.07,33.81,1.022,39.47,24.2,48.7,Watch
92.8,81.11,41.24,2.216,36.57,20.6,70.4,Warning
84.09,81.47,44.91,0.4,49.21,21.2,65.9,Warning
57.8,93.77,36.96,0.311,43.67,21.2,54.0,Watch
74.65,73.93,32.87,0.155,42.45,22.1,37.1,Watch
76.03,84.14,47.57,0.396,37.85,19.2,74.5,Warning
67.16,81.63,48.88,0.656,25.74,21.8,67.9,Warning
66.94,80.5,36.08,0.373,34.05,26.1,43.7,Watch
39.5,76.28,39.26,0.781,47.73,26.0,48.2,Watch
56.21,78.02,31.8,0.869,35.55,17.3,40.9,Watch
65.23,79.55,35.01,0.082,26.25,16.8,38.3,Watch
58.55,84.97,46.87,0.957,34.35,20.2,66.0,Warning
52.89,87.11,38.03,1.845,25.07,16.7,51.9,Watch
91.22,71.33,43.3,0.021,26.01,18.2,48.7,Watch
67.92,74.79,50.82,0.641,34.89,23.1,62.5,Warning
113.33,85.29,45.92,0.741,37.18,21.9,75.2,Warning
74.45,85.79,39.98,0.99,26.41,16.8,60.5,Warning
90.8,73.22,38.07,0.39,28.08,25.5,44.6,Watch
65.84,87.25,34.19,1.366,22.02,20.7,51.2,Watch
56.77,81.92,46.64,0.621,31.09,20.4,62.4,Warning
75.26,86.48,32.47,0.421,18.38,25.0,37.8,Watch
95.91,76.89,31.35,1.016,29.91,23.2,39.8,Watch
68.22,73.66,32.31,2.098,32.56,21.9,40.4,Watch
78.94,80.15,35.34,1.337,19.71,20.5,48.7,Watch
75.15,80.41,43.8,2.135,24.95,23.7,64.5,Warning
68.04,80.08,48.95,0.247,31.58,20.7,67.7,Warning
69.06,79.66,51.84,0.101,30.62,21.3,73.1,Warning
50.03,92.16,46.09,0.611,30.95,18.5,63.6,Warning
69.78,71.8,33.21,0.036,34.02,25.4,30.2,Safe
83.07,76.93,36.11,0.898,20.3,26.7,47.6,Watch
75.91,79.49,32.9,0.22,36.96,22.6,41.4,Watch
73.68,82.14,32.54,0.485,29.77,20.5,41.5,Watch
84.5,86.27,42.49,0.853,27.83,24.8,64.1,Warning
73.9,87.19,49.95,0.528,18.95,23.8,66.0,Warning
70.28,88.46,45.06,0.215,30.13,20.7,64.2,Warning
84.7,84.89,47.61,1.699,35.58,25.5,78.6,Warning
72.73,71.62,41.18,1.157,32.99,20.7,50.5,Watch
65.27,72.01,40.46,0.735,33.2,18.1,42.9,Watch
79.37,88.88,50.62,0.959,29.63,21.8,79.6,Warning
69.3,88.5,45.88,0.429,31.58,25.3,64.8,Warning
64.37,85.82,40.11,0.377,24.25,22.3,53.9,Watch
73.11,77.08,37.32,0.14,31.97,18.5,44.7,Watch
73.34,80.06,32.05,1.302,28.56,20.8,41.3,Watch
47.93,79.61,48.06,0.384,24.13,25.6,55.4,Watch
76.66,75.85,33.73,0.943,37.28,22.8,46.6,Watch
106.93,83.55,41.33,0.285,20.97,21.9,60.2,Warning
50.41,94.93,44.02,1.272,35.67,21.6,73.1,Warning
59.95,79.03,46.37,0.089,36.11,25.2,58.8,Watch
125.6,89.78,31.83,0.785,28.31,25.0,47.4,Watch
53.56,76.69,30.24,1.319,39.21,17.8,38.5,Watch
95.73,72.78,45.53,0.864,28.16,24.8,55.7,Watch
65.43,87.92,40.0,0.953,27.72,23.5,54.5,Watch
71.2,80.69,33.98,0.597,23.6,26.8,42.4,Watch
67.38,89.63,51.6,0.655,31.94,21.8,81.2,Critical
78.51,90.83,47.41,0.055,25.29,25.4,69.0,Warning
38.4,80.33,42.73,0.231,26.46,23.4,48.7,Watch
73.73,90.06,45.45,1.024,31.54,18.7,72.0,Warning
61.93,76.74,33.41,2.326,31.84,25.1,47.1,Watch
32.74,76.65,51.17,0.624,40.79,24.4,68.5,Warning
92.42,88.43,51.92,1.035,38.52,20.1,95.8,Critical
27.85,72.71,44.27,0.921,35.86,22.9,44.2,Watch
112.97,81.99,44.7,5.914,30.97,28.3,96.8,Critical
82.34,89.5,45.5,1.268,29.17,20.6,74.9,Warning
42.78,89.9,44.65,0.79,31.81,24.2,62.9,Warning
96.76,79.4,39.65,0.098,28.11,18.7,55.4,Watch
54.99,88.06,41.89,0.36,27.09,20.3,55.4,Watch
55.9,75.26,36.22,0.231,31.45,24.4,42.0,Watch
33.98,78.0,39.83,1.538,25.85,22.8,48.2,Watch
52.72,83.38,39.59,0.473,26.28,21.4,48.8,Watch
55.08,84.27,36.34,0.613,38.68,27.1,49.4,Watch
86.36,75.71,47.31,2.678,22.34,19.2,73.3,Warning
93.34,93.17,39.01,1.45,24.72,21.6,60.5,Warning
45.18,70.74,42.14,1.248,40.91,23.5,49.8,Watch
75.41,82.33,33.43,0.123,29.26,19.4,39.8,Watch
33.19,83.18,40.45,0.018,41.63,23.5,47.3,Watch
75.49,71.52,46.75,0.107,23.83,25.2,52.9,Watch
113.24,89.94,39.78,1.079,32.52,21.7,64.0,Warning
34.4,77.56,42.27,0.423,37.4,19.9,49.0,Watch
49.71,82.59,45.44,0.1,25.66,21.1,52.3,Watch
84.55,83.97,38.56,1.075,43.72,14.0,56.6,Watch
86.9,73.27,37.77,0.173,29.27,25.0,47.4,Watch
51.18,75.57,31.89,0.711,35.56,22.8,34.9,Safe
99.47,91.38,42.81,1.082,27.25,21.5,68.9,Warning
53.69,81.61,45.55,0.749,42.44,17.0,67.2,Warning
103.47,65.82,42.79,4.046,34.12,25.3,70.9,Warning
79.37,80.19,36.24,0.456,46.68,20.7,50.1,Watch
95.42,81.8,35.77,0.299,40.25,23.7,48.4,Watch
77.42,83.32,33.51,0.18,37.86,22.0,45.0,Watch
83.14,70.01,31.03,0.561,25.31,17.2,31.2,Safe
84.2,81.82,39.39,1.531,32.59,25.8,64.8,Warning
92.9,77.0,33.53,2.349,29.78,25.2,51.3,Watch
69.34,83.33,45.2,2.862,32.18,24.3,78.5,Warning
52.0,85.04,51.16,0.606,33.03,22.9,73.7,Warning
68.42,84.4,31.62,0.744,25.7,18.4,42.0,Watch
56.65,90.42,49.65,0.697,30.9,24.6,72.4,Warning
57.96,95.14,44.47,0.502,31.33,28.6,68.1,Warning
103.1,75.2,48.93,0.132,24.93,22.3,66.1,Warning
82.45,79.71,33.41,0.054,37.6,22.4,44.3,Watch
81.53,86.46,49.94,0.459,33.56,18.7,77.1,Warning
91.45,81.24,51.07,0.165,37.69,15.8,72.1,Warning
82.35,65.66,49.95,1.742,35.41,20.9,63.2,Warning
107.34,80.84,47.28,1.147,20.0,26.4,71.0,Warning
28.11,89.4,31.99,0.771,26.17,26.0,38.9,Watch
50.05,73.63,34.86,0.039,43.57,21.8,34.5,Safe
55.99,83.32,50.09,0.779,37.5,23.3,70.5,Warning
42.49,70.56,35.05,0.776,20.65,18.3,29.2,Safe
72.26,87.22,37.65,0.463,35.29,22.3,54.5,Watch
73.2,83.45,31.11,0.858,26.18,20.4,40.2,Watch
109.51,78.59,43.82,1.561,17.32,22.2,69.6,Warning
88.08,79.49,42.39,1.135,43.6,21.2,62.2,Warning
59.85,73.01,51.16,0.513,32.53,21.1,60.6,Warning
79.89,88.05,49.63,0.243,33.52,25.0,76.0,Warning
33.46,77.2,41.13,0.52,23.2,27.9,46.2,Watch
72.85,85.0,43.41,2.335,23.93,21.5,69.5,Warning
71.78,76.23,39.09,1.372,20.86,26.3,48.8,Watch
51.96,95.19,32.91,0.022,41.92,18.3,43.1,Watch
65.98,91.36,49.09,1.222,20.5,21.7,73.7,Warning
56.15,94.44,42.09,0.15,43.32,18.1,59.2,Watch
51.35,95.14,39.36,0.677,25.09,21.1,56.6,Watch
83.49,78.19,31.51,1.314,23.4,24.1,35.3,Watch
90.68,76.7,44.64,0.659,31.61,25.4,59.5,Watch
80.2,94.16,38.79,0.414,27.21,19.7,52.0,Watch
61.24,81.15,35.58,0.31,32.68,23.4,46.0,Watch
56.75,87.0,49.29,0.291,25.86,25.7,66.8,Warning
61.86,78.28,34.04,1.453,29.81,25.3,43.3,Watch
65.6,78.37,41.33,1.395,26.69,22.8,55.6,Watch
52.56,86.98,47.51,1.387,38.03,20.2,72.6,Warning
91.08,70.18,48.68,0.266,35.59,19.9,57.6,Watch
65.95,86.7,48.01,1.283,33.73,19.5,73.7,Warning
85.3,85.15,49.73,0.03,39.37,21.9,78.6,Warning
42.0,78.82,33.13,0.185,33.84,19.5,39.8,Watch
56.23,82.15,50.69,0.578,33.25,24.0,71.8,Warning
87.19,83.09,30.24,0.418,31.16,22.7,39.5,Watch
87.47,83.42,35.63,0.095,26.99,22.5,47.7,Watch
45.95,86.14,31.85,0.034,27.0,16.5,36.7,Watch
76.06,77.11,50.8,0.756,33.03,22.1,68.8,Warning
76.59,98.19,39.33,0.301,39.13,20.6,58.7,Watch
55.84,80.77,36.94,0.013,35.99,28.5,49.4,Watch
77.14,81.22,33.68,0.451,35.95,18.2,42.1,Watch
38.39,93.67,33.43,0.293,24.26,21.4,37.3,Watch
51.46,71.03,43.51,0.688,35.66,23.1,50.8,Watch
81.98,93.61,31.04,2.125,29.21,19.1,52.1,Watch
70.59,82.56,43.08,0.294,33.23,27.8,57.7,Watch
71.63,78.82,47.04,4.685,35.86,27.8,81.6,Critical
66.5,75.28,43.22,0.072,23.91,19.4,48.8,Watch
80.74,74.39,48.18,0.074,33.1,20.2,56.3,Watch
81.7,79.95,35.84,0.999,33.65,28.4,51.4,Watch
85.83,83.67,31.7,1.105,38.99,26.2,43.5,Watch
72.51,85.73,45.86,0.44,28.38,20.9,68.5,Warning
62.23,83.6,48.22,0.27,31.57,23.3,68.8,Warning
58.86,78.94,41.04,1.264,33.19,17.8,55.1,Watch
48.86,90.04,48.05,2.503,28.38,28.6,76.8,Warning
61.94,98.04,40.07,3.676,28.25,22.2,70.7,Warning
57.87,90.97,34.37,0.805,27.98,23.8,45.0,Watch
102.03,79.84,40.44,1.078,31.11,19.2,54.8,Watch
49.06,85.01,34.75,1.382,44.23,18.6,48.7,Watch
90.75,85.4,40.38,1.283,31.36,23.4,57.3,Watch
64.65,91.62,33.25,4.016,35.41,27.7,63.7,Warning
65.87,79.97,34.08,1.33,32.22,20.4,46.4,Watch
78.02,76.21,49.42,0.869,29.85,19.1,68.0,Warning
41.63,88.8,32.55,0.378,31.83,22.9,44.5,Watch
54.0,84.44,34.93,0.729,37.39,26.9,45.2,Watch
45.18,75.35,51.9,1.699,31.63,20.1,73.7,Warning
62.39,86.23,42.67,0.292,30.87,21.3,57.7,Watch
51.82,93.03,42.89,0.025,30.36,24.5,62.5,Warning
96.34,77.84,48.59,0.317,25.05,24.8,62.9,Warning
58.33,76.65,41.54,2.58,39.28,21.1,60.3,Warning
22.43,82.18,34.88,1.264,28.87,25.3,40.1,Watch
63.31,86.08,39.29,0.166,42.29,23.6,57.5,Watch
86.15,81.55,46.61,0.01,33.71,22.0,64.6,Warning
102.61,88.81,49.19,0.885,41.84,24.7,83.6,Critical
65.41,83.56,36.01,0.692,30.6,24.3,48.4,Watch
59.66,88.07,35.76,0.069,26.87,18.9,45.9,Watch
69.71,77.68,37.21,2.705,39.3,26.5,57.1,Watch
78.3,74.63,43.12,0.769,28.07,23.0,48.9,Watch
47.42,79.96,36.13,0.843,41.0,26.1,50.5,Watch
65.11,73.92,49.65,1.537,36.05,22.2,66.9,Warning
69.01,84.46,51.52,0.329,42.25,22.7,81.2,Critical
70.92,69.9,44.94,0.654,25.16,23.2,51.8,Watch
67.11,79.28,51.35,0.687,38.7,23.6,71.7,Warning
51.28,80.28,36.33,2.738,26.8,26.6,52.5,Watch
76.77,75.72,47.93,0.113,15.23,23.4,54.2,Watch
69.11,80.16,44.93,1.138,38.27,21.9,67.8,Warning
69.06,82.03,35.79,0.685,31.96,25.0,45.3,Watch
48.35,89.62,37.0,1.493,38.74,23.3,50.5,Watch
82.8,75.76,40.75,1.427,32.64,30.9,62.2,Warning
51.04,84.14,47.42,0.01,32.15,22.9,63.8,Warning
102.33,85.33,49.19,0.237,42.48,25.7,76.3,Warning
46.41,81.87,43.95,0.16,32.83,24.6,53.7,Watch
85.24,79.01,45.87,0.495,28.67,15.9,61.7,Warning
31.84,75.17,35.8,1.886,31.38,19.8,46.3,Watch
24.83,93.39,46.3,0.01,33.1,20.7,54.5,Watch
58.9,82.44,43.31,0.536,12.09,17.5,53.9,Watch
24.81,80.11,34.9,1.729,35.44,20.8,42.3,Watch
84.59,94.73,50.9,2.085,41.51,17.9,95.2,Critical
69.56,83.33,41.28,0.857,31.66,18.7,59.5,Watch
98.02,97.26,47.48,1.416,29.05,22.7,88.1,Critical
66.66,73.5,41.56,0.313,34.71,27.8,46.1,Watch
74.86,80.58,50.52,0.269,44.2,17.9,72.9,Warning
64.64,73.78,33.11,0.04,35.28,18.4,31.5,Safe
52.52,81.27,42.02,0.56,33.5,20.4,56.6,Watch
61.86,81.24,30.55,0.487,29.27,21.6,33.6,Safe
45.92,79.25,34.34,0.372,24.51,17.4,37.9,Watch
77.75,82.32,36.18,0.096,32.16,19.9,45.8,Watch
63.84,79.54,40.4,0.21,32.29,19.6,52.0,Watch
68.0,81.34,48.04,0.182,18.48,23.0,60.1,Warning
126.47,77.47,40.27,2.305,26.91,23.3,67.2,Warning
61.94,90.66,42.35,2.716,40.11,21.5,72.6,Warning
76.28,75.35,50.33,0.01,30.19,20.9,63.8,Warning
68.92,83.27,46.64,0.15,14.81,19.9,54.2,Watch
93.15,74.84,31.1,1.757,43.21,22.2,44.7,Watch
74.77,76.99,33.88,0.031,25.76,19.1,38.4,Watch
64.57,77.63,30.84,2.298,28.71,26.6,40.1,Watch
115.85,81.21,31.52,0.383,39.44,17.5,44.2,Watch
52.81,83.05,37.45,0.619,26.81,20.0,45.2,Watch
66.12,75.36,46.01,1.155,18.21,24.6,55.9,Watch
88.33,79.52,35.38,0.224,33.52,20.8,45.4,Watch
53.64,76.05,38.63,0.085,37.58,24.0,44.6,Watch
85.31,75.79,38.67,1.328,28.72,27.2,55.6,Watch
60.41,88.8,42.99,3.34,31.14,24.5,73.9,Warning
90.06,73.65,49.64,0.86,23.74,18.4,63.0,Warning
89.54,82.45,51.63,1.395,25.03,18.5,76.3,Warning
68.2,92.19,43.3,2.268,29.75,21.4,69.4,Warning
49.99,89.24,41.11,0.208,36.54,23.3,51.4,Watch
62.17,84.55,45.0,0.345,32.68,25.6,59.9,Watch
69.7,81.9,44.7,0.198,39.14,19.6,61.7,Warning
87.77,86.42,41.53,0.051,43.58,20.5,65.6,Warning
76.41,84.22,46.21,1.054,38.21,21.2,68.9,Warning
80.76,90.54,40.81,0.126,20.87,21.2,57.2,Watch
76.99,81.2,51.92,0.078,30.01,26.5,70.0,Warning
86.92,88.01,31.08,0.354,38.14,21.7,43.0,Watch
65.99,80.05,39.75,0.05,31.16,22.5,48.1,Watch
73.3,93.36,38.73,0.158,20.66,24.7,49.4,Watch
70.57,81.03,46.95,0.058,28.14,26.8,58.9,Watch
61.24,72.29,34.2,1.678,16.09,21.9,40.2,Watch
90.23,82.47,39.55,1.21,30.06,25.8,57.3,Watch
89.81,86.59,45.35,1.57,27.21,27.5,74.8,Warning
94.12,91.77,43.27,1.622,29.48,21.7,74.7,Warning
54.73,76.02,41.99,2.313,40.27,20.3,60.2,Warning
77.02,71.53,39.57,0.165,22.68,28.6,44.5,Watch
91.85,84.98,46.54,1.842,26.97,25.4,75.6,Warning
100.06,84.79,44.22,0.596,24.01,22.0,66.2,Warning
39.83,73.53,49.24,0.145,39.5,23.9,51.9,Watch
69.94,80.02,46.13,0.853,39.92,18.9,62.9,Warning
66.22,80.29,33.09,0.317,34.52,25.3,38.3,Watch
101.82,86.94,43.63,0.038,34.16,16.6,68.3,Warning
25.81,79.52,30.98,0.066,23.6,25.2,28.6,Safe
49.05,79.39,38.52,0.441,33.39,19.8,45.1,Watch
98.66,82.69,39.06,1.401,24.15,17.0,54.9,Watch
60.61,73.73,48.81,0.298,32.29,16.0,57.8,Watch
43.97,93.4,33.97,1.162,29.6,20.6,46.3,Watch
100.24,87.6,44.16,0.046,27.84,24.1,67.4,Warning
41.36,77.79,34.23,0.4,32.2,17.8,39.3,Watch
90.44,75.29,50.87,0.109,36.74,18.3,73.8,Warning
38.79,75.76,41.65,1.593,44.43,20.5,60.2,Warning
41.15,85.52,45.58,2.752,35.86,24.4,71.6,Warning
74.0,75.94,44.22,0.315,47.95,24.8,61.2,Warning
53.03,80.5,36.68,3.598,33.41,22.4,63.4,Warning
75.45,71.86,49.83,1.116,44.49,25.0,69.0,Warning
106.04,85.25,43.8,0.01,35.05,24.1,63.9,Warning
66.9,85.47,41.23,0.531,33.68,20.7,59.4,Watch
102.56,80.89,41.62,1.437,30.82,24.7,68.8,Warning
76.49,83.16,49.6,0.611,34.09,18.1,67.3,Warning
89.12,86.77,31.3,0.639,35.02,23.5,41.0,Watch
22.94,83.0,38.56,0.475,22.08,18.5,39.1,Watch
82.73,86.69,48.52,0.402,36.9,22.4,76.0,Warning
79.66,74.99,30.83,0.022,21.61,25.7,30.9,Safe
62.8,84.27,44.06,0.778,36.91,22.6,64.0,Warning
107.91,83.16,38.87,1.164,36.19,22.0,64.1,Warning
60.14,89.21,34.5,1.249,41.95,22.7,48.8,Watch
37.82,82.18,43.45,0.784,25.97,24.0,49.7,Watch
85.64,81.42,48.28,0.334,25.09,28.4,74.0,Warning
41.53,78.66,40.28,0.018,39.75,24.0,47.3,Watch
71.53,90.95,33.23,1.809,24.48,20.5,53.5,Watch
96.8,67.86,36.74,0.448,23.79,21.4,38.6,Watch
79.97,85.07,51.59,0.735,33.46,19.3,76.5,Warning
65.05,81.88,32.44,0.173,31.67,18.3,35.1,Watch
62.98,80.9,33.54,0.122,33.09,14.7,39.4,Watch
95.31,80.02,51.78,0.073,35.76,20.6,79.9,Warning
45.6,81.66,49.41,1.283,35.8,17.8,70.6,Warning
85.5,84.87,45.56,0.832,31.45,22.3,67.2,Warning
113.87,77.23,33.32,0.777,32.34,20.5,48.8,Watch
80.87,82.81,35.29,2.015,31.53,18.7,56.0,Watch
65.24,84.1,33.96,0.138,32.25,15.7,36.3,Watch
66.8,76.28,43.88,0.149,22.29,21.0,50.5,Watch
60.39,85.02,38.78,0.168,37.29,16.7,51.1,Watch
56.98,84.15,31.05,0.44,39.34,24.1,41.6,Watch
72.36,77.21,36.41,1.659,36.46,22.8,51.8,Watch
83.59,74.87,48.93,1.706,35.92,21.3,68.0,Warning
102.22,77.13,47.51,0.714,25.07,26.4,67.9,Warning
30.87,82.81,44.15,0.859,22.09,22.0,52.7,Watch
21.22,81.54,31.88,1.824,37.82,23.2,37.5,Watch
102.6,90.36,49.42,0.783,32.2,24.1,81.3,Critical
71.14,79.8,41.76,0.209,33.19,20.4,48.3,Watch
72.19,76.67,40.88,0.976,33.5,20.5,53.8,Watch
80.03,85.94,50.55,1.175,33.8,22.1,81.4,Critical
66.26,76.12,30.19,0.807,36.53,18.0,35.0,Watch
109.5,77.25,42.23,0.256,31.33,27.4,58.8,Watch
79.84,77.33,47.41,0.409,18.66,22.5,61.0,Warning
61.05,64.02,31.4,0.509,36.82,21.4,37.9,Watch
62.84,85.4,37.86,0.126,36.04,28.3,52.7,Watch
67.13,87.64,51.5,0.482,22.94,18.7,74.5,Warning
54.46,87.5,34.66,0.141,23.84,26.6,40.1,Watch
103.79,93.31,41.69,0.554,38.18,24.4,69.9,Warning
72.48,91.04,46.41,0.042,39.83,25.4,69.6,Warning
46.59,80.0,38.59,2.373,13.35,21.5,48.4,Watch
78.1,88.66,38.97,0.226,35.09,22.2,54.3,Watch
98.78,81.41,31.39,0.503,30.46,21.0,44.9,Watch
91.22,79.44,34.18,0.027,32.52,25.0,43.5,Watch
54.8,77.47,49.37,0.171,32.92,23.2,59.2,Watch
47.82,80.39,48.0,0.945,26.67,20.3,60.7,Warning
98.55,83.97,36.7,0.095,36.57,20.5,49.0,Watch
37.51,91.49,38.4,0.791,27.18,22.0,52.1,Watch
77.42,86.37,39.69,0.01,37.23,21.0,52.5,Watch
58.63,77.37,37.61,0.5,38.78,26.3,49.0,Watch
96.27,75.74,44.39,1.022,25.89,24.4,64.9,Warning
48.91,85.41,30.28,2.086,26.07,24.4,42.7,Watch
54.07,87.41,49.36,0.543,32.8,22.7,71.2,Warning
82.34,89.36,36.61,1.469,42.53,19.5,58.7,Watch
85.91,80.39,49.19,1.298,27.85,24.1,75.8,Warning
97.19,84.82,40.0,0.281,29.18,15.7,53.5,Watch
79.46,87.13,47.08,1.662,34.25,22.5,75.6,Warning
76.99,73.89,48.17,0.818,36.6,19.6,60.1,Warning
90.98,83.67,36.63,0.088,35.69,19.3,52.1,Watch
42.59,87.43,44.09,2.239,32.23,20.6,70.7,Warning
52.41,85.06,43.36,0.156,29.86,21.7,53.7,Watch
44.26,81.52,40.47,0.508,34.32,21.9,49.8,Watch
16.29,97.66,40.33,0.502,9.6,24.4,43.3,Watch
86.84,93.58,36.71,0.785,45.08,21.5,59.3,Watch
98.59,82.06,36.82,0.875,30.7,21.7,56.1,Watch
81.12,80.86,42.06,0.212,33.28,17.8,52.1,Watch
77.6,86.2,30.71,0.348,46.7,18.2,42.3,Watch
71.7,81.65,50.54,0.125,26.81,22.9,69.6,Warning
71.1,89.63,44.3,0.108,48.32,23.9,67.5,Warning
103.9,74.4,39.76,1.395,37.18,21.2,54.7,Watch
100.98,80.56,31.36,1.111,35.13,24.8,48.1,Watch
58.3,86.11,43.86,0.468,36.51,17.8,58.8,Watch
92.18,88.02,30.39,0.081,26.11,23.2,36.7,Watch
94.59,73.11,44.96,0.478,20.46,19.4,47.6,Watch
83.01,76.28,31.6,0.279,23.74,19.2,36.8,Watch
77.75,71.94,44.43,1.204,39.61,19.7,58.0,Watch
77.07,76.76,38.93,0.081,25.45,21.8,44.6,Watch
40.36,74.34,44.58,0.48,20.42,23.3,40.0,Watch
38.59,85.23,33.05,0.716,31.44,23.1,39.6,Watch
85.67,83.37,32.58,3.399,36.02,21.1,59.4,Watch
47.99,81.08,35.44,0.075,32.27,23.9,37.0,Watch
42.21,82.16,39.05,0.097,36.24,27.1,41.4,Watch
28.49,89.17,35.57,3.542,40.09,21.6,55.3,Watch
60.49,75.75,31.8,0.416,36.0,22.3,32.9,Safe
77.49,70.42,37.15,1.089,30.92,20.2,40.2,Watch
79.1,86.26,45.53,1.224,28.19,20.8,68.7,Warning
87.01,79.65,42.83,0.302,37.4,25.7,60.2,Warning
62.17,75.89,51.19,0.193,33.93,25.8,65.8,Warning
72.15,85.32,39.59,0.258,25.97,21.4,52.2,Watch
86.92,70.19,37.32,1.156,41.12,23.5,48.8,Watch
79.28,76.85,45.26,1.468,33.84,24.8,67.0,Warning
58.3,67.67,39.06,0.962,36.57,20.7,43.5,Watch
75.99,83.55,43.6,0.466,29.26,18.1,57.3,Watch
30.32,91.44,50.82,0.244,39.92,24.1,67.7,Warning
70.0,78.56,40.98,0.443,20.9,24.7,48.1,Watch
57.63,77.25,40.96,1.968,43.73,24.2,63.5,Warning
100.37,92.71,47.05,1.591,18.43,20.9,84.3,Critical
50.46,85.76,46.63,0.313,22.36,26.6,60.2,Warning
72.33,96.28,41.36,0.318,33.76,22.9,63.0,Warning
61.42,82.96,31.42,1.211,28.28,18.6,43.7,Watch
58.84,83.36,51.58,0.445,29.7,17.2,74.4,Warning
77.55,90.67,38.3,0.68,28.28,21.1,52.7,Watch
61.64,81.11,36.97,0.439,26.52,22.7,51.9,Watch
107.04,83.48,51.59,0.222,34.22,21.1,85.6,Critical
30.51,67.47,49.19,0.167,31.66,28.0,43.5,Watch
82.62,92.43,37.26,0.12,38.19,23.2,51.6,Watch
68.3,84.35,36.78,0.01,32.56,19.1,53.0,Watch
68.99,81.36,45.86,0.263,29.08,15.2,62.9,Warning
76.04,87.44,37.35,0.15,37.42,22.7,49.7,Watch
89.96,74.91,35.53,0.239,19.17,25.0,37.1,Watch
75.3,78.69,51.55,0.063,13.93,27.6,65.4,Warning
90.03,85.32,42.45,0.334,20.89,21.4,60.3,Warning
70.93,82.26,46.77,0.587,29.6,27.2,68.0,Warning
49.32,84.68,45.69,2.314,34.74,17.9,70.7,Warning
68.22,83.5,46.62,0.341,13.3,21.0,58.7,Watch
93.06,85.78,49.87,0.025,31.92,19.0,73.8,Warning
61.79,74.08,41.02,0.36,29.52,24.4,41.0,Watch
48.34,89.67,46.57,1.36,32.96,18.1,66.7,Warning
82.39,79.1,47.53,0.333,18.65,23.2,61.0,Warning
76.73,82.35,50.82,0.276,50.31,18.3,79.8,Warning
54.58,78.4,45.69,2.011,32.23,27.3,61.4,Warning
65.34,80.28,49.64,0.282,23.48,20.9,68.8,Warning
66.37,83.37,32.09,2.812,32.91,23.1,50.0,Watch
70.13,86.41,32.77,1.43,42.46,16.6,47.7,Watch
82.93,87.41,33.48,0.922,22.99,17.5,46.0,Watch
61.9,84.6,33.19,0.73,21.54,19.7,34.6,Safe
83.96,78.43,31.93,0.204,31.17,24.6,39.4,Watch
59.33,84.22,32.7,1.049,31.77,24.0,40.6,Watch
103.33,83.44,51.91,0.341,36.97,25.3,78.3,Warning
103.76,82.35,35.99,0.532,42.33,17.5,54.0,Watch
52.87,85.21,40.52,0.088,37.46,23.5,52.3,Watch
45.49,74.35,48.08,0.281,22.29,20.3,52.3,Watch
89.56,69.84,32.6,0.603,24.5,19.6,35.3,Watch
75.16,89.14,36.98,0.505,26.41,20.4,50.7,Watch
81.03,81.21,33.5,0.337,37.44,21.7,43.8,Watch
56.9,84.5,31.38,0.511,36.25,24.0,32.7,Safe
67.35,76.79,51.14,1.093,40.83,25.4,74.9,Warning
63.1,89.57,48.88,0.492,35.91,23.6,72.8,Warning
76.08,84.1,49.34,0.564,27.61,23.9,70.2,Warning
45.09,80.92,49.11,0.966,30.62,27.5,62.7,Warning
68.01,83.71,33.4,1.474,21.77,24.1,46.3,Watch
44.88,71.55,47.27,0.599,36.4,21.4,49.1,Watch
59.69,84.24,46.01,2.368,27.62,23.7,72.0,Warning
68.05,90.92,50.36,0.349,40.57,27.1,79.5,Warning
80.15,83.89,34.83,0.233,36.2,19.4,49.5,Watch
81.81,83.12,39.11,0.945,45.57,20.7,58.5,Watch
85.22,80.1,36.49,0.155,34.94,26.4,50.7,Watch
40.34,88.5,35.67,1.842,34.81,21.1,52.1,Watch
95.28,89.39,44.35,0.391,30.72,24.3,67.6,Warning
57.1,79.41,33.61,0.958,29.31,25.9,39.2,Watch
58.56,84.15,40.23,0.676,30.19,18.2,53.8,Watch
75.37,83.39,44.23,0.045,38.99,20.8,60.4,Warning
63.26,84.41,32.87,0.988,22.56,25.6,41.5,Watch
77.24,77.36,35.65,1.249,32.44,21.6,50.5,Watch
80.95,88.86,51.28,3.235,20.34,15.9,89.0,Critical
54.74,85.39,47.5,0.43,34.61,20.5,66.2,Warning
66.33,89.21,44.89,0.559,28.79,24.4,67.6,Warning
66.92,75.31,48.83,1.663,35.53,25.8,71.8,Warning
89.17,75.66,30.31,0.251,26.8,22.2,33.3,Safe
60.7,94.36,30.13,0.168,30.2,23.5,37.0,Watch
59.83,88.88,33.39,0.114,36.43,20.9,42.7,Watch
49.57,77.11,40.9,3.063,32.88,24.7,66.2,Warning
51.81,87.21,42.54,0.252,42.8,26.3,55.3,Watch
42.99,79.21,32.5,1.133,28.63,24.3,38.9,Watch
55.94,71.81,31.59,0.478,28.02,21.6,33.3,Safe
101.87,69.4,48.22,0.22,40.66,23.3,64.9,Warning
83.82,81.87,40.22,1.957,29.43,24.9,61.7,Warning
95.55,91.36,51.83,0.499,29.11,22.1,80.0,Critical
51.0,91.13,35.05,0.668,34.68,24.4,51.1,Watch
31.05,89.56,44.24,0.201,30.85,23.1,54.3,Watch
76.33,86.98,47.7,0.313,29.82,26.3,66.3,Warning
107.07,83.9,49.2,1.102,27.15,24.1,79.8,Warning
60.29,88.91,36.74,0.336,41.54,20.5,54.0,Watch
72.04,69.93,34.25,0.564,30.95,26.2,37.1,Watch
38.61,87.94,34.97,0.097,28.06,23.4,39.0,Watch
70.56,75.27,44.67,1.518,29.92,21.6,62.2,Warning
67.5,76.52,41.49,1.07,34.48,17.9,56.0,Watch
28.14,86.18,43.18,1.144,42.23,22.7,58.2,Watch
49.25,87.57,30.45,0.157,30.82,27.5,35.3,Watch
47.67,78.34,38.6,0.547,25.96,13.8,40.1,Watch
38.41,85.88,36.82,0.022,45.43,13.9,41.2,Watch
55.5,85.38,49.0,0.303,32.95,24.3,68.4,Warning
80.18,80.14,47.08,0.342,31.26,22.7,64.0,Warning
57.34,82.92,39.45,1.96,32.5,24.0,57.6,Watch
92.97,94.49,43.87,3.945,23.28,20.4,84.1,Critical
62.74,80.31,31.05,0.769,31.68,15.6,36.8,Watch
76.52,80.52,44.02,0.582,37.32,19.5,60.9,Warning
79.95,82.9,32.14,0.464,40.54,26.7,41.7,Watch
98.71,89.61,47.37,1.36,53.19,19.2,86.6,Critical
98.93,87.47,49.6,2.484,40.1,21.1,93.3,Critical
44.27,95.14,54.51,2.586,40.02,18.8,99.4,Critical
64.89,88.98,37.43,3.098,34.39,19.4,66.8,Warning
137.75,99.16,41.26,3.513,48.67,20.5,97.4,Critical
103.51,93.63,50.61,2.389,46.43,22.9,98.4,Critical
134.78,92.19,43.18,1.459,41.51,21.3,78.9,Warning
91.16,89.71,48.45,1.483,47.58,29.0,89.6,Critical
73.31,93.86,37.66,1.765,41.32,17.2,61.2,Warning
103.48,86.64,49.18,3.025,35.44,23.7,93.7,Critical
95.68,83.13,48.48,1.8,43.82,20.8,88.7,Critical
89.17,86.78,46.72,2.969,55.87,16.8,91.7,Critical
89.82,97.55,50.3,0.98,51.83,19.9,91.2,Critical
106.63,89.3,52.6,2.43,48.73,16.5,99.5,Critical
97.71,87.26,51.59,1.599,47.46,21.2,93.5,Critical
86.69,92.64,37.55,2.618,43.82,20.1,73.8,Warning
155.12,100.0,49.89,1.995,50.42,18.9,95.3,Critical
121.45,97.37,44.0,2.838,49.39,17.8,94.1,Critical
113.96,89.8,41.68,1.852,45.5,24.1,80.4,Critical
108.34,89.73,52.59,2.179,47.19,20.5,96.1,Critical
126.64,89.82,46.19,2.846,36.36,21.6,95.0,Critical
123.3,89.36,45.02,2.118,43.12,21.5,86.5,Critical
84.14,95.18,50.69,2.247,38.84,21.3,97.8,Critical
71.69,91.66,46.07,2.808,38.73,20.0,83.5,Critical
53.15,88.55,52.16,2.139,48.82,25.6,89.5,Critical
154.8,87.65,37.06,0.932,38.41,27.7,67.5,Warning
98.87,100.0,50.52,1.743,50.61,25.3,100.0,Critical
124.8,95.95,38.28,0.661,52.19,21.1,67.5,Warning
115.05,89.58,39.5,2.0,45.63,20.9,73.6,Warning
132.81,97.85,38.59,2.577,42.37,24.3,78.5,Warning
108.39,88.39,39.77,2.3,52.19,18.7,75.2,Warning
76.8,92.45,49.64,3.316,49.31,26.1,94.1,Critical
84.07,92.01,48.11,3.226,53.17,23.4,100.0,Critical
101.23,93.73,39.6,2.405,39.51,20.2,75.3,Warning
70.37,89.23,40.4,0.286,44.44,21.8,60.6,Warning
88.64,93.51,36.99,2.737,44.69,22.9,69.2,Warning
80.03,86.01,43.29,1.583,47.26,19.7,74.0,Warning
101.78,91.49,42.57,2.905,49.75,24.1,88.6,Critical
97.6,98.34,37.92,2.45,46.83,24.8,78.3,Warning
112.99,97.1,51.69,2.725,54.01,20.2,99.8,Critical
131.36,90.22,52.05,2.601,43.75,19.6,100.0,Critical
103.93,86.9,37.18,4.112,39.71,20.7,75.6,Warning
72.44,84.27,40.33,2.617,42.01,17.5,69.6,Warning
58.79,95.47,49.72,1.176,41.26,16.0,82.9,Critical
114.06,94.11,52.4,3.057,43.26,19.7,97.1,Critical
93.36,94.54,36.43,1.856,44.38,18.1,61.7,Warning
106.07,99.76,53.05,3.276,44.64,26.3,99.3,Critical
118.24,93.61,36.23,3.434,47.39,19.6,78.7,Warning
146.08,93.91,47.68,2.697,43.23,22.4,99.3,Critical
66.31,87.41,35.44,1.178,52.29,19.1,58.1,Watch
84.69,99.5,53.57,1.832,34.37,26.3,100.0,Critical
107.87,92.34,42.07,3.273,32.64,20.4,85.3,Critical
81.5,89.73,47.98,3.799,52.01,17.3,100.0,Critical
72.77,93.83,38.69,2.25,51.54,23.0,71.2,Warning
142.74,100.0,41.43,1.98,53.43,21.8,92.2,Critical
83.8,100.0,49.95,1.256,49.82,24.6,96.2,Critical
77.27,89.12,54.46,1.266,46.02,20.5,95.3,Critical
81.3,97.7,54.84,2.386,44.45,21.3,100.0,Critical
137.15,94.34,51.19,2.761,36.39,16.5,100.0,Critical
92.62,96.95,51.94,1.01,46.89,23.5,95.9,Critical
75.36,94.11,54.39,2.863,37.38,21.2,100.0,Critical
89.0,95.46,35.81,3.298,60.8,20.6,77.0,Warning
108.8,98.29,38.4,2.704,39.81,20.3,82.0,Critical
132.29,86.0,36.05,3.522,45.55,20.2,76.6,Warning
130.19,94.44,45.02,2.484,55.04,23.5,100.0,Critical
90.56,88.32,54.17,2.492,43.8,18.2,100.0,Critical
96.72,91.15,46.65,2.477,43.84,23.2,86.9,Critical
162.57,93.0,46.11,3.288,30.48,16.2,100.0,Critical
134.89,88.97,51.53,2.63,38.14,15.3,99.7,Critical
103.71,90.67,53.58,1.776,49.37,25.2,100.0,Critical
52.62,87.4,48.97,2.539,56.04,17.9,91.4,Critical
98.53,90.63,52.91,2.547,40.65,21.3,98.1,Critical
76.83,95.05,38.5,2.03,47.18,20.2,68.6,Warning
88.43,96.46,45.07,3.018,62.25,22.0,99.4,Critical
85.87,89.92,42.29,2.273,49.4,21.2,77.5,Warning
104.22,98.31,41.65,2.764,51.86,24.1,83.2,Critical
111.74,95.31,39.29,2.608,41.4,16.7,81.5,Critical
91.71,98.73,52.88,1.619,55.31,23.0,100.0,Critical
78.06,85.92,44.01,1.416,41.85,20.8,71.0,Warning
105.53,94.25,45.61,1.628,40.79,16.4,85.5,Critical
97.54,95.44,40.53,2.135,54.88,19.4,86.2,Critical
62.56,86.13,54.26,3.473,42.18,16.2,100.0,Critical
125.19,100.0,47.22,2.162,45.98,16.0,97.8,Critical
91.78,90.45,35.01,2.499,55.76,19.7,68.3,Warning
103.26,95.18,40.36,2.898,40.52,24.6,84.2,Critical
104.5,96.71,54.99,1.913,44.58,21.9,100.0,Critical
109.61,93.4,54.5,1.868,42.34,24.9,96.2,Critical
113.65,98.54,45.89,3.041,44.03,21.2,98.3,Critical
77.39,100.0,46.28,2.655,46.24,25.6,89.5,Critical
117.81,88.56,53.03,1.749,54.04,25.3,100.0,Critical
101.4,93.46,49.17,1.87,55.85,18.2,96.5,Critical
137.11,96.66,53.64,2.268,46.94,21.2,100.0,Critical
130.37,86.47,44.58,2.464,41.64,18.8,91.6,Critical
143.07,97.26,54.52,3.195,50.07,20.6,99.4,Critical
86.54,99.83,45.79,2.626,46.03,26.0,89.6,Critical
142.17,98.14,47.9,1.413,46.23,19.1,98.0,Critical
112.35,94.75,36.65,1.571,39.81,17.4,68.0,Warning
127.25,99.16,47.23,2.448,36.3,17.6,100.0,Critical
126.86,94.43,50.36,2.314,45.89,19.8,99.9,Critical
121.48,87.72,43.79,1.525,39.58,32.2,77.2,Warning
82.79,90.91,45.05,3.042,42.82,25.4,87.8,Critical
133.88,91.98,42.87,0.402,54.9,12.4,72.9,Warning
118.79,92.74,54.38,2.468,45.58,20.9,94.7,Critical
73.17,92.62,44.53,0.962,52.64,19.1,78.4,Warning
97.91,91.65,37.52,2.905,47.78,24.0,71.8,Warning
79.67,93.88,35.58,1.988,49.5,17.5,64.9,Warning
74.34,99.02,50.45,2.798,42.7,17.9,99.9,Critical
131.33,93.86,45.95,1.887,52.92,19.3,94.5,Critical
73.02,95.51,35.06,3.261,47.86,18.9,70.3,Warning
76.97,84.22,42.65,0.707,44.41,23.0,63.1,Warning
159.46,93.5,53.28,2.904,47.86,20.0,100.0,Critical
98.8,97.35,53.96,1.714,41.71,24.0,99.0,Critical
126.44,97.99,36.07,2.5,44.24,18.6,74.8,Warning
138.12,97.58,37.47,2.534,45.67,23.6,79.8,Warning
129.36,94.21,35.1,1.086,42.85,17.5,61.5,Warning
113.74,94.66,52.37,2.998,55.35,22.8,100.0,Critical
109.07,90.31,36.42,2.515,43.51,19.5,69.1,Warning
123.44,96.38,37.16,2.294,58.5,23.7,77.0,Warning
104.38,90.33,39.55,2.508,46.4,13.7,73.7,Warning
127.37,95.72,53.34,2.3,44.59,18.7,98.7,Critical
103.53,93.17,48.76,2.868,42.97,24.5,98.1,Critical
106.36,93.06,47.34,1.823,48.53,20.4,94.1,Critical
157.04,97.0,50.69,2.869,51.37,15.9,98.4,Critical
97.99,95.24,48.87,2.658,30.77,18.9,92.7,Critical
110.48,94.13,49.92,2.062,46.03,22.2,100.0,Critical
120.76,91.01,36.47,3.677,34.07,18.6,77.8,Warning
122.37,99.41,46.8,2.561,51.89,24.5,98.3,Critical
117.32,94.33,50.06,2.356,52.0,24.3,100.0,Critical
78.74,95.99,46.31,2.659,46.25,23.0,92.5,Critical
114.05,93.32,35.24,2.116,47.25,24.1,70.8,Warning
116.07,90.23,39.22,3.161,37.42,19.5,79.8,Warning
138.5,94.42,54.26,2.183,42.72,25.5,99.6,Critical
128.48,90.62,49.09,2.856,42.33,24.2,97.3,Critical
140.15,94.75,48.77,1.345,43.31,20.6,95.6,Critical
84.92,79.94,48.21,0.763,51.23,16.1,76.6,Warning
85.1,91.4,37.56,2.522,53.69,13.9,70.1,Warning
118.2,92.94,35.08,1.893,49.66,24.0,67.4,Warning
138.32,89.18,43.81,2.046,44.06,16.2,87.8,Critical
104.99,94.46,43.89,0.327,41.52,18.2,77.6,Warning
91.49,91.31,51.24,3.561,46.54,22.4,100.0,Critical
69.96,92.98,38.63,2.284,47.78,17.1,66.7,Warning
119.08,90.79,40.5,3.268,44.67,28.3,90.2,Critical
107.18,96.89,36.56,1.086,42.05,21.7,64.7,Warning
99.15,95.18,43.0,2.279,49.69,25.4,87.2,Critical
132.63,94.19,40.12,2.526,50.28,24.1,90.5,Critical
107.83,93.25,40.26,2.307,38.13,13.4,80.1,Critical
110.02,100.0,40.08,2.387,43.7,23.2,84.2,Critical
132.5,92.37,39.63,1.088,50.67,21.0,75.5,Warning
164.77,90.21,41.4,2.454,51.93,20.8,89.3,Critical
98.89,88.31,45.73,1.526,46.39,20.9,88.2,Critical
88.09,96.62,43.75,1.706,48.19,24.2,80.1,Critical
85.27,99.52,36.27,2.213,47.52,25.9,72.0,Warning
121.92,89.61,43.52,1.918,51.73,17.4,85.6,Critical
82.74,91.86,51.93,1.964,39.34,21.2,90.5,Critical
100.67,91.56,37.01,3.099,47.61,25.2,79.5,Warning
102.87,92.5,53.89,2.075,40.67,20.4,95.6,Critical
148.91,85.93,41.17,1.882,52.53,21.6,78.5,Warning
139.82,96.23,35.29,2.102,39.65,21.7,73.7,Warning
71.58,97.76,40.06,1.311,48.45,27.3,69.0,Warning
149.62,85.38,36.39,2.33,40.7,23.2,73.5,Warning
79.6,100.0,46.33,2.777,50.51,27.2,95.1,Critical
114.01,99.47,41.33,2.451,48.64,26.2,89.0,Critical
89.14,80.72,51.14,2.229,47.44,20.3,89.9,Critical
100.29,84.31,49.65,2.681,57.77,21.9,100.0,Critical
85.49,92.47,44.37,1.757,41.78,27.2,81.1,Critical
151.89,98.26,46.21,2.231,51.56,17.6,100.0,Critical
106.5,94.16,47.18,3.319,53.03,23.3,100.0,Critical
115.64,93.09,40.41,1.965,51.56,23.3,80.0,Critical
83.19,95.29,37.79,2.686,41.94,20.2,73.5,Warning
74.62,89.77,42.53,2.706,44.59,19.9,78.6,Warning
98.9,98.11,36.9,1.594,42.36,20.3,68.7,Warning
123.04,92.59,41.3,2.75,44.22,23.1,82.4,Critical
106.96,86.47,46.05,1.715,40.95,25.4,84.3,Critical
134.36,89.82,45.8,2.543,43.82,23.2,96.7,Critical
113.1,94.48,37.41,1.702,54.81,17.2,77.8,Warning
110.16,91.84,35.17,2.425,44.08,25.5,71.2,Warning
123.38,91.43,36.78,2.303,46.64,24.6,73.8,Warning
112.51,93.81,35.72,2.29,41.65,20.3,69.0,Warning
133.6,94.43,43.01,2.418,45.91,19.0,88.7,Critical
123.88,88.08,42.8,1.775,50.96,18.3,87.6,Critical
132.77,97.89,39.83,1.267,48.94,24.2,76.6,Warning
127.91,92.48,39.31,2.265,54.51,15.4,77.6,Warning
144.01,94.68,42.93,3.082,38.74,24.3,97.1,Critical
130.72,93.39,36.73,2.667,41.46,19.6,76.4,Warning
153.69,91.36,39.29,2.558,43.52,21.9,84.7,Critical
96.47,96.65,43.11,1.791,55.15,12.0,83.4,Critical
130.87,93.32,36.9,2.349,47.79,15.7,73.7,Warning
75.48,93.29,51.82,1.536,37.5,19.0,90.8,Critical
133.68,83.05,48.52,1.861,52.55,18.3,95.4,Critical
111.41,96.28,42.66,2.486,46.66,23.3,86.8,Critical
133.42,92.32,38.01,0.747,51.34,21.9,73.5,Warning
151.99,96.02,38.88,3.584,55.5,26.8,97.6,Critical
130.03,99.58,37.4,1.133,40.13,22.5,65.1,Warning
99.68,96.29,38.2,3.711,55.5,19.0,86.5,Critical
82.8,93.22,43.45,1.529,45.55,24.7,79.3,Warning
123.4,91.85,39.91,1.521,43.52,19.6,71.8,Warning
102.85,100.0,52.69,1.882,46.93,19.4,97.8,Critical
126.59,94.93,54.22,1.848,38.84,21.0,100.0,Critical
97.33,93.84,48.83,1.716,45.88,25.9,91.6,Critical
86.76,92.27,51.18,1.904,44.54,24.2,90.2,Critical
103.96,89.41,40.1,2.273,40.37,24.1,77.1,Warning
122.52,85.2,48.3,1.482,42.12,26.9,88.3,Critical
113.05,99.08,36.16,2.873,52.83,24.0,80.2,Critical
89.67,89.88,54.2,3.33,44.93,17.3,99.9,Critical
155.01,92.24,48.4,0.644,40.12,22.6,96.0,Critical
106.53,92.58,41.34,3.684,48.69,25.9,86.9,Critical
53.45,98.73,50.46,2.818,50.6,16.4,99.6,Critical
133.31,89.93,35.32,2.406,45.99,21.0,74.9,Warning
109.72,94.03,42.52,1.741,38.6,17.8,75.7,Warning
105.74,95.05,52.91,2.333,30.72,21.4,98.2,Critical
105.24,87.46,40.26,2.918,40.59,24.4,81.4,Critical
105.38,87.09,48.36,4.288,52.33,25.0,100.0,Critical
151.72,90.14,42.2,3.954,51.78,20.4,98.0,Critical
121.61,93.97,42.85,0.977,41.22,23.0,75.2,Warning
116.51,93.47,49.92,2.034,44.58,16.5,100.0,Critical
103.43,92.52,53.2,2.262,50.19,15.8,100.0,Critical
153.21,95.61,38.33,3.275,45.17,24.4,88.8,Critical
131.07,89.57,40.54,2.133,51.62,12.0,86.3,Critical
134.73,92.32,44.76,1.596,45.42,18.9,90.8,Critical
116.95,92.55,47.28,2.243,48.89,23.0,94.6,Critical
135.0,89.68,44.36,1.892,44.06,21.7,90.7,Critical
119.83,100.0,51.11,2.989,41.3,12.5,100.0,Critical
100.72,84.36,50.36,4.11,52.99,22.6,98.3,Critical
119.24,97.96,43.1,2.928,36.99,18.4,93.1,Critical
162.43,96.2,35.81,2.961,42.4,21.4,84.4,Critical
115.1,96.23,38.89,3.188,45.43,19.1,84.5,Critical
141.75,93.38,44.74,2.564,51.15,18.9,96.5,Critical
139.78,98.33,53.55,1.881,40.73,15.6,100.0,Critical
124.07,91.21,46.35,1.96,46.76,19.9,90.4,Critical
151.42,94.57,45.61,3.077,37.68,24.7,100.0,Critical
55.68,93.29,49.48,2.431,48.64,19.7,91.6,Critical
64.09,92.07,38.05,1.414,56.94,19.9,59.7,Watch
153.2,93.49,37.94,3.247,34.24,18.9,85.3,Critical
93.81,89.2,41.91,1.581,41.64,17.1,71.5,Warning
112.79,90.34,54.9,1.298,51.02,18.0,98.6,Critical
153.76,99.32,52.52,1.498,63.66,21.7,96.7,Critical
114.99,100.0,48.6,2.445,49.53,28.4,97.3,Critical
152.24,95.08,42.82,2.978,41.62,23.9,100.0,Critical
100.29,96.33,46.09,2.404,45.11,22.9,94.6,Critical
125.4,94.01,41.07,1.755,38.64,27.0,82.1,Critical
111.45,94.82,48.49,1.554,50.83,22.4,94.3,Critical
147.27,95.18,43.38,2.817,52.28,24.2,100.0,Critical
103.46,97.14,37.4,2.126,54.44,21.6,75.2,Warning
85.89,99.15,39.3,2.473,44.02,22.4,74.7,Warning
98.31,89.46,47.17,2.088,41.15,16.8,84.3,Critical
99.42,100.0,48.89,2.44,54.97,20.1,97.4,Critical
93.82,93.55,36.92,2.512,54.28,19.3,71.5,Warning
92.78,93.55,51.17,4.14,40.07,19.2,97.8,Critical
138.04,91.35,51.49,2.522,43.75,19.0,100.0,Critical
145.2,91.36,49.46,1.89,50.74,25.3,100.0,Critical
119.8,95.47,48.67,2.34,44.49,19.9,99.4,Critical
93.82,95.55,39.64,1.44,46.19,20.6,70.9,Warning
95.4,95.26,53.39,1.433,37.19,27.8,94.0,Critical
58.18,91.18,40.37,3.2,39.27,23.3,69.8,Warning
119.49,82.2,38.65,2.443,45.45,21.0,68.6,Warning
92.93,85.82,47.77,3.095,41.81,24.2,92.6,Critical
146.78,93.05,42.28,0.9,39.11,19.0,84.6,Critical
75.55,94.34,53.66,1.42,44.12,19.7,93.9,Critical
95.19,91.32,44.2,2.439,40.73,19.9,82.5,Critical
107.61,90.23,38.27,1.541,46.17,21.7,68.3,Warning
121.63,94.19,54.15,1.061,51.95,22.4,100.0,Critical
155.07,92.57,45.31,1.337,44.19,18.2,91.8,Critical
75.74,91.09,45.37,1.943,43.44,22.2,85.0,Critical
102.45,86.54,42.72,2.53,52.44,22.8,81.1,Critical
74.3,89.62,51.72,3.572,50.4,19.6,100.0,Critical
129.75,96.73,40.75,1.358,50.79,20.5,79.9,Warning
93.83,89.15,35.27,1.399,30.88,17.6,51.8,Watch
107.42,95.65,44.95,1.039,43.31,16.5,85.9,Critical
105.69,98.55,53.52,2.658,42.57,17.6,100.0,Critical
112.91,89.84,40.47,2.3,41.05,23.2,78.1,Warning
106.09,91.22,40.33,1.428,52.32,22.6,73.0,Warning
85.71,96.95,49.76,1.535,42.74,26.8,89.3,Critical
112.12,97.93,50.51,2.101,37.66,21.1,100.0,Critical
90.14,90.42,43.71,2.146,47.48,21.2,75.8,Warning
130.36,86.51,51.67,1.368,45.95,22.0,100.0,Critical
111.44,98.02,38.44,2.342,40.47,17.8,75.7,Warning
84.01,95.34,42.34,1.099,52.11,23.7,74.1,Warning
170.17,94.6,43.09,2.239,49.19,22.1,91.9,Critical
151.47,96.66,41.26,2.058,49.17,18.2,86.4,Critical
171.09,88.26,39.35,2.521,48.9,22.1,83.8,Critical
101.43,94.56,41.76,3.169,52.54,23.3,89.5,Critical
89.12,91.86,35.36,1.903,45.07,17.0,62.5,Warning
130.16,95.41,49.07,2.2,38.55,24.2,100.0,Critical
137.7,96.2,48.68,0.615,44.76,19.6,95.4,Critical
114.92,96.91,44.0,3.777,36.07,12.0,95.8,Critical
57.41,95.39,41.46,0.712,39.63,23.9,59.5,Watch
85.47,94.0,43.68,2.134,55.71,25.0,83.7,Critical
120.56,94.14,53.73,0.161,39.4,17.6,100.0,Critical
93.5,94.47,47.07,1.539,38.96,16.0,87.4,Critical
75.87,90.5,49.63,3.588,50.02,25.0,100.0,Critical
103.56,91.52,39.59,3.116,51.18,19.1,81.3,Critical
28.83,94.61,36.9,2.988,36.0,25.0,58.3,Watch
94.92,95.6,36.66,2.046,47.49,15.6,68.1,Warning
99.35,90.4,44.44,3.521,42.71,25.2,92.2,Critical
117.76,88.69,49.33,2.406,47.98,24.2,94.8,Critical
123.69,86.3,50.48,2.752,44.18,22.6,100.0,Critical
119.44,87.95,49.41,4.318,37.81,15.0,100.0,Critical
132.43,90.84,53.26,3.072,43.11,19.9,100.0,Critical
105.8,91.21,36.04,2.148,49.75,24.0,70.5,Warning
73.61,91.87,52.11,2.608,57.66,15.9,100.0,Critical
111.1,88.18,48.21,3.323,48.34,19.4,100.0,Critical
88.11,85.75,38.51,2.698,43.65,22.2,68.8,Warning
76.08,93.51,48.65,2.826,38.92,17.5,96.4,Critical
124.48,93.51,45.24,3.23,45.05,24.9,98.3,Critical
74.68,95.49,42.18,4.224,43.73,24.3,87.1,Critical
127.01,96.26,39.96,1.452,47.83,21.7,77.9,Warning
77.7,94.57,44.28,2.762,45.64,22.3,83.3,Critical
102.74,93.46,39.78,2.568,48.88,19.4,81.6,Critical
95.9,96.5,36.66,1.891,43.84,22.8,66.8,Warning
138.42,98.7,51.92,1.682,56.25,19.2,99.7,Critical
124.86,90.29,46.86,3.522,49.5,20.4,100.0,Critical
89.39,96.08,42.27,1.382,41.76,19.5,77.6,Warning
106.06,90.5,43.93,1.073,52.01,25.3,77.3,Warning
143.24,93.88,52.3,1.75,39.06,24.6,100.0,Critical
147.33,97.28,41.4,0.774,40.87,18.0,76.1,Warning
75.78,91.91,42.6,1.523,41.19,25.0,67.8,Warning
142.9,89.19,50.32,1.358,53.97,18.6,99.2,Critical
140.99,91.16,39.01,2.269,44.93,26.6,81.1,Critical
114.47,89.19,48.19,3.356,42.23,25.7,99.4,Critical
107.73,88.7,43.69,1.729,46.98,27.6,82.0,Critical
96.24,97.83,45.0,2.892,49.25,21.9,93.5,Critical
78.66,95.13,50.74,2.801,55.54,20.2,94.9,Critical
118.47,90.12,54.86,0.424,37.02,20.1,97.5,Critical
105.75,89.06,51.63,1.758,53.58,22.1,96.2,Critical
120.87,89.34,38.21,1.899,33.6,18.0,69.1,Warning
121.47,90.12,39.49,2.505,51.44,13.8,75.8,Warning
172.95,97.61,43.2,2.656,52.98,19.8,100.0,Critical
139.92,92.56,49.38,2.465,53.29,21.1,100.0,Critical
123.67,100.0,45.19,1.484,49.41,22.7,88.8,Critical
56.58,92.84,53.04,1.693,39.61,22.2,84.3,Critical
119.81,90.7,35.97,0.997,50.48,21.4,63.3,Warning
149.56,96.71,40.17,2.253,39.59,24.5,88.5,Critical
99.33,86.32,39.39,1.906,40.37,18.4,68.7,Warning
164.77,93.75,49.88,2.626,43.26,19.0,98.9,Critical
123.6,88.15,44.3,2.758,43.8,27.3,87.2,Critical
117.36,84.27,35.3,1.933,47.44,12.0,64.0,Warning
85.23,92.53,50.47,2.426,41.83,24.4,99.2,Critical
147.59,96.34,42.24,2.027,47.98,22.7,86.6,Critical
89.23,93.86,40.21,1.309,37.77,21.0,68.7,Warning
95.89,93.37,38.65,1.56,46.23,23.7,75.8,Warning
62.97,82.6,53.92,0.385,44.37,23.2,79.1,Warning
132.4,92.38,53.84,1.883,52.08,16.6,99.5,Critical
124.69,92.42,36.53,1.725,52.69,18.1,71.6,Warning
110.26,95.49,39.66,1.324,44.98,19.6,72.2,Warning
128.51,88.77,47.92,2.855,34.24,14.6,97.2,Critical
126.15,96.32,48.41,2.621,37.15,21.0,100.0,Critical
100.86,90.96,43.35,2.643,52.74,22.9,83.0,Critical
90.38,91.8,46.37,2.753,45.14,24.5,87.9,Critical
67.12,95.11,49.05,2.199,56.49,21.2,97.4,Critical
105.56,88.24,54.01,2.19,51.38,18.8,100.0,Critical
77.3,96.3,49.5,2.864,47.53,21.7,99.8,Critical
114.07,87.58,37.21,2.734,46.77,20.8,75.3,Warning
105.99,95.62,49.36,3.022,39.11,23.4,100.0,Critical
99.95,92.06,36.35,2.165,42.21,20.9,68.4,Warning
136.16,92.38,45.05,1.411,48.5,23.7,89.2,Critical
85.34,80.74,45.54,2.39,43.93,20.2,77.7,Warning
63.8,90.64,50.57,1.737,48.81,24.9,88.1,Critical
104.37,92.16,35.23,2.723,52.18,21.5,70.5,Warning
91.5,99.19,52.5,2.43,44.92,19.2,100.0,Critical
113.04,92.86,48.28,2.241,43.41,20.0,97.1,Critical
87.16,90.39,35.62,1.886,40.62,23.2,56.4,Watch
120.51,96.33,38.2,3.001,51.01,17.2,83.5,Critical
85.68,90.98,35.79,2.939,50.52,20.6,70.0,Warning
85.41,97.13,50.32,1.752,59.12,24.2,100.0,Critical
125.41,94.05,38.42,1.217,47.06,22.6,71.4,Warning
108.84,89.4,35.91,2.344,45.42,17.5,68.6,Warning
80.32,96.75,37.76,3.149,48.8,21.9,76.4,Warning
86.2,95.4,46.19,1.191,44.27,17.0,85.4,Critical
100.68,96.58,44.91,2.576,40.69,21.6,86.6,Critical
81.43,92.27,39.93,1.543,46.53,25.1,67.2,Warning
102.8,95.4,53.86,1.386,48.75,21.2,97.9,Critical
103.68,100.0,52.1,2.945,49.14,17.6,100.0,Critical
87.07,93.69,41.29,2.72,48.66,20.4,77.2,Warning
126.25,91.41,44.49,2.078,52.38,21.6,95.2,Critical
84.49,99.18,45.34,2.832,49.12,24.3,94.3,Critical
141.14,95.67,50.12,2.747,47.62,24.2,100.0,Critical
104.54,91.2,43.56,1.011,38.41,17.7,79.9,Warning
93.51,99.94,45.93,2.267,47.48,20.0,92.1,Critical
123.48,88.19,43.25,3.33,44.97,22.2,93.4,Critical
110.86,95.12,50.26,2.579,39.27,19.2,100.0,Critical
129.0,97.59,46.12,0.107,49.01,22.5,90.1,Critical
59.97,97.29,51.56,1.343,49.11,17.0,93.7,Critical
122.92,89.4,36.07,2.997,48.55,21.8,74.3,Warning
97.02,88.04,53.09,1.754,49.33,24.1,100.0,Critical
110.94,93.92,51.39,3.097,46.74,21.2,98.4,Critical
107.8,95.82,51.37,3.837,44.52,21.5,98.8,Critical
143.67,88.69,37.81,2.01,56.62,23.5,78.6,Warning
63.49,94.21,40.27,1.706,46.89,19.7,68.3,Warning
150.35,87.17,54.61,1.395,30.74,22.9,97.8,Critical
127.66,97.24,54.01,2.807,31.43,20.9,94.3,Critical
113.8,90.71,39.53,1.718,53.23,18.3,76.6,Warning
74.16,92.34,43.66,1.878,35.0,23.7,74.5,Warning
68.2,96.46,38.12,1.313,42.73,25.2,64.0,Warning
95.98,96.08,40.25,1.854,38.71,24.5,78.4,Warning
125.88,94.9,38.69,1.635,44.18,23.7,71.1,Warning
109.85,97.12,36.62,0.614,48.32,22.5,67.8,Warning
124.46,94.64,46.59,1.529,42.01,22.1,97.5,Critical
73.42,98.79,39.82,2.797,41.11,20.7,80.7,Critical
111.11,86.16,54.84,3.279,50.38,19.0,99.1,Critical
137.38,92.76,45.31,2.115,61.79,14.8,99.1,Critical
146.3,92.59,42.18,2.227,49.24,16.3,88.5,Critical
78.65,92.12,53.26,2.429,40.52,21.0,97.3,Critical
101.2,94.99,47.41,3.77,51.23,17.2,100.0,Critical
101.48,93.86,37.54,1.392,56.46,22.2,71.7,Warning
94.34,96.3,44.96,1.19,52.38,26.2,85.9,Critical
132.69,88.26,43.82,2.159,36.74,12.0,80.0,Warning
181.79,100.0,50.3,2.515,49.17,18.1,96.3,Critical
82.16,91.44,48.88,2.173,43.25,27.6,92.3,Critical
120.62,94.15,42.42,1.108,46.32,23.5,80.6,Critical
117.39,92.18,44.39,2.908,43.76,20.7,91.3,Critical
117.92,93.32,45.38,2.089,50.46,19.4,96.9,Critical
143.32,90.86,43.45,2.644,43.88,22.8,94.2,Critical
119.33,93.82,37.15,3.442,54.51,23.9,81.8,Critical
56.59,95.32,53.11,1.029,45.98,17.2,85.4,Critical
74.08,83.39,48.45,0.825,44.66,25.5,76.8,Warning
83.33,91.69,44.39,2.652,49.43,22.2,84.3,Critical
91.29,91.53,46.39,0.572,48.14,23.8,78.6,Warning
106.51,100.0,39.26,1.88,49.6,24.1,78.0,Warning
104.63,96.44,45.61,1.743,45.2,21.9,92.1,Critical
64.42,99.0,49.92,2.488,54.01,22.3,100.0,Critical
69.78,95.23,45.67,1.667,51.94,22.6,82.7,Critical
57.03,93.33,44.61,2.594,45.93,19.9,79.8,Warning
71.15,94.46,44.25,1.346,50.94,22.9,78.3,Warning
134.78,97.49,50.23,1.206,44.42,20.2,100.0,Critical
103.24,100.0,50.07,2.215,49.42,21.0,100.0,Critical
86.18,94.21,50.0,2.284,50.95,25.7,96.9,Critical
62.06,90.51,39.92,2.436,47.5,20.9,67.1,Warning
84.68,96.7,47.36,3.384,41.08,22.2,96.1,Critical
125.18,89.59,50.58,3.224,38.84,20.5,97.0,Critical
121.89,94.56,46.24,2.561,47.76,19.9,98.9,Critical
103.69,95.73,50.58,2.848,41.66,26.8,100.0,Critical
103.32,92.57,52.09,2.41,52.33,16.6,100.0,Critical
65.72,89.38,38.48,3.144,36.95,21.2,67.5,Warning
90.6,91.18,41.13,2.491,53.9,17.4,82.8,Critical
123.89,91.73,47.03,1.758,46.31,24.8,97.3,Critical
93.13,88.79,40.79,1.598,40.87,20.8,69.9,Warning
150.59,91.46,53.83,3.121,43.29,19.6,100.0,Critical
140.14,87.19,38.88,2.054,44.78,15.5,80.2,Critical
98.66,95.36,42.14,3.733,48.9,25.7,90.7,Critical
103.37,94.33,54.89,1.316,38.65,17.0,100.0,Critical
165.58,94.06,38.78,3.201,40.25,22.5,87.1,Critical
131.18,91.46,43.98,1.859,44.05,23.8,90.8,Critical
111.76,91.99,41.28,2.526,45.82,27.5,84.1,Critical
114.64,89.68,51.2,1.159,50.3,19.3,98.4,Critical
113.72,95.02,41.08,0.729,47.62,18.4,77.2,Warning
109.58,87.57,38.23,3.384,43.66,19.7,78.0,Warning
83.23,93.34,53.66,1.849,47.42,19.2,99.8,Critical
99.94,90.47,41.35,2.988,46.99,15.3,82.5,Critical
74.1,100.0,49.83,1.675,44.49,25.9,90.4,Critical
128.12,95.11,40.81,2.989,46.7,19.7,91.9,Critical
106.69,93.0,38.57,1.857,33.09,20.5,67.2,Warning
129.39,88.58,51.05,1.232,51.6,22.9,100.0,Critical
78.14,87.55,36.11,2.717,49.29,25.2,66.2,Warning
145.55,94.98,41.64,2.956,54.99,17.5,98.3,Critical
142.44,100.0,50.6,2.712,41.13,22.1,100.0,Critical
70.64,94.64,45.24,2.084,49.43,17.4,82.6,Critical
97.35,93.7,48.79,0.801,34.57,22.0,84.4,Critical
100.07,93.76,36.34,1.345,35.41,21.9,62.3,Warning
74.05,93.41,50.0,1.638,44.58,19.6,86.4,Critical
103.5,93.81,38.44,1.993,42.53,21.7,71.6,Warning
123.95,90.26,51.17,3.105,52.28,21.8,100.0,Critical
98.26,89.11,46.28,2.106,53.07,20.8,95.3,Critical
67.18,93.44,49.78,0.515,53.7,20.4,80.0,Warning
129.31,98.97,39.26,0.127,49.59,16.9,72.9,Warning
90.21,96.11,42.91,1.644,49.85,17.7,80.7,Critical
92.84,88.07,51.04,1.789,38.31,19.2,88.9,Critical
152.03,91.98,53.22,2.485,54.4,18.0,98.9,Critical
119.92,95.92,39.53,1.038,53.51,19.3,73.0,Warning
89.77,99.07,50.87,1.094,37.72,20.8,89.1,Critical
80.27,100.0,37.17,2.563,48.81,21.3,74.6,Warning
134.15,92.16,43.51,3.267,42.72,22.7,99.7,Critical
132.43,96.3,53.77,0.629,57.1,21.5,100.0,Critical
97.33,94.0,53.9,1.585,40.15,21.4,100.0,Critical
78.52,92.52,40.93,3.089,46.56,22.6,77.8,Warning
119.64,93.25,38.86,2.946,47.12,18.2,79.9,Warning
124.85,93.3,37.99,1.459,45.68,18.5,71.9,Warning
100.68,97.7,44.62,3.128,58.89,19.9,96.6,Critical
82.42,87.38,36.84,2.236,56.15,18.9,70.1,Warning
110.62,94.87,42.14,2.728,36.17,15.7,82.4,Critical
121.54,99.16,35.34,1.637,48.92,22.7,68.0,Warning
97.82,98.73,40.19,2.434,45.93,18.0,86.4,Critical
116.55,95.28,53.01,1.267,51.01,26.4,100.0,Critical
119.02,89.97,43.94,1.762,47.28,21.5,81.6,Critical
138.64,96.11,36.47,1.962,41.12,16.5,71.6,Warning
99.48,98.3,47.94,2.312,39.78,23.0,94.8,Critical
81.52,90.94,54.11,4.125,43.59,21.1,99.6,Critical
108.32,94.43,44.27,4.248,45.28,21.9,98.6,Critical
152.19,92.18,47.49,1.89,47.16,19.5,100.0,Critical
65.92,90.54,53.39,3.384,42.58,18.2,100.0,Critical
52.17,91.74,43.38,1.313,56.24,16.6,72.2,Warning
107.3,93.51,48.29,2.519,49.21,17.2,97.9,Critical
100.52,89.33,43.81,1.651,51.24,16.9,78.4,Warning
104.79,88.67,54.24,1.839,45.17,19.9,98.4,Critical
103.86,89.44,45.08,4.329,39.77,20.8,93.6,Critical
135.14,94.31,52.71,1.89,51.3,16.4,96.9,Critical
108.94,87.14,45.14,1.68,40.04,23.7,83.5,Critical
130.49,84.13,48.37,1.4,33.86,21.4,88.8,Critical
48.06,98.49,42.72,1.585,49.39,28.3,76.3,Warning
96.77,88.95,53.35,1.063,41.47,19.8,97.3,Critical
89.62,92.22,47.94,2.378,43.99,27.7,92.7,Critical
52.88,96.69,35.4,2.364,50.16,23.2,60.7,Warning
112.58,87.25,35.31,2.47,40.42,15.1,62.5,Warning
107.49,87.24,48.52,2.191,36.39,17.4,90.0,Critical
98.32,90.47,37.29,1.746,53.32,22.0,69.8,Warning
106.85,96.85,49.32,1.675,45.65,15.8,94.3,Critical
112.58,92.91,41.44,2.327,53.54,18.3,83.4,Critical
135.33,92.97,45.78,2.159,49.76,16.2,99.1,Critical
126.06,91.82,38.49,1.691,49.93,27.4,78.9,Warning
118.21,95.25,39.92,1.971,46.98,24.3,79.6,Warning
167.68,98.73,43.74,3.432,46.98,20.0,100.0,Critical
92.3,100.0,48.31,3.776,52.81,25.5,98.9,Critical
76.0,92.41,38.11,2.024,50.89,24.8,72.3,Warning
139.35,99.1,40.63,1.613,42.47,24.9,84.5,Critical
156.67,97.0,39.14,2.166,48.96,19.3,83.6,Critical
94.12,94.07,52.25,3.109,42.28,20.1,100.0,Critical
144.45,84.16,47.96,2.165,44.12,17.7,94.8,Critical
96.66,91.49,44.37,2.484,49.41,20.7,84.6,Critical
124.62,91.65,53.94,1.674,42.19,18.6,98.9,Critical
126.01,94.44,49.72,1.267,46.89,17.8,96.9,Critical
94.22,92.21,53.64,2.809,48.28,24.4,97.7,Critical
156.17,90.75,46.95,2.356,43.96,23.0,96.5,Critical
159.04,100.0,37.76,2.725,50.32,18.4,86.1,Critical
84.47,98.23,48.51,0.831,43.36,23.8,84.8,Critical
115.03,84.91,39.03,3.666,51.66,21.9,79.5,Warning
132.86,91.88,41.92,2.402,46.78,20.1,88.6,Critical
62.94,95.52,45.19,0.754,47.04,25.8,69.6,Warning
110.66,98.32,38.15,2.99,40.61,21.9,79.1,Warning
68.67,91.32,35.42,1.901,44.59,26.3,61.1,Warning
126.69,92.14,41.54,2.224,47.17,22.7,87.3,Critical
112.15,93.38,51.49,1.818,52.15,23.0,98.6,Critical
100.66,95.65,35.31,2.122,44.07,17.8,69.6,Warning
70.83,86.86,37.19,2.162,52.12,19.3,63.5,Warning
95.03,84.94,51.14,0.864,41.47,25.4,90.8,Critical
122.98,98.02,41.12,2.893,48.0,24.5,86.8,Critical
108.98,89.04,53.76,2.29,42.96,19.9,97.5,Critical
139.81,100.0,42.6,2.557,55.27,16.9,98.9,Critical
138.19,89.55,50.93,2.853,54.18,26.0,96.8,Critical
137.13,92.26,40.18,2.297,47.71,24.2,82.1,Critical
96.56,94.47,36.24,2.465,42.79,17.6,70.5,Warning
117.37,84.47,52.63,1.024,36.9,17.6,92.6,Critical
85.87,100.0,53.55,1.536,48.27,26.5,99.9,Critical
78.5,91.42,49.16,2.268,47.25,19.5,91.4,Critical
139.55,89.65,50.4,2.349,51.15,19.5,93.8,Critical
80.34,88.33,35.14,2.521,37.2,19.0,61.1,Warning
77.65,94.45,50.08,3.325,46.85,22.1,98.4,Critical
112.63,94.16,44.44,2.125,48.57,16.8,88.5,Critical
103.23,88.47,44.06,2.49,40.59,21.7,78.9,Warning
105.39,87.51,45.8,2.247,46.7,16.8,88.8,Critical
167.64,97.22,40.42,2.0,41.64,16.8,87.1,Critical
85.14,90.38,48.93,2.031,41.05,16.9,85.2,Critical
122.38,86.12,40.91,1.573,42.82,17.0,74.5,Warning
112.17,92.41,46.17,2.106,44.4,23.2,94.8,Critical
135.23,91.39,37.74,2.025,53.43,23.2,77.9,Warning
90.36,100.0,48.5,2.079,44.07,20.5,90.9,Critical
104.39,90.91,38.79,0.806,40.92,19.1,62.7,Warning
112.85,91.77,38.41,2.121,50.88,25.1,75.8,Warning
74.15,93.88,35.49,1.498,52.17,23.1,66.5,Warning
64.86,90.72,37.44,2.151,50.92,17.5,62.3,Warning
109.48,94.76,39.65,1.324,54.22,22.1,74.9,Warning
143.44,88.93,39.45,2.24,47.15,21.9,78.4,Warning
101.19,92.04,41.55,1.962,46.93,23.2,80.5,Critical
104.62,94.63,36.09,1.699,41.78,29.2,68.8,Warning
138.77,97.55,53.7,2.431,54.39,18.5,93.2,Critical
106.28,90.66,37.38,2.5,45.45,22.7,71.4,Warning
129.42,90.61,49.04,2.161,44.18,25.5,99.7,Critical
176.66,99.16,45.7,2.655,43.64,26.2,100.0,Critical
95.57,90.79,46.06,1.869,49.82,21.5,87.1,Critical
105.57,92.77,37.11,2.52,46.5,17.1,74.8,Warning
119.91,99.85,39.86,2.166,47.14,15.6,82.9,Critical
147.29,93.27,50.6,1.401,44.05,23.5,100.0,Critical
107.12,92.01,44.27,1.559,44.81,22.0,82.2,Critical
128.23,92.31,44.14,3.132,45.11,21.4,94.6,Critical
118.7,90.04,45.92,3.461,54.53,21.8,100.0,Critical
108.19,94.8,43.68,2.771,35.19,23.9,88.7,Critical
99.49,89.3,51.12,1.733,48.69,22.6,96.5,Critical
94.77,96.11,49.97,3.342,52.53,22.2,98.8,Critical
186.64,93.06,41.34,2.69,34.97,19.2,85.1,Critical
71.47,93.94,51.24,2.469,45.57,24.1,97.4,Critical
73.84,99.92,45.37,3.674,51.89,19.3,94.9,Critical
116.12,87.2,47.55,1.512,41.48,23.9,87.3,Critical
115.08,93.1,52.32,2.818,47.61,19.8,100.0,Critical
120.66,95.55,44.52,1.548,40.41,22.8,88.5,Critical
88.14,90.54,50.13,1.715,46.2,26.3,95.1,Critical
84.34,96.8,47.56,4.282,53.67,23.0,92.4,Critical
102.86,90.82,43.53,2.602,56.17,25.2,88.4,Critical
132.69,94.17,50.78,3.679,47.53,19.9,94.7,Critical
84.56,92.51,37.1,2.635,38.33,21.3,70.9,Warning
113.78,93.65,46.62,2.522,44.14,19.9,95.1,Critical
97.19,93.3,35.93,1.699,35.12,16.0,64.9,Warning
71.89,92.87,38.12,2.982,44.24,24.2,72.2,Warning
77.96,91.11,46.98,2.22,51.79,22.7,84.5,Critical
132.76,90.34,41.15,2.264,37.82,22.5,78.7,Warning
94.9,94.26,40.25,1.991,44.76,24.7,74.8,Warning
141.1,93.21,54.12,2.119,41.1,17.6,100.0,Critical
109.07,90.23,42.32,2.22,56.76,16.9,85.1,Critical
75.8,94.37,46.29,2.298,48.39,24.7,87.7,Critical
121.93,91.15,45.68,2.159,51.1,20.8,92.5,Critical
89.97,99.22,36.24,0.955,47.76,21.6,65.9,Warning
100.58,100.0,48.49,2.634,50.57,16.6,100.0,Critical
138.32,98.56,45.26,2.102,52.48,25.4,100.0,Critical
77.76,98.33,42.63,0.01,46.23,23.0,69.1,Warning
98.76,96.26,36.32,0.93,42.81,19.3,60.8,Warning
82.91,92.16,40.86,1.821,40.39,27.3,70.0,Warning
80.24,85.4,52.68,3.223,56.55,16.9,100.0,Critical
98.17,88.9,38.47,2.686,50.92,20.0,77.0,Warning
88.56,90.29,39.39,1.65,32.66,24.0,67.1,Warning
103.15,97.83,39.11,2.047,44.53,24.5,75.7,Warning
125.97,94.02,52.82,3.084,48.5,16.5,100.0,Critical
91.23,90.36,49.0,1.707,56.03,20.1,91.8,Critical
73.3,85.62,52.64,1.331,39.38,23.2,87.4,Critical
126.04,100.0,53.27,2.904,48.56,25.4,97.6,Critical
91.06,95.13,53.56,3.093,43.6,25.2,100.0,Critical
155.69,96.63,44.71,1.716,38.82,23.1,95.2,Critical
99.78,90.86,44.52,2.59,54.07,21.3,90.1,Critical
106.6,92.45,51.58,2.168,40.21,20.5,100.0,Critical
52.4,91.62,41.64,1.727,51.82,22.5,69.1,Warning
80.96,93.26,35.44,3.135,36.43,25.3,62.2,Warning
53.02,100.0,41.63,1.669,43.06,20.4,69.6,Warning
117.35,88.18,49.33,2.805,49.43,20.2,100.0,Critical
107.96,92.83,37.47,2.254,50.3,24.4,72.1,Warning
125.75,94.44,50.7,2.062,48.62,24.2,100.0,Critical
130.19,92.53,51.31,1.756,51.91,19.5,96.3,Critical
134.04,96.98,37.02,1.411,44.27,17.0,67.3,Warning
104.37,86.06,36.96,2.0,54.35,15.9,70.3,Warning
112.14,100.0,38.98,1.79,48.14,21.4,77.1,Warning
124.47,87.52,42.13,2.274,50.41,17.7,85.0,Critical
90.13,88.48,45.65,1.242,48.18,23.7,77.9,Warning
86.55,91.2,44.71,2.079,48.95,15.8,84.5,Critical
148.5,90.41,52.06,2.525,39.99,25.8,100.0,Critical
64.85,94.7,37.84,1.661,40.35,20.0,66.1,Warning
122.5,94.23,48.95,2.793,42.75,18.6,98.4,Critical
118.53,93.45,45.98,2.88,49.09,19.4,97.4,Critical
81.92,87.33,49.74,1.234,42.47,18.4,83.8,Critical
93.3,92.44,41.84,1.593,44.22,25.5,79.4,Warning
101.08,93.08,44.43,1.128,45.56,23.0,76.9,Warning
115.42,97.93,35.57,2.538,54.51,21.3,73.3,Warning
118.79,93.8,37.32,2.302,49.62,17.4,78.0,Warning
109.23,94.53,42.5,0.919,37.23,20.8,72.4,Warning
114.71,100.0,44.63,1.678,46.96,18.7,92.1,Critical
126.49,88.36,36.71,2.447,44.18,13.1,69.0,Warning
125.33,91.45,51.5,2.29,44.63,18.9,100.0,Critical
148.36,88.46,53.92,3.168,46.0,22.8,98.7,Critical
136.08,99.43,46.93,1.278,52.76,19.7,96.9,Critical
110.44,99.7,36.07,2.193,41.12,20.6,72.0,Warning
126.02,99.11,49.78,1.399,47.22,24.1,97.0,Critical
120.6,95.19,39.34,2.288,47.74,23.6,81.8,Critical
114.11,94.52,49.67,2.055,44.67,26.9,99.4,Critical
88.29,91.17,43.69,2.417,42.17,14.4,75.5,Warning
114.06,96.08,36.07,1.873,41.47,18.5,69.5,Warning
58.37,87.87,40.57,2.81,43.48,23.7,70.7,Warning
136.81,87.86,43.54,1.628,50.43,22.3,80.1,Critical
118.76,91.32,49.73,1.388,43.85,21.3,95.0,Critical
106.02,100.0,37.66,2.38,45.41,19.2,76.8,Warning
99.48,90.95,40.74,3.683,39.06,21.7,83.2,Critical
126.36,91.49,36.67,0.983,43.15,21.5,60.4,Warning
155.94,94.15,47.32,1.284,47.38,15.4,99.0,Critical
119.38,96.59,44.49,2.385,36.0,21.6,90.9,Critical
157.56,98.01,53.58,3.102,52.27,19.4,97.7,Critical
129.61,88.52,49.81,2.445,42.44,23.5,96.5,Critical
89.86,92.61,50.56,1.714,56.58,22.0,95.8,Critical
122.19,93.9,38.29,2.536,48.52,26.9,80.0,Warning
119.75,94.3,40.33,2.613,34.99,21.0,77.2,Warning
89.85,96.46,45.26,1.656,47.67,17.7,81.8,Critical
99.81,96.28,35.27,2.86,44.09,13.5,74.7,Warning
99.31,93.1,52.4,2.172,47.74,18.2,100.0,Critical
112.51,97.61,50.55,0.8,55.7,22.1,99.2,Critical
103.0,96.88,36.16,2.092,50.23,22.9,69.5,Warning
116.72,96.55,51.98,1.745,44.65,19.2,98.9,Critical
120.77,90.88,35.09,3.244,37.62,19.7,76.8,Warning
141.69,95.85,37.28,1.137,51.24,21.2,75.6,Warning
123.73,97.81,36.11,1.814,49.06,22.1,78.6,Warning
92.45,90.94,44.58,2.406,52.95,24.1,88.0,Critical
162.78,93.53,50.68,4.135,45.14,19.2,97.6,Critical
92.61,99.26,38.57,3.764,47.77,18.8,85.7,Critical
100.31,94.59,50.43,2.164,44.52,27.1,100.0,Critical
124.94,92.65,38.7,2.479,46.52,26.3,81.0,Critical
182.38,98.85,54.81,2.682,36.91,19.4,98.9,Critical
120.04,91.12,52.07,1.39,47.91,24.4,100.0,Critical
93.96,86.22,49.74,2.208,48.29,27.6,89.6,Critical
69.02,89.88,46.83,3.285,42.98,25.0,88.4,Critical
67.35,97.54,39.85,2.313,49.64,18.7,73.8,Warning
110.27,95.08,37.39,3.76,51.24,21.3,82.5,Critical
123.62,93.27,44.21,1.843,54.4,15.7,91.3,Critical
74.5,97.24,43.05,2.129,39.88,18.1,81.3,Critical
115.55,93.67,48.49,2.135,50.02,21.0,100.0,Critical
77.16,92.11,38.4,1.159,54.03,21.7,65.9,Warning
86.89,96.34,46.24,3.085,43.9,18.9,88.5,Critical
125.79,91.47,48.87,1.933,54.37,12.7,100.0,Critical
91.31,94.96,40.98,2.406,41.64,21.6,76.8,Warning
142.75,89.82,50.6,1.721,46.42,23.2,100.0,Critical
95.39,88.78,43.64,3.58,35.64,23.3,87.3,Critical
137.74,89.54,38.25,3.186,34.8,20.4,80.3,Critical
166.63,92.9,38.9,2.247,36.68,20.6,75.0,Warning
91.36,90.41,40.58,1.221,54.51,21.7,75.2,Warning
171.65,90.52,38.16,2.795,41.35,22.2,86.4,Critical
110.34,92.39,46.26,3.066,41.36,20.7,97.0,Critical
94.19,92.71,53.98,1.458,48.45,14.0,98.2,Critical
102.6,86.8,52.92,2.085,41.54,25.2,100.0,Critical
99.91,82.91,41.48,2.261,53.23,19.6,75.9,Warning
145.04,94.6,52.29,3.07,57.18,17.3,99.8,Critical
142.95,93.56,54.08,2.079,32.67,19.8,100.0,Critical
142.65,87.52,40.88,2.97,49.12,21.3,90.1,Critical
77.51,94.75,53.11,1.582,33.64,19.2,86.9,Critical
114.73,94.74,54.95,1.356,37.84,19.4,100.0,Critical
71.26,91.79,50.95,3.665,48.87,20.0,100.0,Critical
135.28,100.0,42.8,1.15,40.34,22.1,81.1,Critical
97.91,98.08,47.17,1.599,47.57,18.6,94.1,Critical
122.58,91.4,42.28,2.828,46.19,22.0,84.1,Critical
97.45,91.48,54.92,1.775,36.11,16.9,99.5,Critical
66.1,87.17,36.36,1.754,49.94,27.0,60.8,Warning
132.13,97.9,52.86,2.042,47.79,24.2,99.4,Critical
134.06,93.99,36.49,0.475,46.23,20.2,67.4,Warning
113.48,96.29,35.84,3.096,42.11,22.0,72.2,Warning
57.21,84.46,53.8,2.341,48.34,17.5,94.1,Critical
128.76,96.11,52.35,1.551,38.24,22.7,100.0,Critical
91.56,90.96,42.23,0.827,39.95,23.5,66.8,Warning
122.91,95.34,54.15,1.108,47.93,21.8,100.0,Critical
97.73,95.08,52.24,0.925,52.18,23.7,99.1,Critical
100.3,92.92,53.04,2.382,43.14,21.0,100.0,Critical
122.44,90.21,46.9,2.39,48.74,20.7,97.8,Critical
89.48,94.6,54.17,2.69,47.23,19.0,100.0,Critical
105.83,89.66,51.19,2.786,48.49,22.7,98.3,Critical
122.74,97.2,53.8,2.703,41.85,18.5,100.0,Critical
164.16,90.11,40.63,3.43,45.1,22.2,90.8,Critical
108.14,93.09,45.64,3.156,45.77,21.9,95.6,Critical
130.99,90.02,52.35,2.967,54.99,25.0,100.0,Critical
80.7,93.63,46.59,2.389,39.37,22.8,85.0,Critical
152.37,88.87,51.02,2.777,37.58,15.7,96.4,Critical
89.8,89.76,54.46,1.872,64.0,19.0,100.0,Critical
106.7,100.0,51.09,2.023,47.85,18.9,100.0,Critical
122.78,96.38,41.31,3.577,49.29,18.8,98.5,Critical
90.5,94.48,37.37,1.754,49.85,23.9,70.7,Warning
137.02,95.06,40.45,1.695,50.63,14.4,80.5,Critical
93.45,94.22,48.26,1.91,51.39,25.3,94.7,Critical
130.77,92.64,35.22,1.761,50.66,24.0,70.5,Warning
136.69,96.03,38.79,1.828,52.76,21.6,82.2,Critical
124.46,89.69,41.54,2.394,47.0,22.0,77.5,Warning
127.71,99.38,52.5,2.42,52.43,21.2,98.6,Critical
173.27,93.48,36.02,2.929,57.35,21.5,85.0,Critical
120.41,96.21,36.0,3.95,47.18,24.4,86.4,Critical
112.75,99.29,46.04,1.905,48.88,20.3,93.4,Critical
118.41,94.96,38.56,2.148,42.52,22.8,75.1,Warning
141.78,89.76,39.84,0.73,45.01,18.4,71.8,Warning
168.23,97.88,38.68,1.166,48.12,22.6,78.1,Warning
105.84,99.78,46.63,2.083,43.66,20.2,96.7,Critical
87.19,85.21,36.11,2.571,46.55,22.3,63.1,Warning
139.06,92.59,53.8,2.593,48.05,18.4,100.0,Critical
75.92,94.17,37.46,2.694,55.12,22.3,76.7,Warning
116.44,91.94,54.03,3.206,40.82,20.9,99.0,Critical
117.62,88.02,50.56,3.565,48.52,25.7,98.9,Critical
107.32,89.47,51.56,2.005,42.38,21.8,98.9,Critical
108.79,85.6,38.46,1.558,50.6,22.5,67.1,Warning
68.69,96.82,48.39,2.724,51.07,19.7,95.0,Critical
88.29,98.49,51.34,2.947,56.06,21.9,96.3,Critical
133.43,98.44,46.16,2.309,43.45,22.4,100.0,Critical
58.97,92.88,46.02,2.057,46.87,19.9,84.6,Critical
107.85,94.09,38.19,1.797,50.82,19.7,71.7,Warning
102.19,97.28,43.28,2.166,49.95,18.6,83.2,Critical
60.19,92.07,38.01,2.752,31.07,20.8,66.2,Warning
152.31,89.2,54.46,1.665,41.88,19.0,99.0,Critical
84.24,90.72,48.7,1.559,49.42,21.9,86.4,Critical
123.72,93.7,35.97,2.68,44.74,18.6,74.3,Warning
98.28,90.15,44.54,1.522,50.87,20.6,78.8,Warning
88.88,94.89,47.76,2.321,52.25,18.2,96.2,Critical
104.1,87.58,36.91,2.279,44.72,24.4,65.0,Warning
101.09,92.03,48.3,2.2,49.6,21.1,92.4,Critical
105.33,94.62,38.55,1.686,54.74,21.0,71.4,Warning
90.33,93.53,43.16,3.587,52.11,22.8,92.0,Critical
84.65,90.06,47.51,2.519,41.38,26.3,83.1,Critical
135.11,95.94,42.3,1.788,44.89,21.2,91.7,Critical
110.17,94.05,42.62,2.465,46.16,16.5,85.1,Critical
108.49,84.64,51.87,3.666,40.39,24.5,94.7,Critical
87.71,94.82,41.19,2.272,52.42,16.9,77.4,Warning
149.36,91.31,48.1,3.427,42.13,19.5,100.0,Critical
107.81,90.9,51.98,1.282,45.39,24.6,100.0,Critical
62.61,89.68,38.05,1.519,52.43,20.0,63.1,Warning
116.9,88.99,35.92,0.488,43.29,19.3,58.3,Watch
90.9,93.83,51.51,3.781,43.98,21.8,96.2,Critical
132.77,95.18,46.02,0.839,48.03,21.0,93.4,Critical
135.96,93.61,51.55,2.339,43.55,18.9,100.0,Critical
133.07,96.8,39.26,3.59,55.2,23.6,94.7,Critical
98.46,95.33,51.65,2.977,40.51,24.7,100.0,Critical
107.18,84.97,36.91,2.501,32.23,25.2,66.5,Warning
116.22,89.33,52.66,3.226,51.06,22.7,98.0,Critical
132.32,97.75,51.45,1.665,43.85,18.9,100.0,Critical
84.06,87.92,46.35,2.614,41.15,17.2,86.2,Critical
112.34,82.06,47.17,2.11,48.3,14.0,85.7,Critical
156.7,100.0,41.92,2.093,48.52,24.1,92.8,Critical
96.62,94.19,39.03,2.352,41.43,21.6,68.5,Warning
109.35,90.27,44.11,3.14,53.12,19.7,89.0,Critical
175.34,89.61,48.15,3.453,51.17,15.2,100.0,Critical
103.97,95.52,54.97,1.986,57.85,17.5,100.0,Critical
71.53,94.91,51.35,1.329,43.25,15.7,92.9,Critical
108.57,94.31,43.69,1.544,46.94,25.3,79.7,Warning
151.82,92.25,49.86,3.758,47.4,22.9,100.0,Critical
136.42,87.88,37.16,3.385,44.04,17.1,82.8,Critical
85.51,92.86,43.3,1.327,48.42,25.9,75.0,Warning
120.38,97.26,43.5,3.529,48.87,18.8,99.6,Critical
105.6,90.83,54.98,1.631,48.87,22.0,95.8,Critical
130.3,95.4,42.82,2.732,44.04,22.1,90.5,Critical
94.62,91.38,36.67,1.63,44.74,20.7,65.6,Warning
122.36,96.2,36.34,3.93,42.6,20.1,83.5,Critical
157.76,89.08,48.97,1.744,41.5,21.1,100.0,Critical
44.69,93.05,40.78,1.36,45.62,20.2,60.0,Warning
124.82,94.83,52.38,1.835,55.1,21.7,99.7,Critical
142.98,90.3,44.66,4.302,58.23,21.9,97.2,Critical
71.09,94.45,41.61,2.408,53.88,19.4,82.8,Critical
91.99,92.88,50.18,1.377,43.22,24.3,91.8,Critical
100.16,92.82,43.35,1.569,48.45,18.5,80.6,Critical
91.73,90.29,49.75,0.802,33.72,22.2,81.5,Critical
89.85,96.99,49.28,2.632,45.07,20.0,97.0,Critical
100.63,89.22,49.46,1.2,43.67,18.4,91.2,Critical
131.29,94.12,52.14,3.085,57.25,20.2,100.0,Critical
147.19,89.6,51.97,2.832,47.56,19.0,100.0,Critical
142.57,92.74,48.29,2.12,46.3,23.0,100.0,Critical
134.85,95.57,54.14,3.189,45.59,20.7,97.8,Critical
155.8,91.84,35.41,2.94,44.25,25.1,83.1,Critical
160.78,80.7,53.61,2.326,49.19,18.1,100.0,Critical
114.15,87.62,37.97,1.585,42.03,14.4,65.1,Warning
145.77,84.37,39.23,2.531,49.3,22.2,80.3,Critical
120.6,93.27,51.35,2.526,54.59,26.2,100.0,Critical
104.59,92.98,43.01,2.593,46.68,22.5,88.9,Critical
108.76,91.6,43.51,2.263,44.11,18.2,88.8,Critical
135.31,90.49,40.22,2.462,45.55,17.9,84.7,Critical
146.64,93.88,39.49,2.442,53.2,27.1,87.7,Critical
124.51,87.21,37.12,3.29,46.84,19.9,78.5,Warning
100.1,96.82,38.94,1.181,42.34,18.0,64.4,Warning
97.76,93.3,46.33,1.399,50.85,24.6,85.7,Critical
63.67,89.22,49.13,2.26,41.74,20.6,85.5,Critical
119.02,91.33,49.78,1.592,44.6,14.9,89.1,Critical
117.32,92.47,42.4,2.369,47.37,27.2,86.3,Critical
83.88,87.48,53.44,1.309,41.16,22.8,89.4,Critical
121.83,95.68,41.57,1.436,35.28,16.5,81.2,Critical
121.41,96.86,37.22,3.848,48.7,25.2,86.0,Critical
72.91,93.47,53.9,2.017,32.85,17.9,93.8,Critical
101.96,96.76,45.81,1.263,40.44,17.7,83.9,Critical
145.23,100.0,54.43,2.108,50.67,18.3,100.0,Critical
94.17,85.49,42.87,3.029,48.52,26.8,84.6,Critical
110.44,93.21,50.15,3.164,45.05,27.1,99.1,Critical
114.01,87.63,37.2,1.031,40.63,19.4,62.2,Warning
109.34,99.24,52.08,1.586,43.41,26.1,100.0,Critical
127.22,93.99,38.41,2.378,49.46,14.1,78.2,Warning
133.38,90.21,36.37,2.173,45.21,23.7,74.0,Warning
141.61,91.96,36.96,0.92,38.59,25.1,65.3,Warning
102.16,98.35,46.15,1.05,40.72,25.5,85.6,Critical
123.1,94.81,40.84,1.346,43.39,21.2,80.6,Critical
131.0,95.32,54.22,0.783,48.2,22.7,100.0,Critical
107.04,98.95,52.05,1.833,46.63,18.8,95.3,Critical
92.02,96.82,51.07,3.156,38.52,21.1,100.0,Critical
113.59,97.5,51.19,1.667,54.08,20.5,97.1,Critical
94.86,92.49,52.81,3.066,41.54,20.3,97.7,Critical
92.39,83.98,52.3,2.224,48.65,24.4,97.8,Critical
115.5,93.41,53.56,2.053,40.32,21.6,97.6,Critical
105.29,90.34,53.69,0.867,60.89,26.1,97.2,Critical
114.39,96.15,40.97,3.136,53.95,21.7,90.8,Critical
71.22,85.92,39.39,2.293,41.35,27.6,64.2,Warning
105.61,96.31,47.86,0.92,46.53,24.7,85.3,Critical
53.49,93.75,37.47,2.505,39.82,20.7,65.3,Warning
83.86,94.42,39.22,1.73,43.86,21.5,71.9,Warning
107.78,95.48,50.46,2.249,48.54,18.5,100.0,Critical
140.33,92.89,47.99,2.392,51.07,21.5,97.8,Critical
123.42,91.67,48.02,3.173,38.57,18.1,100.0,Critical
112.26,97.54,54.01,1.298,41.51,25.0,98.8,Critical
100.58,95.37,48.35,2.658,51.65,20.0,96.8,Critical
103.74,95.76,43.62,3.263,53.94,22.1,93.5,Critical
142.64,92.67,40.61,4.216,41.36,14.2,86.8,Critical
82.34,93.44,41.77,3.04,51.74,20.2,81.1,Critical
91.86,92.95,40.56,2.489,38.59,19.9,71.8,Warning
136.67,86.02,35.7,2.42,44.21,23.8,71.3,Warning
101.4,87.48,40.23,3.442,39.13,22.6,79.7,Warning
158.48,92.51,51.71,1.971,43.57,24.1,95.8,Critical
127.27,85.49,49.56,2.837,57.46,22.3,100.0,Critical
138.87,92.56,47.44,3.955,45.67,24.7,98.5,Critical
69.36,89.42,53.04,2.113,44.31,22.3,91.5,Critical
136.49,92.7,40.28,0.589,42.61,16.9,67.9,Warning
88.77,93.68,46.55,1.511,44.2,20.7,82.1,Critical
127.89,85.57,35.63,2.435,41.15,20.9,68.0,Warning
100.91,94.3,52.84,1.53,46.82,12.0,100.0,Critical
115.57,91.2,43.95,1.922,45.8,18.0,84.8,Critical
82.34,83.71,38.56,1.964,43.26,27.1,63.0,Warning
66.99,91.16,39.79,2.649,42.73,20.2,72.2,Warning
113.76,94.52,51.96,1.443,47.1,20.7,100.0,Critical
102.66,91.38,37.18,1.733,41.62,14.5,60.5,Warning
87.66,91.13,53.5,3.326,44.56,17.0,98.9,Critical
67.95,93.62,42.47,1.814,43.29,22.5,71.6,Warning
43.12,91.08,40.02,2.781,32.76,19.6,64.1,Warning
123.09,91.93,41.64,2.211,51.16,17.7,83.9,Critical
103.62,87.69,43.18,2.182,35.0,24.9,75.2,Warning
94.9,90.93,45.96,2.791,35.39,18.9,90.2,Critical
115.32,100.0,46.74,0.71,51.37,17.1,91.0,Critical
135.36,93.71,43.96,2.555,39.35,21.1,93.2,Critical
116.74,94.08,43.93,2.642,33.54,18.6,86.8,Critical
98.92,90.43,40.71,2.879,54.02,18.6,84.7,Critical
163.31,91.42,42.68,1.9,42.17,20.8,87.2,Critical
94.11,92.09,44.34,2.2,53.29,19.1,88.9,Critical
74.76,96.5,46.95,0.238,40.51,16.0,68.3,Warning
112.5,97.8,37.61,1.664,36.14,22.7,70.1,Warning
103.61,91.18,50.28,2.34,44.07,23.6,99.2,Critical
133.68,92.91,48.61,3.377,38.75,20.2,100.0,Critical
96.84,92.06,40.98,3.677,48.43,22.9,83.9,Critical
105.87,96.05,44.19,1.926,50.06,19.9,86.1,Critical
88.36,94.87,53.94,2.899,51.58,15.3,97.4,Critical
130.19,92.64,35.41,2.082,44.13,23.7,71.4,Warning
113.59,97.04,51.23,0.907,54.28,20.7,100.0,Critical
103.12,95.07,45.23,2.684,40.43,21.5,86.3,Critical
106.25,89.92,47.38,3.665,46.8,20.7,100.0,Critical
109.47,93.03,48.69,1.895,45.17,20.5,93.1,Critical
74.07,92.29,44.12,1.474,57.84,21.4,83.9,Critical
139.07,89.05,38.84,2.254,53.25,21.5,82.3,Critical
137.6,92.1,53.19,2.102,46.19,24.8,99.1,Critical
111.02,97.56,49.8,4.288,47.19,22.3,99.7,Critical
108.35,97.38,46.19,3.005,55.21,24.5,100.0,Critical
85.08,96.65,43.97,2.304,41.49,25.5,83.3,Critical
153.18,96.12,44.99,0.01,33.8,16.2,76.8,Warning
147.14,93.83,51.47,2.085,40.19,24.8,100.0,Critical
119.86,90.59,35.25,3.682,43.51,23.0,78.6,Warning
130.5,95.26,52.31,2.264,54.16,22.5,98.7,Critical
140.76,86.41,35.94,2.857,52.21,24.0,78.4,Warning
135.69,90.31,47.32,2.514,45.74,20.2,98.3,Critical
88.6,97.42,41.66,1.811,48.8,22.8,77.2,Warning
102.22,91.03,48.56,3.553,41.75,17.8,99.7,Critical
121.7,95.56,36.71,2.351,58.53,16.8,80.0,Critical
115.08,91.55,46.12,1.635,53.28,22.6,92.1,Critical
128.83,95.2,52.1,2.217,46.32,20.8,100.0,Critical
126.09,86.84,44.89,3.342,45.56,21.0,96.1,Critical
116.17,98.09,36.69,1.016,50.21,18.6,72.0,Warning
44.91,88.54,35.75,2.416,45.66,22.2,62.4,Warning
139.32,87.55,47.42,2.259,35.07,19.7,94.5,Critical
130.98,97.87,36.39,0.968,55.2,20.9,69.8,Warning
161.73,92.99,36.43,2.813,53.01,19.5,82.1,Critical
98.06,91.78,43.51,2.405,48.23,18.6,79.9,Warning
63.93,99.27,39.19,2.903,43.48,20.4,75.0,Warning
105.49,95.92,39.08,3.11,46.06,24.6,80.7,Critical
121.42,91.2,44.62,2.156,30.14,19.6,82.1,Critical
98.95,92.46,40.62,1.756,39.36,20.6,72.6,Warning
144.29,97.3,39.39,1.06,56.6,20.2,75.3,Warning
93.5,89.15,45.29,1.685,49.1,19.1,81.8,Critical
107.48,98.77,40.82,2.209,34.31,24.7,79.5,Warning
103.85,91.23,36.6,1.429,41.03,16.9,59.6,Watch
179.36,89.51,48.65,2.667,34.45,20.7,100.0,Critical
87.35,97.35,46.71,1.477,41.32,18.5,86.3,Critical
124.59,95.94,39.24,0.79,45.01,22.7,74.8,Warning
79.97,85.89,46.64,1.738,55.61,21.4,84.1,Critical
118.57,92.57,54.11,2.347,50.71,24.5,100.0,Critical
86.14,88.58,54.13,1.192,44.19,23.2,98.6,Critical
137.5,96.19,45.64,1.489,44.48,21.2,96.3,Critical
132.7,99.88,36.96,1.696,41.2,23.2,79.0,Warning
116.79,95.15,44.16,1.801,52.54,23.5,89.2,Critical
75.21,89.96,35.54,2.438,53.26,18.3,63.3,Warning
108.67,96.56,43.3,2.71,37.97,23.3,84.6,Critical
102.4,92.8,53.19,1.82,35.68,21.9,97.2,Critical
130.76,92.7,44.35,1.369,44.09,22.5,87.6,Critical
87.44,91.06,46.01,2.309,44.82,19.8,92.6,Critical
138.88,93.42,38.16,2.614,47.55,18.4,85.9,Critical
134.18,92.72,35.31,3.491,35.95,17.9,76.4,Warning
75.64,83.38,54.87,3.117,41.71,12.0,99.1,Critical
104.51,93.1,41.77,1.193,45.51,18.9,73.6,Warning
108.72,92.45,40.59,2.087,41.33,28.3,79.6,Warning
135.15,94.39,46.43,2.565,51.15,23.5,97.4,Critical
92.83,84.97,49.91,1.52,57.21,22.0,89.1,Critical
115.19,95.05,40.03,1.919,42.77,23.9,78.9,Warning
137.48,93.11,45.48,2.739,51.34,20.2,100.0,Critical
116.28,94.98,41.65,2.4,43.86,19.8,87.0,Critical
63.57,86.48,44.62,2.201,40.42,20.1,77.1,Warning
97.64,88.06,38.23,1.677,41.73,18.8,67.7,Warning
132.61,85.5,45.2,1.044,50.61,19.0,84.2,Critical
129.48,93.59,35.95,1.95,42.15,21.0,69.0,Warning
53.77,91.62,51.8,2.127,43.32,21.2,90.6,Critical
115.02,92.42,47.55,1.025,39.14,25.0,82.1,Critical
133.65,87.43,53.83,2.238,49.8,24.1,98.5,Critical
123.47,88.16,46.99,2.514,48.75,16.5,94.2,Critical
126.34,83.02,38.64,1.646,54.73,20.1,75.3,Warning
161.56,87.62,44.68,2.523,49.58,17.7,92.8,Critical
108.91,90.4,48.29,2.421,48.48,13.2,97.2,Critical
117.62,90.61,42.48,1.956,49.5,21.3,84.2,Critical
86.51,92.73,46.05,1.867,44.46,22.7,85.1,Critical
94.13,96.05,38.25,1.934,46.66,21.2,70.7,Warning
101.7,90.24,50.54,1.515,51.59,22.3,92.6,Critical
131.24,94.96,53.19,2.476,41.08,20.0,100.0,Critical
91.31,96.11,41.3,1.524,56.21,17.9,80.6,Critical
140.87,97.6,50.87,1.575,49.83,19.9,100.0,Critical
82.67,94.96,36.84,2.598,58.13,25.1,73.3,Warning
125.99,93.29,39.93,2.006,38.95,22.1,74.8,Warning
123.8,88.68,44.24,2.249,38.95,16.4,83.9,Critical
116.44,94.09,42.73,0.831,48.23,21.4,79.5,Warning
134.62,91.49,47.39,1.781,46.74,24.8,94.5,Critical
91.44,98.51,46.26,3.545,43.26,23.3,95.9,Critical
98.35,93.37,36.75,0.775,38.38,24.9,55.8,Watch
85.92,92.36,37.63,3.6,44.39,16.5,77.6,Warning
110.23,98.66,36.03,2.409,47.3,21.4,75.3,Warning
107.0,91.07,54.05,1.774,38.15,20.0,100.0,Critical
131.41,92.99,47.91,2.036,43.54,22.8,93.0,Critical
119.67,100.0,52.11,3.184,48.29,18.5,100.0,Critical
127.24,94.06,45.83,0.378,50.73,18.4,88.3,Critical
105.07,97.5,38.88,3.332,44.28,21.0,86.4,Critical
120.14,99.02,47.53,2.413,41.19,18.2,100.0,Critical
155.32,90.79,45.11,3.01,46.69,21.8,100.0,Critical
76.36,96.64,43.16,0.801,44.76,14.9,71.0,Warning
64.02,91.67,42.44,2.018,37.21,24.5,68.1,Warning
125.92,100.0,48.0,0.337,43.3,12.6,87.1,Critical
